customer_id,full_name,pan,age,gender,dependents,monthly_income_inr,employment_type,years_in_current_job,existing_loans,existing_emi_inr,loan_purpose,loan_amount_inr,loan_duration_months,housing_status,pincode,city,state
CUST-2026-D00001,Lajita Iyengar,FSPUU8824F,38,M,2,41203,Salaried,12,1,17656,Personal Loan,1358454,48,Rent,465265,Berhampur,Haryana
CUST-2026-D00002,Gabriel Krishnamurthy,XPZJF9175F,28,M,2,51018,Salaried,3,1,22940,Personal Loan,1019066,60,Family,802375,Bettiah,Sikkim
CUST-2026-D00003,Vrishti Iyengar,INFUB2247L,32,M,0,50263,Salaried,6,1,9880,Car Loan,323773,84,Family,609273,Pudukkottai,Odisha
CUST-2026-D00004,Kashvi Rama,ZKYWI4228L,55,M,2,196071,Salaried,30,1,35733,Home Loan,6465616,180,Own,185906,Saharanpur,Manipur
CUST-2026-D00005,Hamsini Butala,SKLIR6387G,40,M,2,30269,Self-Employed,13,2,13295,Home Loan,2130697,240,Rent,856111,Nandyal,Karnataka
CUST-2026-D00006,Brijesh Luthra,UNYGW4662V,45,M,1,15000,Professional,13,3,4348,Home Loan,6416224,240,Rent,758715,Khandwa,Gujarat
CUST-2026-D00007,Faris Shere,RTWGW3315A,45,F,1,46901,Salaried,11,1,20968,Car Loan,1019989,60,Rent,814959,Medininagar,Manipur
CUST-2026-D00008,Ishita Dayal,UBABH9675G,59,M,2,15000,Self-Employed,17,1,4605,Car Loan,386477,36,Rent,942171,Nanded,Telangana
CUST-2026-D00009,Peter Thakur,MVSEX9569V,38,M,1,15000,Professional,12,1,3715,Personal Loan,485392,36,Own,188377,Vadodara,Bihar
CUST-2026-D00010,Onveer Som,ELSKU1123R,41,F,2,44613,Salaried,1,1,7473,Car Loan,1264504,60,Family,923265,Jodhpur,Maharashtra
CUST-2026-D00011,Luke Mukherjee,JUGPZ1788N,42,F,2,130096,Business,4,1,21682,Education Loan,3381338,84,Own,298299,Eluru,Karnataka
CUST-2026-D00012,Nidra Iyer,WCVWV7330M,47,M,2,23403,Self-Employed,3,2,5438,Personal Loan,1587219,60,Own,276544,Rajpur Sonarpur,Manipur
CUST-2026-D00013,Netra Date,WRUZJ2216Y,30,M,3,101523,Salaried,6,2,16548,Personal Loan,1321880,36,Family,412802,Fatehpur,Arunachal Pradesh
CUST-2026-D00014,Matthew Rege,CAYVD9608F,47,F,2,111748,Self-Employed,1,0,0,Personal Loan,393587,60,Rent,561548,Jalandhar,Bihar
CUST-2026-D00015,Chaman Ghosh,GOFWL2817H,31,M,2,17286,Self-Employed,2,1,7607,Home Loan,9921530,180,Own,829849,Alappuzha,Chhattisgarh
CUST-2026-D00016,Eiravati Tata,EUAAB1022V,34,M,1,65774,Self-Employed,8,1,17783,Car Loan,1701690,84,Own,715295,Bardhaman,Bihar
CUST-2026-D00017,Quincy Bora,GPVJJ3357A,41,M,2,29522,Salaried,9,1,7673,Personal Loan,107079,36,Own,332170,Hyderabad,Odisha
CUST-2026-D00018,Geetika Kalita,XGSVH2923D,33,F,3,26324,Self-Employed,11,1,7419,Personal Loan,838206,60,Own,431718,Silchar,Karnataka
CUST-2026-D00019,Libni Sachdeva,HTXSL9396R,43,M,1,90664,Self-Employed,8,0,0,Personal Loan,1597084,12,Family,220983,Deoghar,Assam
CUST-2026-D00020,Baljiwan Pradhan,WFWRP0726D,55,F,3,53697,Retired,2,1,8833,Personal Loan,1380101,24,Own,560590,Raiganj,Haryana
CUST-2026-D00021,Upkaar Mukhopadhyay,CYHWS7706C,50,F,1,43865,Self-Employed,9,2,18895,Personal Loan,1375002,12,Own,520158,Satara,Gujarat
CUST-2026-D00022,Leela Minhas,ENUFJ5241A,30,F,2,95507,Self-Employed,8,0,0,Car Loan,1487950,48,Rent,933558,Jodhpur,Manipur
CUST-2026-D00023,Aahana Boase,CTSEO6010G,47,M,0,24059,Salaried,6,2,4329,Education Loan,2705835,84,Own,461041,Pondicherry,Uttar Pradesh
CUST-2026-D00024,Joshua Kunda,YXWVQ6796R,40,F,2,31082,Self-Employed,11,0,0,Personal Loan,1509114,60,Own,653050,Ramagundam,Maharashtra
CUST-2026-D00025,Barkha Raghavan,EIYRS2631F,51,F,0,72682,Salaried,1,0,0,Car Loan,1528480,60,Own,769272,Jammu,Madhya Pradesh
CUST-2026-D00026,Rudra Pai,BRXJI2162I,29,F,1,65209,Self-Employed,6,0,0,Business Loan,6401231,24,Rent,245198,Raichur,Tamil Nadu
CUST-2026-D00027,Reyansh Garg,NDHTC9044C,31,M,1,182896,Professional,0,1,62498,Car Loan,1335760,84,Rent,426168,Erode,Telangana
CUST-2026-D00028,Nilima Pai,FNLQA7616F,34,M,0,30659,Homemaker,1,0,0,Car Loan,365417,84,Family,956851,Delhi,Bihar
CUST-2026-D00029,Aarav Vig,THJXR0385G,41,F,3,103107,Self-Employed,7,1,43268,Personal Loan,1643260,48,Rent,819522,Rourkela,Mizoram
CUST-2026-D00030,Samesh Lalla,GXWSA5223M,35,F,2,85625,Self-Employed,7,0,0,Car Loan,427174,60,Own,388019,Bhind,Nagaland
CUST-2026-D00031,Sai Bail,NOPUM5733N,37,M,0,66523,Business,15,1,15789,Car Loan,891704,36,Rent,454455,Aizawl,Assam
CUST-2026-D00032,Dalbir Saha,BBQJS2301R,59,M,0,106627,Homemaker,22,1,47249,Car Loan,638568,48,Family,559480,Uluberia,Nagaland
CUST-2026-D00033,Rishi Chaudhry,MLNPH4400V,43,F,1,84282,Professional,15,1,35288,Education Loan,4255736,180,Rent,237198,Silchar,Uttar Pradesh
CUST-2026-D00034,Alka Sharma,YYZAD7127A,37,M,1,118278,Salaried,6,0,0,Education Loan,4795285,180,Rent,173093,Warangal,Chhattisgarh
CUST-2026-D00035,Lopa Sahota,VJXGA4198G,57,M,0,25628,Salaried,16,2,5350,Personal Loan,1048807,36,Rent,529362,Karimnagar,Himachal Pradesh
CUST-2026-D00036,Anusha Sheth,AANCC9979W,54,F,3,110723,Business,15,0,0,Car Loan,2313678,84,Family,848970,Udaipur,Uttarakhand
CUST-2026-D00037,Vamakshi Gara,CMURC3322E,22,F,1,83292,Homemaker,1,1,32253,Education Loan,2789696,60,Rent,952008,Katihar,Haryana
CUST-2026-D00038,Alexander Contractor,EHJDD6529B,42,M,3,24387,Salaried,8,1,10156,Car Loan,396046,36,Own,562561,Kumbakonam,Assam
CUST-2026-D00039,Aayush Walia,FLNHZ8427Q,56,M,3,20491,Self-Employed,10,1,6020,Home Loan,11835396,180,Own,339271,Ahmedabad,Odisha
CUST-2026-D00040,Odika Lal,BEGDB0828L,52,F,3,27087,Business,5,0,0,Car Loan,2134452,36,Rent,292582,Bhavnagar,Odisha
CUST-2026-D00041,Mekhala Bansal,BFFNI6618N,39,M,1,55493,Self-Employed,2,1,18513,Personal Loan,694369,60,Rent,239814,Tiruvottiyur,Mizoram
CUST-2026-D00042,Brinda Dutt,CGVTN6466X,26,F,3,91964,Salaried,5,1,16330,Personal Loan,1844679,36,Rent,376139,Howrah,Tamil Nadu
CUST-2026-D00043,Victor Gulati,WBXBP8554V,41,M,2,104572,Self-Employed,15,2,41666,Personal Loan,1870290,12,Own,127199,Shivpuri,Goa
CUST-2026-D00044,Anya Patla,QMOME3262T,35,M,2,185524,Salaried,3,2,76763,Car Loan,856529,48,Rent,216557,Karaikudi,Gujarat
CUST-2026-D00045,Irya Warrior,NHWAY7620M,47,F,2,32091,Salaried,5,0,0,Personal Loan,1625924,12,Rent,997042,Raipur,Telangana
CUST-2026-D00046,Laksh Doctor,UWTZP4852K,42,M,2,88751,Salaried,13,0,0,Personal Loan,1977882,48,Own,820335,Patna,Tripura
CUST-2026-D00047,Ojas Pandya,FVMGW0203R,25,M,3,164079,Professional,1,2,61718,Personal Loan,143097,36,Rent,763838,Srikakulam,Punjab
CUST-2026-D00048,Harini Bera,BGHFO7586X,31,F,3,89834,Salaried,5,2,18201,Car Loan,2416565,36,Own,252428,Junagadh,Gujarat
CUST-2026-D00049,Praneel Choudhry,NNLWN6948N,47,M,1,49792,Self-Employed,11,0,0,Personal Loan,498358,48,Rent,306657,Mehsana,Rajasthan
CUST-2026-D00050,Vihaan Puri,POMTK4870K,33,M,2,51230,Salaried,6,1,22543,Personal Loan,798956,12,Rent,314416,Noida,Odisha
CUST-2026-D00051,Faris Edwin,VZNNX3848X,35,M,1,40581,Business,14,2,18223,Car Loan,417079,36,Own,305174,Raiganj,Kerala
CUST-2026-D00052,Dhriti Bath,FWMDE7341W,31,F,4,51340,Self-Employed,9,1,17202,Personal Loan,881280,12,Rent,882240,Jaipur,Jharkhand
CUST-2026-D00053,Kevin Apte,HMFLW3599Z,63,M,0,63324,Business,8,2,13967,Personal Loan,94581,36,Own,497971,Miryalaguda,Jharkhand
CUST-2026-D00054,Jatin Tailor,WTBPE9785M,34,M,1,55124,Self-Employed,12,2,20692,Personal Loan,1821225,36,Own,831133,Srinagar,Arunachal Pradesh
CUST-2026-D00055,Nihal Nadig,FTVJC9280S,56,F,0,34615,Self-Employed,13,1,10127,Personal Loan,1944633,48,Rent,835604,Khammam,Uttar Pradesh
CUST-2026-D00056,Krisha Madan,EMIVL1903H,32,F,3,68635,Salaried,8,1,17404,Business Loan,6936828,60,Rent,869976,Motihari,Chhattisgarh
CUST-2026-D00057,Bhavya Ratta,IYLSF2475V,29,M,2,73343,Salaried,3,2,16638,Car Loan,493766,36,Own,978087,Anand,Tamil Nadu
CUST-2026-D00058,Owen Viswanathan,SGLPD4437I,29,M,0,16588,Self-Employed,6,0,0,Personal Loan,233815,60,Rent,936347,Meerut,Gujarat
CUST-2026-D00059,Abha Gade,LHWJG2224S,43,M,2,101823,Self-Employed,18,2,33597,Personal Loan,1441828,36,Own,580499,Raebareli,Andhra Pradesh
CUST-2026-D00060,Saksham Deep,INPGG9530O,52,M,1,69355,Salaried,15,1,30289,Car Loan,749220,36,Own,323811,Dewas,Arunachal Pradesh
CUST-2026-D00061,Qadim Sani,ICFJH9863M,41,M,0,108524,Salaried,11,0,0,Car Loan,408159,60,Own,668006,Delhi,Rajasthan
CUST-2026-D00062,Yahvi Randhawa,JLTXE4116E,29,F,2,95068,Business,6,1,16414,Personal Loan,1057937,48,Rent,418904,Srinagar,Goa
CUST-2026-D00063,Harita Saran,VPRDQ4148V,32,F,2,19161,Self-Employed,0,3,7622,Home Loan,8636219,300,Own,617844,Morena,Punjab
CUST-2026-D00064,Kala Thakkar,RTWDG0363T,21,F,0,25762,Salaried,0,0,0,Personal Loan,524229,36,Rent,117677,Muzaffarpur,Telangana
CUST-2026-D00065,Sathvik Chaudhry,WAHOK0968W,39,M,2,27789,Business,2,2,11698,Personal Loan,1619588,36,Own,665663,Pudukkottai,Gujarat
CUST-2026-D00066,Krish Soman,SYRFH7505N,43,M,4,32979,Salaried,11,0,0,Home Loan,12520379,300,Rent,450192,Malegaon,Uttarakhand
CUST-2026-D00067,Oliver Varty,JVCFV2369N,25,M,2,51227,Salaried,3,1,16170,Personal Loan,250667,24,Own,947137,Noida,Haryana
CUST-2026-D00068,Oviya Rana,KLBQE0994H,41,F,1,94192,Salaried,16,0,0,Car Loan,1165305,60,Rent,492818,New Delhi,Himachal Pradesh
CUST-2026-D00069,Gaurika Tandon,OSUKT0851H,40,M,2,27008,Business,8,0,0,Car Loan,1400477,36,Rent,672300,Jalandhar,Uttar Pradesh
CUST-2026-D00070,Balvan Sarkar,ISKGK1800X,50,M,3,34121,Self-Employed,2,2,10502,Car Loan,2174891,84,Rent,257727,Satna,Gujarat
CUST-2026-D00071,Brinda Goyal,AGPRE6453U,36,F,2,96024,Professional,1,0,0,Car Loan,1316867,48,Rent,413085,Rohtak,Andhra Pradesh
CUST-2026-D00072,Rohan Patla,AZKKH8304G,48,M,3,32215,Self-Employed,23,3,14442,Marriage Loan,1466439,36,Own,457547,Kozhikode,Kerala
CUST-2026-D00073,Lucky Mody,VNJMS1973H,24,F,4,76089,Salaried,1,1,27195,Home Loan,8801798,300,Rent,947526,Davanagere,Manipur
CUST-2026-D00074,Avi Pant,PUFOW6903F,36,F,1,28226,Salaried,8,3,8504,Personal Loan,989611,60,Own,166464,Ajmer,Punjab
CUST-2026-D00075,Ladli Badami,RUPGV9087Z,40,M,2,63578,Professional,10,2,15058,Business Loan,4146640,36,Family,264137,Ratlam,Madhya Pradesh
CUST-2026-D00076,Mitesh Borah,ZWMRA8185Y,28,M,2,35826,Salaried,0,0,0,Car Loan,1039712,84,Rent,472069,Bhopal,Goa
CUST-2026-D00077,Tristan Oza,RPXEB1635U,38,M,0,61656,Self-Employed,5,2,21522,Personal Loan,819522,36,Rent,215581,Madurai,Rajasthan
CUST-2026-D00078,Radha Comar,RGFWG6444O,44,F,3,56492,Self-Employed,15,2,22136,Marriage Loan,1246316,36,Own,242489,Jodhpur,Tamil Nadu
CUST-2026-D00079,Widisha Sampath,FDVYN5664D,39,F,2,93625,Salaried,12,2,22454,Business Loan,6490690,24,Rent,694281,Karaikudi,Rajasthan
CUST-2026-D00080,Eta Pai,HPTIG3062E,39,M,2,249900,Business,14,1,101231,Home Loan,10984805,180,Rent,716107,Darbhanga,Mizoram
CUST-2026-D00081,Devansh Bandi,IDLFH1255F,52,F,4,51041,Self-Employed,19,0,0,Personal Loan,1712024,48,Family,632722,Shimoga,Karnataka
CUST-2026-D00082,Anika Mohanty,NWSNU5434D,49,M,0,52680,Self-Employed,2,1,10331,Personal Loan,1649031,36,Own,899825,Rajpur Sonarpur,Manipur
CUST-2026-D00083,Anay Lala,XAGCT9673D,41,M,1,72684,Professional,15,3,16524,Car Loan,2324810,84,Family,591363,Yamunanagar,Bihar
CUST-2026-D00084,Barkha Talwar,IZQQD1757C,38,F,4,19221,Salaried,9,2,5560,Home Loan,10858832,240,Family,621714,Purnia,Uttar Pradesh
CUST-2026-D00085,Yashodhara Keer,MFTOB0018N,44,M,2,38258,Self-Employed,9,1,9698,Personal Loan,916407,12,Family,578155,Baranagar,Madhya Pradesh
CUST-2026-D00086,Ekansh Mammen,KGPLW0924C,44,M,0,25489,Business,17,0,0,Business Loan,5638239,36,Rent,766373,Unnao,Karnataka
CUST-2026-D00087,Anmol Batta,TDAVV0633W,42,M,1,33801,Salaried,18,0,0,Personal Loan,1049364,12,Rent,410745,Bikaner,West Bengal
CUST-2026-D00088,Rehaan Sampath,MURQW0056L,37,M,2,77839,Self-Employed,0,1,32281,Personal Loan,661172,48,Own,981449,Jaipur,Bihar
CUST-2026-D00089,Tejas Jani,OUYBS8240Z,33,F,2,225389,Business,6,0,0,Personal Loan,337815,48,Rent,344342,Ahmedabad,Maharashtra
CUST-2026-D00090,Qadim Deshmukh,LABJY0406F,50,M,1,77078,Salaried,5,0,0,Business Loan,9876085,12,Own,131653,Belgaum,Tamil Nadu
CUST-2026-D00091,Henry Mukherjee,EMSRB0219S,29,M,4,90287,Salaried,7,3,27169,Car Loan,1144488,84,Own,180800,Gurgaon,Madhya Pradesh
CUST-2026-D00092,Faras Luthra,SRLRX0762O,34,F,2,32542,Professional,4,0,0,Marriage Loan,593879,48,Rent,715169,Chandrapur,West Bengal
CUST-2026-D00093,Anusha Dasgupta,HPETB9677N,59,M,1,84122,Business,24,1,37635,Personal Loan,975374,24,Rent,451205,Mahbubnagar,Uttarakhand
CUST-2026-D00094,Zashil Solanki,BVTFQ5124G,45,F,3,53476,Salaried,24,0,0,Education Loan,4179981,84,Own,170245,Warangal,Jharkhand
CUST-2026-D00095,Teerth Thaker,WSCCH8083V,43,M,1,72859,Professional,16,1,11380,Business Loan,9506661,12,Family,134442,Sultan Pur Majra,Himachal Pradesh
CUST-2026-D00096,Qarin Sharaf,BWSAU5910L,37,F,1,93029,Business,0,1,31209,Car Loan,1868324,36,Rent,793761,Jalgaon,Gujarat
CUST-2026-D00097,Yashvi Dave,DUYSQ6521I,40,F,3,22621,Business,7,2,9926,Business Loan,5894953,24,Rent,289043,Srikakulam,Kerala
CUST-2026-D00098,Utkarsh Saran,TYLCZ5047V,40,M,4,94033,Self-Employed,18,1,29801,Business Loan,6012098,12,Rent,425311,Chapra,Andhra Pradesh
CUST-2026-D00099,Mugdha Butala,QIGUU3294M,26,M,3,15000,Salaried,1,1,5032,Personal Loan,1169275,36,Rent,459279,Bhusawal,Assam
CUST-2026-D00100,Tanvi Chhabra,PHRDD2754Y,44,M,3,42779,Salaried,12,1,11602,Car Loan,1524615,60,Rent,505130,Kolkata,Gujarat
CUST-2026-D00101,Wyatt Misra,XFVTO6958A,39,F,0,151978,Salaried,0,1,49493,Home Loan,11576299,120,Rent,705354,Raipur,Chhattisgarh
CUST-2026-D00102,Dayita Ghose,BRQLZ9532I,47,M,3,372604,Self-Employed,19,0,0,Personal Loan,242280,60,Family,223255,Hubli–Dharwad,Punjab
CUST-2026-D00103,Ekiya Bakshi,VMDKU1556P,46,F,3,87745,Self-Employed,5,2,26547,Personal Loan,889927,60,Own,413233,Bihar Sharif,Madhya Pradesh
CUST-2026-D00104,Yamini Basak,IRRQH1119K,42,M,2,15053,Salaried,17,0,0,Personal Loan,552865,60,Rent,715135,Chandrapur,Meghalaya
CUST-2026-D00105,Tejas Pall,HCQGY6949J,31,M,0,61773,Salaried,5,1,13716,Personal Loan,1464315,60,Own,119162,Varanasi,Tamil Nadu
CUST-2026-D00106,Vincent Joshi,ZVHIC8116U,40,M,1,39858,Salaried,5,2,17314,Education Loan,4964493,60,Family,636872,Fatehpur,Goa
CUST-2026-D00107,Patrick Vasa,OSKVS7063S,37,M,3,58272,Self-Employed,6,1,14310,Personal Loan,839338,48,Own,171231,Jaipur,Andhra Pradesh
CUST-2026-D00108,Michael Dave,NIUYT7949K,38,M,2,47533,Salaried,13,2,20438,Education Loan,292093,120,Rent,269317,Ranchi,Assam
CUST-2026-D00109,Brinda Patil,RBSFO5893L,44,F,0,68237,Professional,14,0,0,Personal Loan,1242560,36,Rent,334906,Begusarai,Karnataka
CUST-2026-D00110,Chakrika Bali,EMZBW7248R,36,F,2,19684,Homemaker,12,0,0,Personal Loan,1824458,12,Rent,141650,Bhusawal,Gujarat
CUST-2026-D00111,Banjeet Gill,AYWLW4653B,33,M,0,37614,Self-Employed,12,2,13101,Education Loan,2356273,180,Rent,453885,Fatehpur,Madhya Pradesh
CUST-2026-D00112,Ladli Pradhan,ZDLSP1649U,42,M,0,50372,Professional,18,0,0,Home Loan,6511924,180,Family,231222,Rampur,Bihar
CUST-2026-D00113,Indira Desai,CBVFI0695A,27,M,0,88272,Salaried,0,0,0,Personal Loan,1005926,12,Rent,539724,Firozabad,Sikkim
CUST-2026-D00114,Aayush Pillai,HMBLP1166R,27,M,3,56416,Salaried,4,2,12111,Car Loan,1439399,84,Rent,974242,Satara,Odisha
CUST-2026-D00115,Jeet Mann,NMESY1786E,42,M,2,79044,Business,20,1,33864,Personal Loan,1352598,12,Rent,734725,Vellore,Chhattisgarh
CUST-2026-D00116,Kai Mani,IDUFZ7199J,47,M,2,123736,Self-Employed,6,1,55387,Education Loan,4907899,84,Family,757421,Motihari,Mizoram
CUST-2026-D00117,Lucky Koshy,CKIIS3341D,39,F,3,278295,Salaried,14,3,53949,Personal Loan,110531,24,Own,932344,Loni,Nagaland
CUST-2026-D00118,Alka Mitter,PJSQP2822H,32,F,2,41692,Salaried,4,2,14764,Business Loan,5807665,36,Rent,607763,Yamunanagar,Assam
CUST-2026-D00119,Ayushman Swamy,NIBKQ3991V,52,F,1,41555,Salaried,6,0,0,Personal Loan,1796598,12,Rent,875951,Morena,Rajasthan
CUST-2026-D00120,Xalak Mitra,LTFYL4401V,24,M,2,77137,Business,3,1,28467,Education Loan,3639226,120,Own,665976,Guna,Arunachal Pradesh
CUST-2026-D00121,Sudiksha Boase,XOYMW8151Z,42,F,1,41644,Salaried,7,0,0,Education Loan,3777258,84,Rent,857799,Kishanganj,Chhattisgarh
CUST-2026-D00122,Banjeet Bhattacharyya,POIUS3250E,35,F,3,34520,Self-Employed,13,0,0,Personal Loan,80355,24,Rent,665281,Thrissur,Telangana
CUST-2026-D00123,Shravya Jain,FHUNJ2778K,62,M,0,136258,Self-Employed,30,1,35148,Personal Loan,1443183,24,Family,980016,Mehsana,Rajasthan
CUST-2026-D00124,Tarak Basu,JWFPC9961O,33,F,2,39769,Self-Employed,12,1,9976,Business Loan,8688062,60,Rent,614099,Bhatpara,Rajasthan
CUST-2026-D00125,Qarin Dass,AFQJH6448V,49,M,2,90862,Business,17,0,0,Personal Loan,174544,60,Rent,292185,Tumkur,Uttarakhand
CUST-2026-D00126,Bachittar Mitra,RWPDN2783E,58,M,1,139212,Salaried,21,1,58977,Car Loan,1453609,60,Family,844230,Patna,Sikkim
CUST-2026-D00127,Maya Prabhu,EQUPE1423X,37,M,0,15000,Business,10,0,0,Car Loan,1218773,60,Own,186272,Bhavnagar,Jharkhand
CUST-2026-D00128,Mason Balay,DCBSF8363C,37,M,0,82285,Salaried,1,0,0,Car Loan,638553,84,Rent,418854,Ramgarh,Uttarakhand
CUST-2026-D00129,Sai Sachdeva,NKFSH4038J,36,M,1,47962,Salaried,6,1,9268,Home Loan,11226129,240,Own,152333,Belgaum,Mizoram
CUST-2026-D00130,Varenya Buch,TOVZP3006Z,57,F,2,72064,Self-Employed,9,0,0,Education Loan,4994568,60,Family,800987,Haridwar,Telangana
CUST-2026-D00131,Chavvi Srinivas,TSBVY1267O,39,F,3,146405,Business,2,0,0,Personal Loan,1457372,60,Rent,362132,Proddatur,Goa
CUST-2026-D00132,Zashil Kata,CHEAL0953H,28,F,1,41338,Self-Employed,5,1,10911,Personal Loan,1171571,48,Rent,398928,Surat,Goa
CUST-2026-D00133,Chandani Kumer,VRDYQ1868O,39,M,0,26232,Business,7,2,4618,Car Loan,336261,48,Family,729978,Singrauli,Kerala
CUST-2026-D00134,Neel Lanka,OHRHM3647O,40,F,2,102650,Professional,7,0,0,Car Loan,605777,48,Family,301857,Dehradun,Andhra Pradesh
CUST-2026-D00135,Ubika Shetty,CQQDQ4198Y,43,F,2,110562,Professional,13,2,31384,Business Loan,5147410,36,Own,301386,Ongole,Rajasthan
CUST-2026-D00136,Peter Narang,GPGXK7289C,63,F,1,45316,Self-Employed,15,1,10964,Personal Loan,808684,36,Own,545327,Tadepalligudem,Arunachal Pradesh
CUST-2026-D00137,Mitesh Sibal,RAMTS0613K,39,M,1,29685,Self-Employed,11,3,7017,Car Loan,1316040,36,Family,495361,Orai,Bihar
CUST-2026-D00138,Ganga Sampath,EXXNH5233V,41,F,0,45364,Self-Employed,10,1,12151,Personal Loan,361514,48,Family,798354,Ozhukarai,Gujarat
CUST-2026-D00139,Gaurav Kapur,CRRCU7701A,34,M,3,56100,Salaried,9,1,17646,Personal Loan,389044,12,Rent,263539,Kharagpur,Goa
CUST-2026-D00140,Nikita Karpe,EHGLZ5441V,34,M,0,133863,Self-Employed,1,0,0,Personal Loan,824170,12,Rent,889913,Jodhpur,Goa
CUST-2026-D00141,Daksh Chadha,UKEZP0232X,45,F,4,22915,Self-Employed,10,0,0,Personal Loan,1702790,48,Rent,832746,Nadiad,Gujarat
CUST-2026-D00142,Raksha Nori,IDDOR2275G,58,M,1,64675,Salaried,7,1,15315,Personal Loan,1741422,60,Rent,588435,South Dumdum,Rajasthan
CUST-2026-D00143,Radha Nagar,CJSCG6724F,38,F,0,38819,Retired,6,3,17458,Personal Loan,1401948,24,Rent,639398,Gulbarga,Punjab
CUST-2026-D00144,Vasana Prasad,YAWGU0547N,51,M,5,55739,Salaried,19,3,17628,Personal Loan,318870,24,Family,582656,Karawal Nagar,Manipur
CUST-2026-D00145,Qadim Sha,IOAEY8361W,60,F,2,136017,Professional,3,0,0,Car Loan,1106418,36,Own,936367,Kavali,Punjab
CUST-2026-D00146,Sanya Shetty,DQKGJ3030F,45,F,1,64035,Business,9,0,0,Marriage Loan,138821,12,Rent,766557,Karawal Nagar,Arunachal Pradesh
CUST-2026-D00147,Reyansh Dara,VNIQZ5865J,38,M,0,36507,Salaried,4,3,10996,Business Loan,9867626,36,Rent,337515,Unnao,Andhra Pradesh
CUST-2026-D00148,Rajata Murthy,SHSHH9313X,39,F,1,42175,Business,0,1,15392,Car Loan,2234536,36,Own,463020,Thiruvananthapuram,Chhattisgarh
CUST-2026-D00149,Pushti Zachariah,RQLRP9162S,49,M,1,32495,Salaried,20,0,0,Personal Loan,888196,48,Own,166505,Gorakhpur,Chhattisgarh
CUST-2026-D00150,Krish Kannan,UPYTY9424C,33,F,2,40024,Professional,7,0,0,Personal Loan,1533685,36,Rent,803338,Jaipur,Kerala
CUST-2026-D00151,Caleb Iyer,KEYTY9716L,41,F,4,98721,Salaried,19,1,20557,Home Loan,7971926,120,Rent,874277,Nellore,Haryana
CUST-2026-D00152,Tanay Varughese,TAJUS5382L,51,M,2,105076,Self-Employed,27,2,29428,Marriage Loan,636390,12,Rent,945438,Udaipur,Manipur
CUST-2026-D00153,Vamakshi Pandey,YHZRF0378K,30,F,0,108955,Self-Employed,1,1,47576,Personal Loan,113929,36,Rent,950589,Sri Ganganagar,Karnataka
CUST-2026-D00154,Brinda Badal,TDIMP1235O,38,M,2,28531,Salaried,6,0,0,Business Loan,7007380,24,Rent,166500,Vasai-Virar,Goa
CUST-2026-D00155,Tanay Ratta,UYFVS9748B,56,M,1,81401,Salaried,1,2,21269,Education Loan,3438253,120,Rent,464395,Arrah,Karnataka
CUST-2026-D00156,Urishilla Natt,ILHID4985G,45,M,0,38333,Professional,18,0,0,Home Loan,4280994,120,Rent,582310,Nangloi Jat,Rajasthan
CUST-2026-D00157,Akshay Singh,ECYTD7968J,46,F,2,171300,Self-Employed,18,2,28025,Car Loan,2036004,84,Rent,298850,Rohtak,Nagaland
CUST-2026-D00158,Garima Chokshi,CUIYM1430I,32,F,0,73197,Salaried,4,0,0,Business Loan,9242047,12,Own,756093,Khandwa,Tamil Nadu
CUST-2026-D00159,Aarush Gill,YGFCE4997D,26,F,0,35529,Salaried,2,3,14141,Home Loan,1766354,120,Rent,583488,Secunderabad,Kerala
CUST-2026-D00160,Anamika Nagarajan,EUAGO9938R,41,M,2,94601,Self-Employed,6,2,39409,Car Loan,385517,36,Family,247227,Pali,Goa
CUST-2026-D00161,Dayamai Yohannan,PPNVS5345O,40,M,3,195645,Salaried,1,0,0,Personal Loan,1919010,60,Family,462033,Chandigarh,Sikkim
CUST-2026-D00162,Ekbal Bumb,RNFRA8232Y,44,F,1,101719,Professional,10,0,0,Business Loan,4040959,36,Rent,669502,Gorakhpur,Kerala
CUST-2026-D00163,Ekani Kant,NHIER7391X,29,M,2,15000,Professional,8,0,0,Personal Loan,1237137,24,Rent,300503,Meerut,Uttarakhand
CUST-2026-D00164,Zayan Ranganathan,CAEFD3653R,29,F,1,110868,Self-Employed,1,1,20448,Car Loan,1275960,84,Rent,229003,Chennai,West Bengal
CUST-2026-D00165,Dipta Halder,ZESMK4876M,36,F,2,53847,Retired,7,1,23545,Personal Loan,1371570,60,Own,333679,Agartala,Meghalaya
CUST-2026-D00166,Omkaar Bajaj,ARFKU4331W,39,M,1,75808,Self-Employed,2,0,0,Car Loan,1122313,60,Family,605864,Bhatpara,Arunachal Pradesh
CUST-2026-D00167,Irya Singh,XUINY1476O,37,F,1,254496,Professional,10,1,75956,Personal Loan,1346446,60,Rent,661726,Allahabad,Chhattisgarh
CUST-2026-D00168,Irya Lad,INGBO6277G,55,M,1,52542,Homemaker,11,0,0,Car Loan,1663408,84,Own,951630,Satna,Haryana
CUST-2026-D00169,Yuvraj Kulkarni,BIASJ8386D,52,F,2,21293,Self-Employed,29,1,5130,Personal Loan,1670932,36,Rent,245702,Gorakhpur,Uttarakhand
CUST-2026-D00170,Patrick Agarwal,VQSMM3192V,42,F,0,127696,Self-Employed,20,0,0,Car Loan,1445625,48,Rent,696121,Ratlam,Meghalaya
CUST-2026-D00171,Jagvi Dey,SCTEL3362V,39,M,1,66794,Salaried,3,1,11824,Car Loan,1569090,36,Own,929440,Kakinada,Maharashtra
CUST-2026-D00172,Avni Saha,GGCBS7015P,46,M,2,40448,Professional,17,0,0,Business Loan,4415679,36,Rent,912412,Amroha,Haryana
CUST-2026-D00173,Zilmil Barad,IVIWD7218Z,34,F,1,60822,Self-Employed,2,3,23128,Personal Loan,474610,24,Own,566793,Mau,Manipur
CUST-2026-D00174,Harish Barad,BXRMP5610Z,35,M,3,197876,Business,0,0,0,Personal Loan,1377733,60,Rent,744263,Patna,Gujarat
CUST-2026-D00175,Rajeshri Aurora,PTRJS1161F,37,F,0,60690,Self-Employed,4,1,13692,Personal Loan,1528701,24,Family,958031,Chandigarh,Goa
CUST-2026-D00176,Yuvraj Chahal,NJAKC3171T,43,M,1,100987,Self-Employed,8,2,41155,Car Loan,741805,60,Own,367475,Aurangabad,Assam
CUST-2026-D00177,Anirudh Luthra,NMTHL6272D,47,M,5,16010,Salaried,15,1,5382,Personal Loan,680197,36,Rent,393019,Dindigul,Goa
CUST-2026-D00178,Lekha Batta,JEWKA2896U,36,M,3,48007,Salaried,3,1,15765,Home Loan,5605481,300,Family,164591,Bokaro,Meghalaya
CUST-2026-D00179,Yauvani Sheth,LMZXN8907A,37,M,1,15000,Homemaker,0,1,4250,Car Loan,2066514,48,Rent,657329,Solapur,Kerala
CUST-2026-D00180,Deepa Mohanty,IQXGZ4750K,37,F,1,18816,Self-Employed,10,2,4374,Business Loan,829339,12,Rent,774695,Thrissur,Sikkim
CUST-2026-D00181,Chaitanya Varma,DUWPD8582E,62,M,2,33656,Self-Employed,18,2,11640,Education Loan,2924641,180,Rent,811052,Noida,Punjab
CUST-2026-D00182,Indrajit Madan,PWQGD4962J,26,F,2,52609,Professional,5,0,0,Personal Loan,601584,60,Own,380415,Rajpur Sonarpur,Bihar
CUST-2026-D00183,Nihal Srivastava,ZHSZH3506B,34,M,4,25144,Professional,8,2,6099,Home Loan,12465320,180,Own,973468,South Dumdum,Gujarat
CUST-2026-D00184,Onveer Sandhu,IPERB3850D,47,F,2,16957,Self-Employed,19,1,4819,Car Loan,784292,36,Rent,942340,Giridih,West Bengal
CUST-2026-D00185,Faris Khurana,ZFOWT6502C,43,M,1,75887,Homemaker,15,0,0,Personal Loan,390314,12,Rent,742680,Hazaribagh,Tripura
CUST-2026-D00186,Ridhi Setty,JBKDK2403F,41,F,1,148770,Self-Employed,15,2,60618,Business Loan,3142591,24,Own,993251,Gangtok,Himachal Pradesh
CUST-2026-D00187,Kalpit Shetty,UGRYY3109B,28,M,1,34690,Self-Employed,3,0,0,Personal Loan,1892085,36,Rent,815678,Morena,Tripura
CUST-2026-D00188,Yauvani Chopra,SGZFU9924D,35,F,1,38531,Self-Employed,7,2,10786,Car Loan,311858,60,Own,499637,Jabalpur,West Bengal
CUST-2026-D00189,Onveer Keer,FAXRF5694N,51,F,2,59036,Self-Employed,19,0,0,Car Loan,1404262,60,Rent,469822,Loni,Odisha
CUST-2026-D00190,Bishakha Babu,KTSWG7025S,44,F,0,41433,Self-Employed,10,1,16528,Personal Loan,1300115,60,Family,694826,Kharagpur,Goa
CUST-2026-D00191,Charles Bora,PZUSL4500M,51,F,5,38775,Self-Employed,16,3,9805,Car Loan,2044605,36,Rent,820725,Danapur,Telangana
CUST-2026-D00192,Jalsa Deo,LMFJW5634O,60,M,1,59785,Salaried,0,0,0,Home Loan,9162983,240,Own,328945,Ongole,Kerala
CUST-2026-D00193,Om Oza,AEVEL3246P,31,F,0,15000,Self-Employed,0,1,2574,Car Loan,942088,48,Family,595665,Latur,Gujarat
CUST-2026-D00194,Arunima Kapadia,RCOCJ1819T,40,F,3,80641,Self-Employed,3,0,0,Car Loan,2384592,48,Rent,739188,Karawal Nagar,Tamil Nadu
CUST-2026-D00195,Vamakshi Mall,UHUSS0202K,29,M,3,55566,Self-Employed,6,3,20160,Personal Loan,1010637,12,Own,582663,Jaunpur,West Bengal
CUST-2026-D00196,Tanveer Modi,ZRGIN1453N,42,F,1,127476,Self-Employed,11,0,0,Car Loan,856946,48,Own,906759,Nagaon,Manipur
CUST-2026-D00197,Andrew Patla,ERBYN9245R,41,F,1,107518,Salaried,16,2,25223,Personal Loan,853609,24,Own,601595,Burhanpur,Tripura
CUST-2026-D00198,Anita Chana,KJGHC7267L,44,F,3,211250,Salaried,22,0,0,Home Loan,2618737,240,Rent,988885,Pali,Tripura
CUST-2026-D00199,Kamya Hayer,ARGTE6158Z,59,F,2,52691,Self-Employed,15,0,0,Personal Loan,715737,24,Own,605137,Nagpur,Uttar Pradesh
CUST-2026-D00200,Vasatika Cheema,CHFRA2658Y,47,M,0,100433,Self-Employed,2,1,18761,Personal Loan,517684,12,Own,708360,Farrukhabad,Sikkim
CUST-2026-D00201,Zinal Sur,LXIWC9650I,31,M,4,277619,Self-Employed,5,2,80434,Personal Loan,443379,12,Rent,697245,Pudukkottai,Assam
CUST-2026-D00202,Jyoti Konda,SSGRY8622C,44,M,2,42046,Homemaker,19,1,15302,Education Loan,1760501,120,Rent,465068,North Dumdum,Bihar
CUST-2026-D00203,Jagdish Edwin,FKKPK4429S,50,F,1,35636,Salaried,1,3,6292,Personal Loan,1415152,48,Family,997437,Anantapuram,Odisha
CUST-2026-D00204,Veer Sood,OKTRG9539J,55,M,1,103634,Self-Employed,12,0,0,Car Loan,681046,36,Rent,764164,Tirupati,Gujarat
CUST-2026-D00205,Turvi Kumer,LYOIG6424M,49,F,0,71425,Business,25,0,0,Home Loan,3837824,120,Family,492583,Belgaum,Gujarat
CUST-2026-D00206,Fiyaz Raj,PHJSP0821A,32,M,0,102538,Business,1,1,44800,Personal Loan,1438370,60,Rent,176833,Katihar,Maharashtra
CUST-2026-D00207,Shaurya Sane,YMVPE8124I,55,F,1,63415,Professional,12,1,22946,Personal Loan,922523,12,Rent,567662,Aligarh,Assam
CUST-2026-D00208,Garima Sura,SWJII2033N,23,F,3,45925,Self-Employed,1,1,10411,Home Loan,12902666,300,Family,899367,Ahmednagar,Uttarakhand
CUST-2026-D00209,Ekapad Rastogi,GASOK2362O,45,M,1,121702,Self-Employed,10,1,41205,Home Loan,4246695,300,Rent,145822,Anand,Jharkhand
CUST-2026-D00210,Rushil Narayanan,VNOWC5317A,47,F,2,37552,Self-Employed,23,0,0,Car Loan,1274007,60,Rent,253291,Giridih,Punjab
CUST-2026-D00211,Onkar Sen,PINHG0212X,41,F,2,67929,Salaried,4,0,0,Business Loan,877239,36,Family,811276,Ahmednagar,Chhattisgarh
CUST-2026-D00212,Ucchal Subramaniam,LANBW0313R,50,F,4,26451,Business,15,1,8554,Car Loan,2365751,36,Own,523938,Dindigul,Tamil Nadu
CUST-2026-D00213,Indali Borra,CLGRU7870F,40,M,2,21165,Business,5,0,0,Car Loan,1599638,36,Rent,840315,Kakinada,Meghalaya
CUST-2026-D00214,Riya Sane,EEBRP1056H,47,F,2,176041,Self-Employed,0,0,0,Marriage Loan,1230367,48,Family,199039,Bellary,Assam
CUST-2026-D00215,Nirja Srinivasan,DLVEM5946Q,54,F,2,173077,Salaried,23,0,0,Personal Loan,618811,48,Own,838822,Maheshtala,Haryana
CUST-2026-D00216,Yuvraj Walia,TPZSG7643W,27,F,5,84949,Salaried,2,1,28650,Marriage Loan,1416647,24,Own,626339,Tirunelveli,Chhattisgarh
CUST-2026-D00217,Dhriti Rajagopal,TGNPS0006O,41,M,1,34340,Self-Employed,1,1,10950,Personal Loan,934387,12,Family,179350,Rajkot,Odisha
CUST-2026-D00218,Azad Hora,COCMN3386T,45,F,4,30182,Salaried,17,1,7923,Business Loan,1510222,36,Rent,502542,Miryalaguda,Madhya Pradesh
CUST-2026-D00219,Advaith Murty,JCUUG5509W,32,F,2,23240,Self-Employed,10,2,10399,Home Loan,6461883,300,Rent,678509,Jammu,Himachal Pradesh
CUST-2026-D00220,Jason Koshy,YJLUO7808H,36,M,1,118003,Professional,15,1,43199,Car Loan,1422825,36,Own,443118,Sagar,Manipur
CUST-2026-D00221,Mahika Dugar,UZJMD3430N,30,M,4,235316,Self-Employed,3,0,0,Business Loan,7200067,60,Rent,995544,Srinagar,Uttarakhand
CUST-2026-D00222,Eesha Tella,YQBQJ9571G,37,F,0,48516,Self-Employed,6,2,16663,Business Loan,9610649,60,Rent,417142,Madhyamgram,Arunachal Pradesh
CUST-2026-D00223,Urmi Grewal,OHNDA0615Z,32,F,2,78213,Business,10,0,0,Business Loan,1808134,60,Rent,963069,Tumkur,Rajasthan
CUST-2026-D00224,Falguni Bansal,URFVV3469U,60,F,1,45537,Self-Employed,0,1,13817,Car Loan,1959642,36,Rent,679509,Agartala,Odisha
CUST-2026-D00225,Meghana Bandi,YTKKI3644C,49,M,1,116899,Salaried,1,0,0,Car Loan,820128,60,Own,629326,Khora ,West Bengal
CUST-2026-D00226,Wishi Wagle,XGMJH7080A,36,F,2,34771,Business,6,0,0,Education Loan,3381044,120,Own,467333,Thrissur,Goa
CUST-2026-D00227,Ganga Dalal,BCBIU2903G,45,M,1,36887,Professional,22,1,12556,Business Loan,2799056,24,Own,347212,Orai,Bihar
CUST-2026-D00228,Maanav Bhardwaj,FTPCF6001R,30,M,2,91745,Self-Employed,9,0,0,Personal Loan,493667,36,Own,539779,Katni,Haryana
CUST-2026-D00229,Aachal Deshpande,DIADF9567D,47,M,2,123930,Professional,25,1,40792,Personal Loan,1765745,24,Rent,262055,Jaipur,Himachal Pradesh
CUST-2026-D00230,Idika Singh,SGZIQ8088S,51,M,1,137896,Salaried,13,0,0,Personal Loan,1090028,36,Own,981319,Eluru,Manipur
CUST-2026-D00231,Gopal Varty,HFRMW7208A,56,M,2,31887,Salaried,30,1,13254,Personal Loan,1692378,12,Own,658292,Faridabad,Sikkim
CUST-2026-D00232,Utkarsh Dave,PQYYC5148Z,41,M,4,68173,Salaried,11,3,19576,Home Loan,14496195,120,Rent,352266,Hyderabad,Andhra Pradesh
CUST-2026-D00233,Rachana Varghese,HXJWF4973K,49,M,3,32489,Self-Employed,21,2,7950,Personal Loan,445819,48,Rent,804236,Tiruvottiyur,Mizoram
CUST-2026-D00234,Ladli Prabhu,VNBRQ8042H,47,M,2,48827,Self-Employed,14,0,0,Education Loan,4617274,60,Rent,425634,Jabalpur,Kerala
CUST-2026-D00235,Lohit Chokshi,XKCTM2274A,25,M,4,49440,Self-Employed,0,2,8393,Car Loan,2473798,60,Rent,690663,Bongaigaon,Kerala
CUST-2026-D00236,Balhaar Narain,PMAXD0011N,43,M,1,52861,Self-Employed,14,0,0,Car Loan,1463318,60,Own,845866,Bardhaman,Chhattisgarh
CUST-2026-D00237,Yash Bhagat,JLDWG2553Y,31,M,1,43290,Salaried,1,0,0,Home Loan,4356443,180,Rent,206319,Jalandhar,Nagaland
CUST-2026-D00238,Rajeshri Vig,ZXYIP1264A,37,M,3,63374,Salaried,11,1,22681,Education Loan,1842578,84,Family,371930,Barasat,Mizoram
CUST-2026-D00239,Turvi Kapoor,PSPBO2371Y,48,M,0,58775,Self-Employed,16,1,10973,Car Loan,1075572,36,Rent,162740,Bhavnagar,Uttarakhand
CUST-2026-D00240,Harsh Nanda,FMLVL1341L,43,M,4,30053,Self-Employed,20,0,0,Car Loan,430376,36,Family,585423,Chinsurah,Assam
CUST-2026-D00241,Vritti Grover,RDHSI7081P,33,F,1,199746,Self-Employed,9,1,52827,Personal Loan,379891,24,Rent,845256,Hosur,Odisha
CUST-2026-D00242,Vedhika Dara,SBPGZ7781A,38,M,0,121141,Professional,12,1,27713,Personal Loan,903212,36,Own,487700,Nanded,Punjab
CUST-2026-D00243,Ekalinga Karnik,AXNRJ1056V,43,M,2,193389,Salaried,5,2,67643,Education Loan,2261079,84,Own,383654,Sasaram,Manipur
CUST-2026-D00244,Leela Sehgal,AUZTN7034L,33,M,3,129117,Self-Employed,5,3,23970,Home Loan,5634118,300,Own,489658,Davanagere,Meghalaya
CUST-2026-D00245,Dayamai Sen,ULSYA9119I,31,F,2,22844,Self-Employed,2,2,5067,Personal Loan,1295579,36,Rent,153723,Mumbai,Odisha
CUST-2026-D00246,Harinakshi Ramesh,JKUCR8290R,35,F,2,50843,Salaried,5,3,12780,Home Loan,12912833,180,Family,491332,Mathura,Jharkhand
CUST-2026-D00247,Gautam Dayal,RMOWU2214G,43,F,3,21070,Business,19,0,0,Education Loan,635737,180,Family,638030,Madurai,Karnataka
CUST-2026-D00248,Robert Golla,UJKQG8471F,27,M,2,69696,Self-Employed,5,0,0,Personal Loan,230856,36,Family,422293,Chinsurah,Goa
CUST-2026-D00249,Chanakya Batra,YMPLH2137Y,34,M,1,75642,Business,10,0,0,Personal Loan,1423725,60,Rent,465941,Anantapur,Andhra Pradesh
CUST-2026-D00250,Sara Kuruvilla,FDPIG2057D,40,M,1,51476,Salaried,4,3,19459,Education Loan,2237261,180,Rent,487672,Nellore,Nagaland
CUST-2026-D00251,Osha Kota,BZIYI0356A,35,F,1,46957,Self-Employed,1,0,0,Home Loan,11957156,180,Rent,657055,Muzaffarpur,Uttarakhand
CUST-2026-D00252,Gayathri Bhagat,MFUIP9341Q,59,F,2,76099,Self-Employed,17,1,23626,Personal Loan,1801028,60,Rent,427842,Gwalior,Assam
CUST-2026-D00253,Mitali Gopal,URJEN7587A,28,F,0,37487,Salaried,5,0,0,Marriage Loan,1019642,36,Rent,451191,Panvel,Odisha
CUST-2026-D00254,Zaid Palla,ZVFQF0262V,49,M,1,99559,Self-Employed,16,3,32772,Business Loan,7636117,24,Rent,942108,Amaravati,Maharashtra
CUST-2026-D00255,Aahana Rau,PEOOE6338W,59,F,1,29334,Self-Employed,9,2,12451,Personal Loan,1867932,36,Rent,948341,Sultan Pur Majra,Jharkhand
CUST-2026-D00256,Tanmayi Lal,KCPKV7387W,46,M,3,45790,Self-Employed,11,0,0,Personal Loan,1788923,48,Family,614151,Pallavaram,West Bengal
CUST-2026-D00257,Vidhi Dewan,ZOZAZ5863F,45,F,2,91539,Homemaker,24,1,36920,Home Loan,11996049,180,Own,457327,Thrissur,Odisha
CUST-2026-D00258,Aishani Sarraf,CMSOK8361W,42,M,1,670158,Self-Employed,15,0,0,Personal Loan,544060,60,Rent,368214,Dewas,West Bengal
CUST-2026-D00259,Ishita Jain,LQEET7364R,29,M,2,18592,Self-Employed,7,1,7099,Personal Loan,1743584,12,Own,811546,Akola,Jharkhand
CUST-2026-D00260,Chameli Bedi,ONBDM7301E,56,M,5,127052,Salaried,24,1,56432,Personal Loan,1229978,48,Rent,509590,Haldia,Sikkim
CUST-2026-D00261,Saumya Das,ENKIW0552J,35,M,1,101452,Professional,3,0,0,Home Loan,7141043,240,Own,439448,Belgaum,Madhya Pradesh
CUST-2026-D00262,Triya Sharma,PPYXR1130V,34,F,2,39454,Salaried,3,2,15965,Personal Loan,677790,48,Own,743816,Meerut,Andhra Pradesh
CUST-2026-D00263,Teerth Banerjee,FRXHW1816Z,52,M,2,42349,Self-Employed,19,1,6416,Car Loan,1679857,36,Rent,230550,Howrah,Karnataka
CUST-2026-D00264,Vincent Mohanty,GTGJI3447V,61,M,2,85622,Self-Employed,30,0,0,Car Loan,1463820,84,Own,554042,Rampur,Tamil Nadu
CUST-2026-D00265,Maya Dar,PCNQR0243T,35,F,2,72723,Professional,3,2,30996,Home Loan,5392477,180,Rent,129162,Jamshedpur,Manipur
CUST-2026-D00266,Samar Handa,TKMAU9586N,34,F,4,96981,Salaried,8,0,0,Business Loan,3065624,24,Rent,900752,Ulhasnagar,Nagaland
CUST-2026-D00267,Hemani Doctor,ZYCLZ2196S,48,M,1,65689,Self-Employed,9,0,0,Personal Loan,1589506,12,Own,380672,Udaipur,Uttarakhand
CUST-2026-D00268,Jeevika Nigam,JQPCV8571S,37,F,3,46828,Salaried,2,1,13951,Car Loan,701014,36,Rent,582831,Raipur,Assam
CUST-2026-D00269,Januja Memon,LYPPY9789N,43,F,2,113033,Self-Employed,8,1,24715,Home Loan,3019527,180,Family,407277,Maheshtala,Karnataka
CUST-2026-D00270,Leena Madan,GGFPY6531N,33,M,3,48112,Salaried,3,3,15874,Education Loan,2852005,120,Rent,140975,Chapra,Madhya Pradesh
CUST-2026-D00271,Gautami Agarwal,XUHQS5207Z,53,M,0,113536,Professional,3,2,29157,Car Loan,414680,36,Rent,832302,Proddatur,Bihar
CUST-2026-D00272,Liam Goyal,JXYZU8297K,51,M,3,148264,Self-Employed,7,1,29716,Car Loan,2363102,36,Rent,140408,Kirari Suleman Nagar,Kerala
CUST-2026-D00273,Mohini Goyal,TZUOU6586B,43,F,1,17047,Salaried,16,0,0,Personal Loan,171849,60,Rent,638707,Bhalswa Jahangir Pur,Madhya Pradesh
CUST-2026-D00274,Shravya Sarkar,HXFCQ0729T,59,F,0,24309,Self-Employed,9,1,9641,Car Loan,1269864,60,Own,837237,Dharmavaram,Meghalaya
CUST-2026-D00275,Jacob Dara,ZALCS0160X,53,M,2,81528,Self-Employed,9,2,32091,Home Loan,5587363,240,Rent,937118,Kumbakonam,West Bengal
CUST-2026-D00276,Omkaar Sawhney,VIUXN8545J,37,M,2,72203,Self-Employed,2,2,21223,Personal Loan,805827,36,Rent,239160,Kochi,Andhra Pradesh
CUST-2026-D00277,Benjamin Acharya,XJNVD3414V,46,M,0,60506,Salaried,13,3,15615,Home Loan,13180028,300,Own,894152,Adoni,Andhra Pradesh
CUST-2026-D00278,Pavani Puri,YYWKW5596J,24,M,1,89416,Business,3,2,33872,Home Loan,10080588,180,Own,765133,Kavali,Karnataka
CUST-2026-D00279,Jatin Yogi,CNSGR1722N,29,M,0,87018,Self-Employed,4,0,0,Personal Loan,1486450,12,Own,163190,Gandhidham,Uttar Pradesh
CUST-2026-D00280,Pushti Sethi,RVAHQ4800O,49,F,0,30098,Self-Employed,20,1,7396,Personal Loan,974926,36,Family,813703,Mira-Bhayandar,Sikkim
CUST-2026-D00281,Veda Acharya,PQUBF1537H,36,M,2,28380,Business,11,2,7214,Car Loan,764642,84,Own,142990,Agra,Assam
CUST-2026-D00282,Meera Gill,YTBTJ6004F,49,M,1,47309,Salaried,1,1,9262,Car Loan,2364736,60,Own,353452,Silchar,Odisha
CUST-2026-D00283,Ekantika Kamdar,AUIVT1085M,38,F,0,71391,Self-Employed,0,0,0,Business Loan,2214181,60,Rent,156478,Raurkela Industrial Township,Sikkim
CUST-2026-D00284,Jai Varty,UPVSS2466O,45,F,2,27936,Salaried,4,1,10865,Home Loan,3421743,240,Rent,257167,Pune,Arunachal Pradesh
CUST-2026-D00285,Lakshit Parmar,KSFKM7726R,38,M,1,15000,Professional,17,2,3861,Personal Loan,1586099,60,Family,155642,Amroha,Meghalaya
CUST-2026-D00286,Tanmayi Chatterjee,UAMYM1597R,43,M,2,58368,Self-Employed,20,2,19608,Marriage Loan,579915,48,Own,282343,Meerut,Madhya Pradesh
CUST-2026-D00287,Om Bose,WUBQG0218W,29,M,2,185935,Self-Employed,2,2,51354,Marriage Loan,1078334,36,Rent,541879,Katni,Gujarat
CUST-2026-D00288,Eshana Bala,NARKS2956A,42,M,3,87382,Salaried,13,1,16209,Car Loan,1141528,36,Own,870090,Barasat,Haryana
CUST-2026-D00289,Dakshesh Bhandari,VDDJC5277R,39,F,4,110084,Salaried,11,0,0,Car Loan,625359,48,Own,828859,Bettiah,Punjab
CUST-2026-D00290,Advaith Baria,TWPFH7828E,32,M,1,45590,Salaried,1,1,18666,Car Loan,882978,84,Rent,910810,Dindigul,Jharkhand
CUST-2026-D00291,Oscar Prasad,XVISX6027F,33,F,0,26082,Homemaker,11,0,0,Car Loan,2348419,36,Rent,860199,Salem,Chhattisgarh
CUST-2026-D00292,Anusha Iyengar,SBBSF4272Z,60,F,0,68213,Salaried,0,1,24520,Personal Loan,1346157,36,Rent,972313,Parbhani,Meghalaya
CUST-2026-D00293,Kabir Dubey,YXIQD5163U,33,F,3,67339,Self-Employed,9,0,0,Personal Loan,453762,60,Rent,326108,Avadi,Tamil Nadu
CUST-2026-D00294,Avi Ramesh,ZEGHZ7977U,48,M,3,66618,Self-Employed,24,1,10021,Personal Loan,190991,48,Own,618283,Jorhat,Madhya Pradesh
CUST-2026-D00295,Lopa Gulati,CUITL9991E,30,F,2,37256,Salaried,9,2,11236,Home Loan,10215911,180,Own,230125,Guntur,Jharkhand
CUST-2026-D00296,Nitara Vasa,BUGBI3555V,40,F,1,215075,Self-Employed,2,2,33586,Marriage Loan,589025,48,Rent,485349,Latur,Kerala
CUST-2026-D00297,Abdul Chopra,LGUHI0151A,26,M,3,42516,Homemaker,2,2,9530,Personal Loan,1490074,12,Own,770414,Ambattur,Telangana
CUST-2026-D00298,Meera Srinivas,QJJGF9698E,39,F,2,221249,Business,12,0,0,Business Loan,6889831,12,Rent,687945,Surat,Mizoram
CUST-2026-D00299,Sathvik Baria,THIRD8427O,47,M,2,138969,Self-Employed,13,1,35385,Personal Loan,1783928,60,Rent,871885,South Dumdum,Arunachal Pradesh
CUST-2026-D00300,Abhiram Nadig,RVTII5451B,24,M,3,33778,Self-Employed,1,1,9237,Business Loan,4440077,12,Family,670943,Chandrapur,Maharashtra
CUST-2026-D00301,Tanmayi Kalita,DBAIE4358X,31,M,1,180381,Self-Employed,0,3,49580,Personal Loan,1315875,24,Family,203973,South Dumdum,Maharashtra
CUST-2026-D00302,Raghav Sundaram,AMIUU0312H,34,M,1,118726,Salaried,8,2,32893,Personal Loan,1478097,12,Own,971460,Latur,Rajasthan
CUST-2026-D00303,Janya Thaker,GGYQA6922I,33,M,2,32565,Salaried,3,0,0,Car Loan,572997,60,Family,440484,Patiala,Tamil Nadu
CUST-2026-D00304,Krish Bajaj,TCFRU5965J,35,F,1,46403,Self-Employed,0,2,17267,Personal Loan,1314876,12,Own,454862,Unnao,Sikkim
CUST-2026-D00305,Gunbir Khurana,NDFYM9161B,37,M,2,38001,Salaried,2,0,0,Personal Loan,1665083,60,Rent,452041,Lucknow,Nagaland
CUST-2026-D00306,Mitali Koshy,NKENI5716V,30,M,4,71895,Self-Employed,9,1,18707,Education Loan,1921401,180,Own,240678,Jaunpur,West Bengal
CUST-2026-D00307,Ucchal Dhawan,KTNTZ0777J,39,F,0,62181,Business,11,1,25199,Car Loan,1616640,48,Rent,479316,Berhampur,Tamil Nadu
CUST-2026-D00308,Ekaraj Prashad,ZJXDO5841J,29,M,2,41698,Self-Employed,4,0,0,Car Loan,1088779,48,Rent,525645,Buxar,Kerala
CUST-2026-D00309,Suhani Choudhury,JNQEL2472L,30,F,0,49030,Self-Employed,1,1,13377,Home Loan,4754186,300,Family,659217,Tirunelveli,Karnataka
CUST-2026-D00310,Arin Sekhon,VXPZP3686D,28,M,1,34860,Business,2,1,6792,Education Loan,843000,84,Rent,944827,Tiruvottiyur,Haryana
CUST-2026-D00311,Zaid Sarraf,UTLEH3770F,54,M,2,30654,Self-Employed,23,2,10265,Personal Loan,1657689,60,Rent,681806,Yamunanagar,Bihar
CUST-2026-D00312,Ekapad Deo,PQJPT0261K,57,F,3,99643,Self-Employed,24,0,0,Personal Loan,1378905,36,Rent,755465,Amritsar,Telangana
CUST-2026-D00313,Ekiya Nagar,WZTBN6032P,41,M,1,74690,Self-Employed,5,3,28761,Home Loan,2591792,120,Own,415055,Ghaziabad,Karnataka
CUST-2026-D00314,Mitesh Varughese,EHYQA9592F,31,M,1,34460,Self-Employed,9,1,5853,Education Loan,966857,120,Family,589151,Mathura,Andhra Pradesh
CUST-2026-D00315,Amrita Srinivasan,HXBZP8475J,41,M,1,127170,Salaried,4,0,0,Personal Loan,1422647,60,Rent,466929,Dehradun,Maharashtra
CUST-2026-D00316,Rayaan Mittal,ETEUO9539L,25,F,0,64254,Self-Employed,4,0,0,Personal Loan,1452837,36,Rent,346949,Srinagar,Arunachal Pradesh
CUST-2026-D00317,Tanay Sawhney,OQEMS0555F,39,F,2,47128,Salaried,0,0,0,Personal Loan,1994815,24,Rent,717011,Ramgarh,Uttarakhand
CUST-2026-D00318,Anay Rajan,KGOGT9393U,49,F,4,52776,Business,14,0,0,Personal Loan,1089910,60,Rent,342974,Nagpur,Jharkhand
CUST-2026-D00319,Brijesh Sanghvi,NVOCJ8591H,21,M,2,47062,Self-Employed,0,0,0,Education Loan,4315018,84,Rent,189899,Bhagalpur,Himachal Pradesh
CUST-2026-D00320,Garima Aurora,TROYC2366C,57,F,1,94713,Self-Employed,23,1,29075,Education Loan,1382670,60,Own,599031,Tirupati,Kerala
CUST-2026-D00321,Mahika Deshmukh,JXKGL7424J,62,F,2,61865,Professional,12,2,23653,Car Loan,2319325,36,Rent,516151,Haridwar,Rajasthan
CUST-2026-D00322,Devansh Murty,DMTWC5628A,38,M,1,63055,Homemaker,1,0,0,Personal Loan,1321236,12,Rent,529645,Bahraich,Uttarakhand
CUST-2026-D00323,Idika Patla,JBSWU9399A,43,M,3,205799,Self-Employed,13,0,0,Home Loan,4368053,180,Family,683920,Gaya,Telangana
CUST-2026-D00324,Manthan Bandi,WDZZH6474R,34,F,2,180961,Salaried,3,0,0,Personal Loan,644608,12,Rent,957551,Mathura,Madhya Pradesh
CUST-2026-D00325,Devika Bora,YFSFN1388I,45,F,5,37469,Homemaker,13,2,11185,Marriage Loan,461937,24,Rent,663733,Bilaspur,Assam
CUST-2026-D00326,Adweta Dhillon,SBEAF7458X,48,M,2,154660,Business,4,2,54952,Personal Loan,1203902,48,Rent,173397,Bhilwara,Manipur
CUST-2026-D00327,Sara Mistry,DZRSG9096I,29,M,1,47662,Self-Employed,2,0,0,Business Loan,2975657,12,Rent,374584,Tenali,Nagaland
CUST-2026-D00328,Karan Bawa,MSAZN3733K,31,M,2,40403,Salaried,3,2,16715,Home Loan,14003083,120,Rent,290228,Pallavaram,Goa
CUST-2026-D00329,Zaid Bhagat,XLEBN4827I,50,M,0,110345,Salaried,10,3,40420,Car Loan,1818284,60,Rent,641229,Bangalore,Mizoram
CUST-2026-D00330,Avni Chander,WZHNX8634L,36,M,2,39935,Business,11,0,0,Car Loan,456055,48,Own,720832,Jalandhar,Karnataka
CUST-2026-D00331,Om Kalla,HABZD5044E,33,F,2,66903,Business,4,2,19925,Home Loan,12619811,300,Rent,717728,Malegaon,Uttar Pradesh
CUST-2026-D00332,Adweta Seshadri,GAPKH7538H,37,M,1,91205,Salaried,8,1,15829,Personal Loan,1136853,60,Family,792053,Jammu,Uttar Pradesh
CUST-2026-D00333,Manan Chacko,DNBOF8302O,46,M,0,36447,Business,7,0,0,Car Loan,1261679,60,Rent,421141,Varanasi,Sikkim
CUST-2026-D00334,Girik Salvi,SJORE3659I,27,F,0,73563,Professional,3,2,12968,Education Loan,626537,180,Rent,676801,Jorhat,Bihar
CUST-2026-D00335,Lila Bakshi,HOEUB4132Q,44,F,1,37499,Professional,12,2,14315,Personal Loan,156413,24,Rent,350299,Gwalior,Jharkhand
CUST-2026-D00336,Chandran Shere,SGFLY0241A,41,F,1,67646,Self-Employed,6,2,26134,Home Loan,10570663,120,Rent,215950,Shivpuri,Haryana
CUST-2026-D00337,Idika Guha,GXSPS2890A,33,F,2,60185,Self-Employed,9,0,0,Personal Loan,1773861,36,Rent,662056,Bongaigaon,Andhra Pradesh
CUST-2026-D00338,Zinal Kar,DVLIH0274D,51,F,3,15391,Self-Employed,12,2,3041,Home Loan,12923791,240,Own,868390,Karawal Nagar,West Bengal
CUST-2026-D00339,Yashawini Bala,FMQTP9049R,34,F,1,40104,Business,8,0,0,Home Loan,13513183,180,Rent,807382,Tezpur,Uttarakhand
CUST-2026-D00340,Samarth Hegde,YOAHV2834Y,46,F,4,83390,Self-Employed,18,1,36506,Car Loan,2170082,36,Rent,490760,Vijayanagaram,Maharashtra
CUST-2026-D00341,Isaiah Aggarwal,BTFHJ0535O,25,M,3,18468,Salaried,4,0,0,Personal Loan,1631108,36,Rent,711651,Mysore,Karnataka
CUST-2026-D00342,Kavya Yadav,QJYXS3192Z,58,F,1,84958,Self-Employed,17,0,0,Personal Loan,1120776,48,Rent,369983,Dewas,Rajasthan
CUST-2026-D00343,Naksh Kant,FPXGR5717F,41,F,1,35964,Professional,1,3,13891,Marriage Loan,136804,36,Rent,981386,Jammu,Odisha
CUST-2026-D00344,Wahab Chaudhuri,EOGRP7876D,36,F,2,15000,Professional,8,1,4933,Personal Loan,514102,60,Family,911649,Sikar,West Bengal
CUST-2026-D00345,Bhavya Tiwari,HWTNR2574G,52,M,4,80347,Self-Employed,22,1,30796,Personal Loan,603924,36,Rent,459942,Baranagar,Meghalaya
CUST-2026-D00346,Omaja Sarna,LLQRO4252V,29,F,4,157905,Self-Employed,0,2,39218,Personal Loan,1153132,12,Rent,661870,Rohtak,Odisha
CUST-2026-D00347,Udarsh Kulkarni,YBJYN0352T,48,F,2,61900,Self-Employed,7,1,18213,Car Loan,1037519,84,Own,387003,Nashik,Meghalaya
CUST-2026-D00348,Neelima Sastry,NVNMX4517E,37,M,2,30840,Salaried,0,0,0,Business Loan,3231898,60,Rent,987888,Cuttack,Meghalaya
CUST-2026-D00349,Ojasvi Kaul,XDZHT2269I,50,F,1,69308,Self-Employed,7,0,0,Car Loan,411314,48,Rent,298967,Sasaram,West Bengal
CUST-2026-D00350,Jeevika Ravel,AFXIW1203P,48,F,5,51201,Professional,18,1,15226,Business Loan,2212670,60,Own,697561,Bardhaman,West Bengal
CUST-2026-D00351,Laksh Hari,QZYFJ7642B,39,M,2,30559,Self-Employed,17,1,6775,Education Loan,4331261,180,Rent,228576,Jorhat,Madhya Pradesh
CUST-2026-D00352,Nachiket Seshadri,EJBYU9216Z,49,F,0,85623,Salaried,8,1,36450,Home Loan,5450403,300,Own,431277,Malegaon,Nagaland
CUST-2026-D00353,Chaman Chhabra,RSENH7870L,60,M,3,172604,Self-Employed,11,1,49249,Car Loan,1101457,48,Rent,533799,Bulandshahr,Punjab
CUST-2026-D00354,Raksha Viswanathan,PUWQF1048V,44,F,0,25882,Self-Employed,7,0,0,Car Loan,1708694,60,Rent,300007,Kochi,Odisha
CUST-2026-D00355,Anika Boase,YBCOE3092V,53,M,1,22260,Salaried,16,0,0,Education Loan,1236426,60,Own,626449,Khammam,Himachal Pradesh
CUST-2026-D00356,Wazir Bajaj,CSOSI1195E,41,F,0,20480,Self-Employed,14,3,5486,Personal Loan,254846,36,Rent,573783,Ulhasnagar,Maharashtra
CUST-2026-D00357,Idika Nagarajan,TJZAQ4584Y,29,M,1,187355,Self-Employed,7,1,63525,Personal Loan,458415,36,Own,344962,Aurangabad,Mizoram
CUST-2026-D00358,Jeet Borah,ZAJKO0553O,55,F,4,45302,Professional,25,0,0,Personal Loan,979214,60,Own,414886,Machilipatnam,Karnataka
CUST-2026-D00359,Kiaan Agarwal,GPFPG5184P,25,M,1,26666,Salaried,3,0,0,Personal Loan,589946,24,Family,271247,Bathinda,Haryana
CUST-2026-D00360,Anika Murty,FTUWC4891F,44,M,1,62288,Self-Employed,20,0,0,Personal Loan,1516543,48,Rent,375159,Surat,Jharkhand
CUST-2026-D00361,Warhi Pingle,XTBYI6190R,30,F,2,34994,Salaried,4,1,12548,Home Loan,12039824,240,Rent,244194,Kochi,Meghalaya
CUST-2026-D00362,Qabil Comar,AQOUS5525D,36,M,1,15138,Self-Employed,2,1,6181,Home Loan,9741481,240,Own,442196,Sambhal,Uttarakhand
CUST-2026-D00363,Qabil Chahal,TXJSS0107J,43,F,1,90029,Professional,20,0,0,Personal Loan,61736,24,Rent,915760,Solapur,Chhattisgarh
CUST-2026-D00364,Adya Vyas,EDAGN6364V,38,F,3,92766,Salaried,6,0,0,Personal Loan,1955526,48,Rent,756873,Kadapa,Nagaland
CUST-2026-D00365,Radhika Patla,BXQAM7700K,39,M,0,36326,Self-Employed,14,3,5897,Personal Loan,828399,60,Own,155626,Kollam,Bihar
CUST-2026-D00366,Triya Wagle,WFZHR5962G,54,M,1,22651,Salaried,25,2,7289,Education Loan,3251966,120,Own,620322,Muzaffarnagar,Mizoram
CUST-2026-D00367,Ira Misra,WYKBO1314N,33,M,2,98571,Salaried,10,2,27683,Car Loan,1481700,36,Own,622522,Tirunelveli,Jharkhand
CUST-2026-D00368,Vasudha Sibal,QQONH4382D,34,F,2,30063,Salaried,1,0,0,Personal Loan,822785,48,Own,228515,Vadodara,Himachal Pradesh
CUST-2026-D00369,Isaiah Ratti,OQWMA9916Y,35,M,1,87558,Self-Employed,12,0,0,Car Loan,1442988,60,Rent,995040,Nanded,Madhya Pradesh
CUST-2026-D00370,Samuel Sharaf,IZNEH8651K,46,F,3,15000,Self-Employed,20,2,3834,Education Loan,3579410,60,Rent,301440,Bongaigaon,Uttar Pradesh
CUST-2026-D00371,Balendra Johal,BOYTL0225U,41,F,2,85844,Self-Employed,1,1,25043,Car Loan,894060,48,Rent,153512,Tiruchirappalli,Uttar Pradesh
CUST-2026-D00372,Naksh Dada,HXZWO7494C,31,F,1,69458,Self-Employed,1,1,24158,Home Loan,7985163,120,Rent,429308,Warangal,Himachal Pradesh
CUST-2026-D00373,Eta Ben,YMFZG9275Z,42,F,2,56550,Self-Employed,8,3,10051,Car Loan,1381755,48,Own,645251,Proddatur,Himachal Pradesh
CUST-2026-D00374,Suhani Dubey,ZQHQV1981O,37,M,2,99703,Salaried,8,2,16498,Personal Loan,784367,36,Rent,475399,Jalgaon,Odisha
CUST-2026-D00375,Anamika Saraf,BYOKA9357V,44,F,3,68925,Professional,10,1,12665,Car Loan,789440,36,Own,511668,Morbi,Rajasthan
CUST-2026-D00376,Mason Khalsa,OPYOO1666P,45,M,1,37287,Business,8,0,0,Personal Loan,1233122,48,Rent,389102,Durg,Telangana
CUST-2026-D00377,Wyatt Sachdev,XBVBD8603I,39,M,1,77950,Salaried,6,1,29214,Personal Loan,1923790,48,Own,709871,Kumbakonam,Tamil Nadu
CUST-2026-D00378,Ayush Kothari,TWIAK1283C,35,M,1,122373,Self-Employed,10,0,0,Marriage Loan,1425483,48,Own,891305,Bangalore,Uttarakhand
CUST-2026-D00379,Hemang Sethi,YYSJA5766N,56,F,0,36627,Business,15,2,9489,Education Loan,2452230,120,Rent,750959,Bulandshahr,West Bengal
CUST-2026-D00380,Ekansh Bhatnagar,HOYGB9588T,37,F,1,65285,Salaried,1,0,0,Personal Loan,1345335,60,Rent,700441,Vasai-Virar,Assam
CUST-2026-D00381,Avni Mahajan,TJTQU5887N,36,M,2,73124,Self-Employed,7,0,0,Personal Loan,1544772,12,Own,590842,Farrukhabad,Uttarakhand
CUST-2026-D00382,Madhavi Kumar,OHGRS5878A,47,M,2,144613,Salaried,11,2,28927,Business Loan,3105330,24,Rent,925634,Mango,Jharkhand
CUST-2026-D00383,Darsh Ben,CPORY6657B,30,F,1,32200,Self-Employed,2,2,8271,Education Loan,3948214,180,Family,650844,Vellore,Odisha
CUST-2026-D00384,Upadhriti Desai,HMOFJ0445G,43,M,2,16549,Salaried,6,0,0,Car Loan,914396,60,Family,312708,Bangalore,Nagaland
CUST-2026-D00385,Udant Sahota,YEPSL9515X,41,M,2,74152,Business,6,1,13488,Personal Loan,1501985,36,Family,808051,Phusro,Odisha
CUST-2026-D00386,Ishita Pal,EXPOT3954K,45,M,0,37726,Self-Employed,6,0,0,Personal Loan,101200,60,Rent,166984,Bhiwandi,Tripura
CUST-2026-D00387,Advaith Dhillon,HSWEY5144H,42,F,1,108008,Salaried,9,1,30521,Marriage Loan,1097050,12,Own,231974,Ambarnath,Assam
CUST-2026-D00388,Kavya Walia,AYTYE0723A,56,F,2,58090,Business,19,0,0,Personal Loan,1005895,12,Rent,244639,Secunderabad,Mizoram
CUST-2026-D00389,Shravya Barman,ZAMRQ2540I,33,M,4,51796,Business,12,2,11179,Education Loan,3496143,120,Family,942096,Bihar Sharif,Goa
CUST-2026-D00390,Lohit Golla,JBXQZ2099U,42,F,1,15396,Self-Employed,12,1,4947,Personal Loan,472659,12,Rent,188256,Bulandshahr,Arunachal Pradesh
CUST-2026-D00391,Bishakha Rao,GXHCT7483T,53,M,0,136793,Salaried,26,2,30046,Personal Loan,1714955,24,Own,663093,Kota,Sikkim
CUST-2026-D00392,Gopal Biswas,FGCXT6392S,46,M,2,77382,Business,2,0,0,Home Loan,3386654,180,Own,888810,Mahbubnagar,Uttarakhand
CUST-2026-D00393,Raghav Pant,OGSCC5965E,43,M,0,181202,Homemaker,18,1,61113,Business Loan,8960671,12,Own,114080,Kochi,Mizoram
CUST-2026-D00394,Janani Mishra,XXJWA3241H,41,M,2,46097,Self-Employed,14,2,16268,Personal Loan,332200,24,Own,394551,Chinsurah,Goa
CUST-2026-D00395,Radhika Bedi,BEIXG1003Q,26,F,2,31372,Self-Employed,1,2,6466,Education Loan,1001663,180,Rent,496768,Vijayanagaram,Uttar Pradesh
CUST-2026-D00396,Banjeet Natarajan,KCLMB8021N,30,F,1,68700,Salaried,5,1,14339,Personal Loan,367596,60,Family,396599,Rajahmundry,Uttarakhand
CUST-2026-D00397,Chandresh Kanda,ZAQHO7265D,50,M,3,70457,Salaried,25,0,0,Personal Loan,1506218,48,Rent,207500,Jaunpur,Himachal Pradesh
CUST-2026-D00398,Rajata Garg,RULXQ5951W,34,M,4,93993,Self-Employed,9,0,0,Personal Loan,1097675,36,Rent,509975,Bareilly,West Bengal
CUST-2026-D00399,Anay Sarna,CVFBT0309B,27,F,1,61451,Salaried,1,1,14811,Home Loan,9557157,240,Rent,961079,Madurai,Assam
CUST-2026-D00400,Advay Rattan,RTGWZ8848A,43,F,2,50535,Salaried,12,1,16435,Car Loan,1032222,84,Rent,842913,Pudukkottai,Sikkim
CUST-2026-D00401,Owen Lal,NZMVP0898I,30,M,4,69246,Salaried,4,1,21817,Personal Loan,1569866,48,Rent,670881,Jaipur,Bihar
CUST-2026-D00402,Janya Deshmukh,ZMZBQ6257A,41,M,4,72302,Self-Employed,20,1,30480,Personal Loan,147544,24,Rent,155120,Jaunpur,Meghalaya
CUST-2026-D00403,Warinder Mutti,PQWOY7730E,54,M,2,68497,Self-Employed,25,2,15009,Car Loan,1440582,48,Rent,327771,Malda,Goa
CUST-2026-D00404,Vaishnavi Bhalla,RLWZR5289X,54,F,2,95770,Self-Employed,12,0,0,Education Loan,1080020,120,Rent,785911,Bihar Sharif,Uttarakhand
CUST-2026-D00405,Ijaya Kant,PYFNK0946Y,41,F,4,90046,Self-Employed,20,0,0,Personal Loan,941207,60,Rent,570365,Rampur,Mizoram
CUST-2026-D00406,Patrick Patil,GOHOF3233J,33,M,3,42806,Business,2,0,0,Car Loan,2498371,36,Family,315828,Jalna,Bihar
CUST-2026-D00407,Warinder Sheth,FNTJS6056S,36,M,1,19241,Homemaker,9,1,5094,Personal Loan,1722692,36,Rent,404198,Chennai,Andhra Pradesh
CUST-2026-D00408,Nathaniel Mahal,ZNDJY0584Z,58,F,1,46969,Salaried,17,0,0,Home Loan,7096608,300,Rent,271976,Gangtok,Assam
CUST-2026-D00409,Avni Dhawan,GNWRI8384I,31,M,1,18036,Salaried,2,2,3305,Personal Loan,374367,60,Rent,409973,Akola,Rajasthan
CUST-2026-D00410,Manthan Sethi,YXFCE3261G,64,F,1,40610,Salaried,2,3,16657,Car Loan,1060175,36,Own,666475,Gandhidham,Haryana
CUST-2026-D00411,Brijesh Lalla,HVPZO7521U,33,F,1,76252,Self-Employed,6,0,0,Personal Loan,925154,24,Rent,663380,Faridabad,West Bengal
CUST-2026-D00412,Omisha Thaman,BEAMZ4118I,35,M,2,21725,Salaried,1,2,7930,Personal Loan,934343,48,Rent,475575,Kozhikode,Madhya Pradesh
CUST-2026-D00413,Siya Deo,JKGBI1751G,53,M,1,186760,Self-Employed,22,3,76260,Marriage Loan,805464,24,Own,394996,Chapra,Gujarat
CUST-2026-D00414,Falak Sastry,WTVAO8313F,40,F,0,50264,Self-Employed,3,0,0,Marriage Loan,390905,24,Own,903111,Bhalswa Jahangir Pur,Gujarat
CUST-2026-D00415,Unnati Dave,UJWZE8085T,46,F,0,94212,Self-Employed,21,1,17090,Personal Loan,940298,48,Family,723914,Latur,Rajasthan
CUST-2026-D00416,Pranav Kothari,OQQBS1086H,36,F,1,159032,Salaried,10,0,0,Personal Loan,1619836,24,Family,672313,Chittoor,Nagaland
CUST-2026-D00417,Aadi Bhandari,FNIYQ4227A,45,M,4,15000,Business,3,3,6697,Car Loan,2228135,84,Own,199941,Agartala,Uttar Pradesh
CUST-2026-D00418,Dev Garg,OUORR0040W,38,M,2,44541,Professional,17,0,0,Personal Loan,1251343,12,Own,859952,Dibrugarh,Maharashtra
CUST-2026-D00419,Hritik Toor,UJTCS6674W,36,M,0,27574,Salaried,4,1,10458,Car Loan,527155,36,Rent,992472,Salem,Mizoram
CUST-2026-D00420,Yutika Misra,WGVZO9444A,35,M,0,34125,Self-Employed,2,1,11180,Home Loan,5288574,240,Rent,930692,Tiruchirappalli,Odisha
CUST-2026-D00421,Yadavi Bajaj,AIJZX5106E,36,M,0,28543,Professional,8,0,0,Personal Loan,921748,60,Family,803667,Kadapa,Rajasthan
CUST-2026-D00422,Divya Menon,UZXDQ6899T,62,F,1,43344,Self-Employed,15,1,14949,Home Loan,3179133,300,Rent,209470,Jabalpur,West Bengal
CUST-2026-D00423,Anirudh Vyas,PEYUN8253T,41,M,3,23078,Salaried,6,0,0,Car Loan,433614,48,Rent,807617,Cuttack,Telangana
CUST-2026-D00424,Devansh Barman,RQHZJ0013M,30,F,1,24678,Salaried,2,0,0,Personal Loan,1530876,36,Own,458857,Panvel,Telangana
CUST-2026-D00425,Abhimanyu Bhatia,UYKZL2289J,34,F,2,46332,Self-Employed,9,1,13810,Home Loan,4026973,300,Rent,287644,Kozhikode,Andhra Pradesh
CUST-2026-D00426,Devika Taneja,ZCEBW0224H,40,F,2,94647,Salaried,14,0,0,Car Loan,437890,36,Own,972495,Ahmedabad,Andhra Pradesh
CUST-2026-D00427,Deepa Kale,TVKHE8369A,52,M,2,124027,Salaried,12,0,0,Personal Loan,454973,60,Own,161562,Vijayawada,Uttar Pradesh
CUST-2026-D00428,Ekanta Doshi,REBVZ3773C,48,F,1,76657,Salaried,9,3,28216,Education Loan,4436852,60,Own,762076,Jaipur,Uttar Pradesh
CUST-2026-D00429,Saksham Gulati,WCWRW7232G,41,F,3,111646,Self-Employed,4,2,22012,Business Loan,6235756,12,Rent,527078,Begusarai,Maharashtra
CUST-2026-D00430,Vansha Venkataraman,IXJNA8424T,40,F,4,152575,Homemaker,13,0,0,Home Loan,8641603,240,Rent,971706,Panihati,Sikkim
CUST-2026-D00431,Ria Srinivas,LCPRM7404L,49,M,2,70119,Business,7,0,0,Personal Loan,1123289,48,Own,788901,Hajipur,Andhra Pradesh
CUST-2026-D00432,Rudra Shankar,KVKVU0748W,36,M,2,18684,Business,7,3,3907,Marriage Loan,728854,48,Family,326072,Gorakhpur,Arunachal Pradesh
CUST-2026-D00433,Caleb Talwar,FQQYX5945N,36,M,1,98905,Business,5,1,22471,Personal Loan,473138,48,Own,835642,Sambhal,Jharkhand
CUST-2026-D00434,Zansi Das,TJPLT5843S,26,M,3,145590,Salaried,5,0,0,Personal Loan,1241846,48,Rent,446456,Ambattur,Uttar Pradesh
CUST-2026-D00435,Nakul Pandey,SUJKA6587J,53,F,5,63947,Self-Employed,24,1,28256,Car Loan,2261143,84,Family,503815,Sonipat,Madhya Pradesh
CUST-2026-D00436,Chaaya More,NPYXI8142Z,41,F,0,44831,Salaried,17,1,13951,Car Loan,415003,84,Own,674657,Shahjahanpur,Meghalaya
CUST-2026-D00437,Bhanumati Bail,JGISK4308J,51,F,1,80512,Self-Employed,18,1,21579,Home Loan,14619416,300,Family,683930,Mehsana,Uttarakhand
CUST-2026-D00438,Krisha Nath,PZEDH9931I,41,F,0,108017,Professional,3,1,27153,Education Loan,1834106,120,Rent,754816,Amritsar,Tripura
CUST-2026-D00439,Arya Panchal,WOCWZ4615Q,22,F,1,31265,Self-Employed,1,1,10894,Business Loan,5057601,24,Rent,229394,Munger,Punjab
CUST-2026-D00440,Edhitha Nagar,MBCQT6621B,33,F,2,57327,Self-Employed,1,1,21424,Personal Loan,485449,36,Family,777778,Jalna,Telangana
CUST-2026-D00441,Sneha Mahal,SLQHZ3113F,43,M,2,44774,Business,5,2,13127,Personal Loan,67782,24,Rent,807766,Arrah,Bihar
CUST-2026-D00442,Jacob Kothari,GEKUA4124W,28,F,1,44208,Professional,5,1,17717,Home Loan,6511615,120,Own,551628,Howrah,Odisha
CUST-2026-D00443,Nilima Sura,BGYSM9891J,38,M,2,26976,Self-Employed,14,0,0,Car Loan,2183408,36,Rent,357255,Gandhinagar,Manipur
CUST-2026-D00444,Kashvi Date,XKFIA4690J,44,M,2,16002,Self-Employed,22,1,6285,Personal Loan,1997461,48,Own,603240,Morena,Haryana
CUST-2026-D00445,Aadi Reddy,ISEDK8627A,53,F,3,100388,Business,24,0,0,Business Loan,5582082,12,Family,359382,Mangalore,Punjab
CUST-2026-D00446,Saksham Yogi,AYOYR6942F,54,M,2,132728,Salaried,28,2,38817,Home Loan,3406138,300,Rent,776785,Aizawl,Maharashtra
CUST-2026-D00447,Advik Ahuja,RPXOO0000I,52,F,1,144358,Salaried,30,1,50510,Home Loan,11489300,120,Rent,184608,Tezpur,Telangana
CUST-2026-D00448,Raksha Sami,IILRT6224T,32,M,2,236786,Business,0,0,0,Personal Loan,1023398,48,Rent,766310,Ghaziabad,Haryana
CUST-2026-D00449,Panini Oza,BRFTZ0397M,41,F,2,65898,Business,16,0,0,Personal Loan,1857204,12,Rent,185641,Bettiah,Assam
CUST-2026-D00450,Priya Dugal,MHRNH7489D,51,M,1,218164,Business,3,1,83738,Business Loan,6806042,24,Rent,510643,Gopalpur,Himachal Pradesh
CUST-2026-D00451,Harsh Nori,ZSSBG3471V,48,M,0,73158,Self-Employed,14,1,30405,Personal Loan,324967,48,Family,240801,Gaya,Tamil Nadu
CUST-2026-D00452,Neel Rege,WLTHW2203U,38,F,4,152200,Self-Employed,13,1,56283,Car Loan,791432,36,Rent,434876,Tadipatri,Uttarakhand
CUST-2026-D00453,Mitesh Rege,IWLRW7487D,40,F,1,273282,Salaried,17,1,51699,Personal Loan,1163748,60,Own,891054,Davanagere,Mizoram
CUST-2026-D00454,Warjas Mann,ICTDA0191U,55,F,4,36261,Self-Employed,15,0,0,Education Loan,2752497,84,Family,925982,Surendranagar Dudhrej,Manipur
CUST-2026-D00455,Charan Joshi,CGFNN9424T,31,F,1,39912,Salaried,7,0,0,Education Loan,3229516,180,Family,705223,Ranchi,Madhya Pradesh
CUST-2026-D00456,Saanvi Khatri,OIPAQ3182Y,47,M,2,17751,Salaried,25,1,6000,Education Loan,2132483,84,Rent,660106,Shimla,Tamil Nadu
CUST-2026-D00457,Samarth Gera,IOAPJ9565Y,40,F,4,289737,Salaried,10,0,0,Personal Loan,816288,60,Rent,185040,Sangli-Miraj & Kupwad,Bihar
CUST-2026-D00458,Wahab Agate,WUIXQ7102V,42,M,1,86105,Self-Employed,0,1,17039,Business Loan,2655641,60,Family,591384,Mahbubnagar,Madhya Pradesh
CUST-2026-D00459,Dipta Dara,PNGSS2309T,36,M,0,32081,Self-Employed,8,1,10306,Personal Loan,1488588,12,Rent,122014,Srikakulam,Mizoram
CUST-2026-D00460,Chaitaly Nath,RGAEU2396Y,48,M,2,70168,Business,0,0,0,Home Loan,12110005,120,Rent,447152,Bhavnagar,Mizoram
CUST-2026-D00461,Anjali Suri,SDGTQ8965X,26,M,1,40144,Salaried,5,1,16127,Business Loan,1020890,24,Rent,281923,Yamunanagar,Rajasthan
CUST-2026-D00462,Aditya Upadhyay,AMVYB0889P,49,F,3,24972,Business,15,1,7139,Car Loan,1956959,48,Own,354346,Sultan Pur Majra,Tamil Nadu
CUST-2026-D00463,Anirudh Mander,YWGVS3848Z,46,M,2,65880,Salaried,20,3,11152,Personal Loan,1150386,48,Rent,323146,Sasaram,Manipur
CUST-2026-D00464,Avni Minhas,GWLSQ8027E,26,F,0,58591,Business,4,1,24366,Home Loan,14540563,240,Own,251555,Raiganj,Karnataka
CUST-2026-D00465,Anay Rajagopalan,OWHIA9755W,46,M,3,59481,Self-Employed,11,0,0,Personal Loan,1290108,24,Rent,566872,Agra,Tripura
CUST-2026-D00466,Rudra Mannan,FZFTY1191W,38,M,2,53886,Self-Employed,6,1,13613,Car Loan,1067480,84,Own,798408,Maheshtala,Assam
CUST-2026-D00467,Eiravati Dash,PWFSB2814D,41,F,0,52847,Self-Employed,5,1,8275,Education Loan,3768405,180,Rent,198980,Mira-Bhayandar,Assam
CUST-2026-D00468,Orinder Ganguly,TVWDS9056D,33,F,2,88735,Self-Employed,12,1,28053,Personal Loan,561967,12,Own,826163,Khandwa,Himachal Pradesh
CUST-2026-D00469,Shaurya Pandya,PWSGP6021X,27,F,0,106578,Self-Employed,5,1,43643,Personal Loan,1588024,36,Own,743133,Amaravati,Tamil Nadu
CUST-2026-D00470,Leena Mannan,ZEKUC3686V,40,M,0,67945,Salaried,2,1,25389,Car Loan,2327711,84,Own,602673,Katni,Nagaland
CUST-2026-D00471,Dev Peri,SQBPO3726E,40,M,2,17036,Homemaker,4,0,0,Car Loan,552288,36,Rent,664019,Giridih,Assam
CUST-2026-D00472,Dalbir Sahota,SJFHL5371Y,58,F,1,55529,Professional,27,2,17907,Marriage Loan,741796,48,Own,337964,Giridih,Arunachal Pradesh
CUST-2026-D00473,Orinder Balasubramanian,BYTLJ2697Z,36,M,2,31547,Business,3,2,9494,Car Loan,972700,48,Family,756747,Patna,Tamil Nadu
CUST-2026-D00474,Zarna Sarma,HNJIK9674K,46,M,2,55323,Self-Employed,22,0,0,Car Loan,1955828,84,Rent,550897,Raurkela Industrial Township,Mizoram
CUST-2026-D00475,Nitara Sarna,DHOVA9794H,48,M,0,33626,Self-Employed,4,3,12550,Car Loan,1666391,48,Rent,761458,Satna,Maharashtra
CUST-2026-D00476,Sai Chowdhury,YTSQQ2148S,48,F,1,25599,Salaried,16,0,0,Car Loan,1743068,60,Own,468497,Mahbubnagar,Arunachal Pradesh
CUST-2026-D00477,Reva Seshadri,YFKFE2349V,34,M,2,54312,Business,4,0,0,Marriage Loan,429128,36,Family,770910,Farrukhabad,Tamil Nadu
CUST-2026-D00478,Chanakya Bobal,XLTUV1866U,43,F,1,18743,Self-Employed,7,3,6005,Personal Loan,1738111,60,Rent,270054,Latur,Haryana
CUST-2026-D00479,Yachana Patla,ECOWX8684F,35,F,2,64177,Self-Employed,9,0,0,Personal Loan,617753,12,Rent,243707,Karimnagar,Manipur
CUST-2026-D00480,Deepa Roy,QPYHK5680G,53,F,3,50314,Salaried,6,1,10426,Personal Loan,1839921,24,Family,683565,Hapur,Meghalaya
CUST-2026-D00481,Netra Karan,MOEFG4177V,44,F,2,24570,Homemaker,8,1,7407,Marriage Loan,1177646,12,Rent,351954,Jalandhar,Goa
CUST-2026-D00482,Rachana Pall,UTCQH3690O,40,F,2,55540,Salaried,12,0,0,Car Loan,1993404,36,Rent,245202,Bhilwara,West Bengal
CUST-2026-D00483,Chameli Srinivasan,SANWB9982I,29,F,3,29322,Business,2,2,12950,Home Loan,7538124,240,Own,601029,Deoghar,Maharashtra
CUST-2026-D00484,Tejas Roy,WLKPL2283P,41,F,2,254662,Homemaker,7,0,0,Personal Loan,920829,48,Rent,130220,Agra,Bihar
CUST-2026-D00485,Upkaar Sant,FPUCM9182H,38,M,1,34325,Professional,1,0,0,Personal Loan,575645,36,Own,406894,Kadapa,Tripura
CUST-2026-D00486,Tamanna Nazareth,JZWYS3141K,39,M,0,111032,Self-Employed,8,0,0,Home Loan,13992151,300,Own,469523,Morbi,Andhra Pradesh
CUST-2026-D00487,Chanakya Sekhon,JZDYC2727H,56,M,1,178860,Salaried,26,0,0,Business Loan,7141729,60,Own,533338,Ludhiana,Tamil Nadu
CUST-2026-D00488,Ganga Bedi,BAEZD9017Y,61,M,3,63716,Business,7,1,10622,Personal Loan,1940526,48,Own,589497,Jehanabad,Haryana
CUST-2026-D00489,Tanveer Ram,YYNXP6203J,38,F,2,53385,Salaried,16,1,10154,Personal Loan,147570,60,Rent,974608,Kakinada,Gujarat
CUST-2026-D00490,Manbir Bhargava,PXIIW8402O,31,M,1,447935,Business,10,1,188309,Car Loan,1478679,84,Rent,758392,Sambalpur,Bihar
CUST-2026-D00491,Laban Sha,UOTXJ6764C,25,M,1,28909,Self-Employed,3,0,0,Home Loan,4334985,300,Rent,317773,Rohtak,Odisha
CUST-2026-D00492,Amrita Chada,NZSJT9971V,57,M,3,119326,Salaried,24,0,0,Personal Loan,1722339,36,Rent,636360,Sasaram,Rajasthan
CUST-2026-D00493,Jack Bhatt,WEXVV7351P,47,M,1,44860,Homemaker,12,2,13490,Personal Loan,1727130,24,Rent,552573,Surat,Sikkim
CUST-2026-D00494,Manya Trivedi,OSFZB0973K,31,F,3,35459,Self-Employed,1,2,13450,Personal Loan,89970,36,Rent,736261,Mathura,Bihar
CUST-2026-D00495,Falan Soni,EVYHO6777T,39,F,3,43976,Business,2,1,13711,Home Loan,8588927,300,Own,377738,Solapur,Bihar
CUST-2026-D00496,Anvi Kala,HULTO6952O,44,F,2,73324,Business,9,2,25873,Personal Loan,540409,60,Own,539853,Thoothukudi,Odisha
CUST-2026-D00497,Abhiram Narang,NZZYK4209A,60,M,4,78837,Self-Employed,19,1,25370,Home Loan,9837536,180,Rent,533807,Alappuzha,Arunachal Pradesh
CUST-2026-D00498,Balveer Soman,LIMVN7936H,55,M,2,85379,Salaried,13,3,36490,Car Loan,1483301,36,Family,269157,Machilipatnam,Kerala
CUST-2026-D00499,Abha Choudhury,AXAZX0296J,26,M,2,87063,Retired,0,3,23261,Home Loan,4807987,180,Own,143071,Jehanabad,Himachal Pradesh
CUST-2026-D00500,Avni Palla,ZRWRD0496D,39,M,3,65269,Self-Employed,1,0,0,Personal Loan,1481876,12,Family,403795,Rajkot,Bihar
CUST-2026-D00501,Qabil Dutt,SNYUC4764Z,38,F,2,26918,Self-Employed,2,0,0,Car Loan,1213738,60,Own,543335,Rourkela,Sikkim
CUST-2026-D00502,Jeet Dixit,GMBDQ3863Q,33,F,2,37905,Self-Employed,4,3,14335,Personal Loan,1875007,24,Rent,544489,Aligarh,Himachal Pradesh
CUST-2026-D00503,Omaja Sule,FPUWK3163I,34,F,0,96605,Self-Employed,6,0,0,Education Loan,2197138,60,Rent,364053,Ghaziabad,Mizoram
CUST-2026-D00504,Onveer Sachar,XAWZT0723F,38,M,3,24286,Self-Employed,6,1,9979,Marriage Loan,747037,36,Rent,553271,Kumbakonam,Telangana
CUST-2026-D00505,Logan Dhillon,KWZKA4610Q,43,F,2,97268,Salaried,21,1,27510,Car Loan,1765833,48,Family,508814,Pimpri-Chinchwad,Punjab
CUST-2026-D00506,Ranbir Tank,KKHRA0906B,53,F,1,168484,Salaried,15,3,53922,Business Loan,4611282,24,Rent,833654,Saharsa,Assam
CUST-2026-D00507,Mitali Contractor,JHYZG4401U,33,M,2,44582,Business,0,3,17623,Business Loan,7387556,36,Rent,646817,Hapur,Madhya Pradesh
CUST-2026-D00508,Vedant Ganesh,IJFIT7922L,44,F,4,108394,Professional,6,1,39932,Personal Loan,1307388,12,Rent,581065,Bharatpur,Chhattisgarh
CUST-2026-D00509,Anika Mane,UNCVX3885K,36,F,1,61387,Salaried,9,0,0,Personal Loan,1784499,36,Family,498218,Tadipatri,Manipur
CUST-2026-D00510,Kritika Narayan,HFCAW4733I,26,F,2,253137,Salaried,0,1,92257,Car Loan,1606087,36,Rent,348652,Silchar,Manipur
CUST-2026-D00511,Girik Balakrishnan,XBOZX7232S,32,M,0,64890,Homemaker,5,3,10776,Personal Loan,387933,48,Own,156494,Mysore,Telangana
CUST-2026-D00512,Chatresh Nadig,ZUZIJ0164H,35,F,3,107266,Self-Employed,7,0,0,Business Loan,5618448,24,Family,744982,Kadapa,Tamil Nadu
CUST-2026-D00513,Dayamai Kulkarni,ZDZJX5528G,38,M,2,67268,Salaried,17,0,0,Education Loan,2733158,84,Rent,149132,Aligarh,Kerala
CUST-2026-D00514,Tanveer Char,KFXTP1702I,55,F,1,87190,Salaried,26,1,25864,Personal Loan,1206090,60,Own,869205,Bardhaman,Himachal Pradesh
CUST-2026-D00515,Urishilla Kashyap,JIUOV1124Q,30,F,2,34158,Salaried,1,0,0,Home Loan,11219640,120,Rent,174630,Tirupati,Mizoram
CUST-2026-D00516,Hemangini Pingle,PSSOX1692T,24,F,1,60635,Self-Employed,2,0,0,Marriage Loan,1047746,12,Rent,507158,Rajahmundry,Rajasthan
CUST-2026-D00517,Pallavi Mandal,TZRJX1308L,37,F,1,48365,Business,13,0,0,Personal Loan,629106,12,Rent,407350,Bilaspur,Assam
CUST-2026-D00518,Udyati Kant,HHLON4099H,39,M,2,16288,Salaried,9,3,3640,Education Loan,2532223,60,Rent,759742,Visakhapatnam,Meghalaya
CUST-2026-D00519,Saanvi Kamdar,GREGN8776G,42,F,2,56231,Salaried,13,3,14039,Home Loan,11732728,180,Family,523877,Chandrapur,Jharkhand
CUST-2026-D00520,Vasana Banerjee,MAQSU1723E,43,F,2,114809,Professional,6,0,0,Personal Loan,1182259,48,Family,172721,Nellore,West Bengal
CUST-2026-D00521,Aditya Varkey,HXRET7203R,39,F,0,23730,Self-Employed,5,0,0,Personal Loan,110970,24,Rent,264505,Hapur,Arunachal Pradesh
CUST-2026-D00522,Lakshit Pillay,JBZUO1123A,40,F,5,69959,Self-Employed,1,2,12451,Car Loan,915594,84,Family,407107,Firozabad,Madhya Pradesh
CUST-2026-D00523,Laban Sridhar,AXGHG4618U,36,F,3,108764,Salaried,13,0,0,Education Loan,1195188,180,Rent,425227,Jaipur,Mizoram
CUST-2026-D00524,Varsha Comar,WKMJC8190Y,35,M,2,15000,Salaried,4,1,6295,Personal Loan,1718930,12,Own,900741,Kalyan-Dombivli,Uttar Pradesh
CUST-2026-D00525,Shravya Verma,YINRK1718M,42,M,1,74119,Self-Employed,13,0,0,Car Loan,708048,36,Rent,664285,Alappuzha,Jharkhand
CUST-2026-D00526,Tanveer Sathe,DSYTP5146K,40,F,1,88878,Self-Employed,2,3,36169,Home Loan,1506128,300,Rent,758484,Kochi,Maharashtra
CUST-2026-D00527,Isaiah Raju,TPQMP6381A,45,F,2,51924,Salaried,17,2,7872,Car Loan,919978,36,Rent,450700,Bettiah,Odisha
CUST-2026-D00528,Nidhi Grover,BGACM0103A,29,M,2,60468,Self-Employed,3,1,15544,Personal Loan,1417038,48,Own,769037,Kanpur,Madhya Pradesh
CUST-2026-D00529,Ayaan Kala,OJYMI6413P,30,F,1,62073,Retired,2,3,22507,Car Loan,1014280,48,Rent,780161,Nizamabad,Kerala
CUST-2026-D00530,Peter Sandhu,CAWUH8637G,34,M,1,231975,Business,6,0,0,Home Loan,14246965,180,Own,775127,Bongaigaon,Odisha
CUST-2026-D00531,Varenya Mitra,KMMPL8261X,31,F,0,49578,Salaried,6,1,20923,Education Loan,1311706,60,Rent,822600,Dehri,Tripura
CUST-2026-D00532,Theodore Tiwari,JBBPG9575Z,32,F,1,36971,Self-Employed,4,0,0,Car Loan,2252339,48,Rent,844465,Bhilwara,West Bengal
CUST-2026-D00533,Arya Gokhale,VFFAQ1596F,59,F,2,118114,Self-Employed,12,1,19381,Business Loan,1472243,24,Rent,855851,Jalgaon,Telangana
CUST-2026-D00534,Onveer Varty,OEOYZ8566D,41,M,0,27798,Business,6,2,8075,Personal Loan,986878,36,Rent,360824,Gurgaon,Uttar Pradesh
CUST-2026-D00535,Amara Behl,RCTII0979H,44,M,4,52847,Self-Employed,2,0,0,Personal Loan,1746836,48,Own,801149,Bhimavaram,Chhattisgarh
CUST-2026-D00536,Lipika Wagle,AIFLA4602A,43,M,3,159527,Business,16,1,29110,Business Loan,883463,36,Family,548961,Varanasi,Gujarat
CUST-2026-D00537,Lohit Kapur,VAXQO2586C,45,F,4,226593,Business,6,1,93694,Personal Loan,857699,48,Rent,831772,Panipat,Uttar Pradesh
CUST-2026-D00538,Yoshita Parsa,ZAEBC1283Y,35,M,3,58975,Business,1,0,0,Personal Loan,610848,24,Rent,567419,Imphal,Himachal Pradesh
CUST-2026-D00539,Osha Rai,DRINI1798R,41,M,2,230679,Retired,0,1,46832,Education Loan,1402131,120,Rent,571585,Imphal,Haryana
CUST-2026-D00540,Darpan Manda,LNJGM7463K,38,F,1,69459,Salaried,7,0,0,Personal Loan,507472,24,Own,209050,Allahabad,Mizoram
CUST-2026-D00541,Yashica Konda,QYZDO0076L,36,M,5,146345,Professional,0,1,43394,Personal Loan,1339762,12,Family,395373,Kirari Suleman Nagar,Kerala
CUST-2026-D00542,Bhavani Kant,BWRBV0846R,36,M,2,80930,Self-Employed,4,1,12671,Personal Loan,1017454,60,Rent,521168,Salem,West Bengal
CUST-2026-D00543,Turvi Sethi,CJBSI0756N,38,F,2,345838,Self-Employed,17,2,135447,Personal Loan,125420,24,Own,650477,Ongole,Uttar Pradesh
CUST-2026-D00544,Sanaya Walla,RKKEG9214F,42,M,2,119734,Self-Employed,2,0,0,Home Loan,2705383,300,Family,489658,Motihari,Karnataka
CUST-2026-D00545,Noah Bhargava,IXNZV1787F,23,M,3,17925,Self-Employed,1,0,0,Home Loan,8860840,300,Family,798285,Muzaffarnagar,Odisha
CUST-2026-D00546,Alka Mangal,TSFKI1982C,36,F,1,16477,Business,10,2,3145,Home Loan,13523544,300,Own,723990,Ghaziabad,Assam
CUST-2026-D00547,Veda Sem,PLXSR3099V,31,M,2,43093,Self-Employed,2,0,0,Personal Loan,1205365,60,Rent,158855,Etawah,Andhra Pradesh
CUST-2026-D00548,Neelima Sule,WTHHD9965N,41,F,2,37356,Self-Employed,8,0,0,Personal Loan,1403166,24,Rent,902697,Durgapur,Sikkim
CUST-2026-D00549,Gaurangi Maharaj,NYJQR0377F,29,M,1,26431,Salaried,8,0,0,Personal Loan,737242,60,Rent,807865,Muzaffarnagar,Andhra Pradesh
CUST-2026-D00550,Zaitra Sunder,KMZGJ3305S,42,M,0,40008,Business,3,0,0,Car Loan,1029756,36,Own,820743,Karaikudi,Uttar Pradesh
CUST-2026-D00551,Damyanti Venkatesh,JDOLZ4142K,45,M,2,34244,Professional,16,0,0,Car Loan,631460,36,Own,787232,Begusarai,Tamil Nadu
CUST-2026-D00552,Agastya Bal,JFSWI9723P,51,M,1,16708,Salaried,22,0,0,Education Loan,1243936,120,Own,746505,Bulandshahr,Uttar Pradesh
CUST-2026-D00553,Atharv Nagarajan,DBUSZ4741Y,46,M,1,78281,Salaried,13,0,0,Personal Loan,1378467,36,Rent,753821,Dewas,Goa
CUST-2026-D00554,Urvashi Gara,GHLRG8308L,48,M,1,53300,Self-Employed,14,3,8136,Personal Loan,1046325,48,Own,665125,Kota,Jharkhand
CUST-2026-D00555,Aahana Parikh,YMNQN8711B,55,M,3,19379,Salaried,2,2,4395,Education Loan,3895785,180,Own,734434,Panchkula,Telangana
CUST-2026-D00556,Rehaan Bora,WYKLB8858L,52,M,0,397320,Salaried,21,1,105260,Personal Loan,1403752,24,Family,420063,Sultan Pur Majra,Nagaland
CUST-2026-D00557,Akshay Chauhan,PMCNP9085O,37,M,2,48433,Self-Employed,1,2,17739,Personal Loan,738694,12,Rent,522045,Machilipatnam,Arunachal Pradesh
CUST-2026-D00558,Tristan Gulati,FWSMX6344Q,33,F,3,62996,Salaried,5,1,18311,Personal Loan,514664,36,Rent,941769,Jodhpur,Meghalaya
CUST-2026-D00559,Guneet Bose,EZNEV2415Q,43,F,4,169039,Professional,21,1,46159,Education Loan,2381917,120,Rent,401603,Dibrugarh,Telangana
CUST-2026-D00560,Robert Sama,TWRVY3510K,34,M,0,179271,Self-Employed,3,0,0,Marriage Loan,838717,48,Rent,677152,Etawah,Assam
CUST-2026-D00561,Shivansh Menon,XIQJY5264T,30,M,2,49141,Salaried,8,0,0,Personal Loan,1886334,12,Own,269094,Suryapet,Odisha
CUST-2026-D00562,Hema Rau,SLXMO8488D,48,M,5,110053,Self-Employed,7,0,0,Home Loan,6451941,300,Rent,152152,Agra,Andhra Pradesh
CUST-2026-D00563,Rachit Date,GJGQC9791V,35,F,2,45270,Business,1,1,12299,Car Loan,1993014,60,Rent,722090,Ambarnath,Odisha
CUST-2026-D00564,Nandini Zachariah,ZEESK5142L,33,F,1,31914,Salaried,10,0,0,Personal Loan,702321,60,Rent,733239,Chittoor,Himachal Pradesh
CUST-2026-D00565,Upasna Basu,HHETU5368O,39,F,3,63583,Self-Employed,5,2,19800,Personal Loan,557383,36,Own,335040,Avadi,Chhattisgarh
CUST-2026-D00566,Aishani Sinha,FRCIK1185X,57,M,0,33739,Business,18,2,6887,Personal Loan,125845,12,Rent,539034,Raiganj,Goa
CUST-2026-D00567,Aahana Ratti,ZHGMV5745M,35,F,0,34546,Professional,7,1,9864,Car Loan,1710620,36,Rent,307528,Panvel,Andhra Pradesh
CUST-2026-D00568,Jasmit Suresh,UHHFN1278I,36,M,2,35191,Salaried,13,1,12918,Personal Loan,1109947,60,Own,418959,Madurai,Assam
CUST-2026-D00569,Unnati Mukhopadhyay,FQRXU7644R,29,F,2,56048,Self-Employed,5,1,13036,Personal Loan,271575,12,Rent,967900,Rajpur Sonarpur,Madhya Pradesh
CUST-2026-D00570,Nihal Sengupta,OLFPG6926N,56,M,0,69265,Self-Employed,13,2,23287,Car Loan,1458568,60,Rent,734703,Srikakulam,Tripura
CUST-2026-D00571,Jason Bhandari,UXPGW7814D,44,F,1,54556,Self-Employed,14,1,13638,Personal Loan,1121949,12,Rent,375152,Shahjahanpur,Sikkim
CUST-2026-D00572,Ria Khosla,XROPN2737I,56,F,2,16622,Business,30,0,0,Personal Loan,1219127,60,Own,351443,Chennai,Kerala
CUST-2026-D00573,Anthony Dar,RSUPC4424I,45,F,1,92071,Self-Employed,16,0,0,Home Loan,13141093,300,Rent,799565,Asansol,Jharkhand
CUST-2026-D00574,Hamsini Pillai,RAPLO5134F,35,F,3,50320,Self-Employed,8,3,13235,Business Loan,6803222,24,Family,894602,Jaunpur,Goa
CUST-2026-D00575,Harish Randhawa,ILAKP1519A,30,M,2,56248,Self-Employed,6,2,11294,Home Loan,13405934,120,Own,290662,Mangalore,Chhattisgarh
CUST-2026-D00576,Raagini Nair,UNCEM9628O,50,F,1,143667,Salaried,26,0,0,Home Loan,12040293,300,Rent,478528,Katni,Nagaland
CUST-2026-D00577,Xavier Rana,UAWTQ8016H,57,F,2,147167,Self-Employed,29,2,52543,Education Loan,2553987,60,Rent,854314,Bally,Manipur
CUST-2026-D00578,Qabil Aurora,IYGOA5442O,45,M,0,63370,Salaried,1,2,17065,Marriage Loan,239873,24,Rent,163444,Cuttack,Chhattisgarh
CUST-2026-D00579,Umang Purohit,FBXEW6565K,26,M,1,31618,Professional,3,3,9252,Personal Loan,519157,60,Rent,956101,Dehradun,Gujarat
CUST-2026-D00580,Neel Dey,HVTRM9480L,43,M,1,147652,Self-Employed,10,1,50748,Personal Loan,1980341,36,Own,453244,Jalgaon,Gujarat
CUST-2026-D00581,Lakshit Pant,VMAKI2339Q,31,F,3,104901,Salaried,0,3,16853,Car Loan,734182,36,Rent,932114,Hospet,Bihar
CUST-2026-D00582,Jalsa Kamdar,CUVOC0002R,44,F,1,109167,Self-Employed,9,0,0,Personal Loan,605936,48,Own,698964,Anantapuram,Kerala
CUST-2026-D00583,Elijah Kothari,TBTJJ3202P,49,F,1,41919,Self-Employed,2,1,15662,Personal Loan,1937564,60,Own,134097,Chandrapur,Sikkim
CUST-2026-D00584,Madhavi Tank,HFTPE1583G,45,M,0,32988,Self-Employed,14,0,0,Personal Loan,1670831,24,Rent,550748,Singrauli,Karnataka
CUST-2026-D00585,Upadhriti Goswami,TIJKL1528N,36,F,2,59138,Salaried,15,1,9520,Home Loan,6720640,180,Rent,888688,Ahmednagar,Tamil Nadu
CUST-2026-D00586,Pushti Dey,BGVNW8795S,42,F,2,209195,Professional,17,2,35734,Education Loan,888729,84,Family,584643,Parbhani,West Bengal
CUST-2026-D00587,Omaja Barman,RFLCS3390B,45,M,2,45384,Professional,23,2,7630,Car Loan,1818187,60,Rent,331989,Bhubaneswar,Himachal Pradesh
CUST-2026-D00588,Ishwar Swamy,RDZZP7220J,36,M,2,63267,Self-Employed,0,0,0,Business Loan,4062735,36,Own,619053,Karawal Nagar,Rajasthan
CUST-2026-D00589,Riya Dhaliwal,WPWGX1638E,40,M,1,49935,Salaried,3,2,16031,Education Loan,4536025,120,Own,699734,Anand,Tripura
CUST-2026-D00590,Chakrika Gopal,MZKGL1681I,49,F,3,19369,Self-Employed,8,0,0,Personal Loan,1349147,60,Rent,860182,Rajahmundry,Punjab
CUST-2026-D00591,Warhi Walia,HZBJY6046Z,29,F,2,36850,Self-Employed,2,3,9069,Personal Loan,1992046,36,Rent,448582,Mirzapur,Karnataka
CUST-2026-D00592,Nitara Deshpande,TVIHS4018I,31,F,1,45104,Salaried,1,0,0,Car Loan,697665,84,Rent,186913,Nagaon,Maharashtra
CUST-2026-D00593,Chanchal Padmanabhan,PEHAA5926F,38,M,2,146053,Business,3,3,33042,Business Loan,1277848,60,Rent,761940,Hubli–Dharwad,Jharkhand
CUST-2026-D00594,Tamanna Shukla,PTSWD6008E,51,F,3,51182,Salaried,19,1,20866,Marriage Loan,1386698,24,Rent,154509,Alappuzha,Gujarat
CUST-2026-D00595,Quincy Hegde,ATGBU4713Q,39,M,3,46818,Salaried,8,1,18052,Home Loan,1774786,120,Own,400868,Nangloi Jat,West Bengal
CUST-2026-D00596,Osha Dugar,IXVWT6189V,29,F,1,15000,Salaried,3,0,0,Personal Loan,943481,24,Own,620557,Latur,Arunachal Pradesh
CUST-2026-D00597,Ansh Kala,QRGTU1299R,29,F,1,131028,Salaried,4,0,0,Marriage Loan,298579,12,Rent,892780,Imphal,Telangana
CUST-2026-D00598,Ikshita Bava,ZTOYI5363T,24,F,4,26580,Self-Employed,2,1,11440,Car Loan,989468,48,Rent,120591,Barasat,Karnataka
CUST-2026-D00599,Riya Pillai,ZOTDY2306I,35,F,1,48332,Business,7,0,0,Home Loan,14376828,240,Rent,639619,Aurangabad,Maharashtra
CUST-2026-D00600,Zinal Naik,RTYTE7012Y,44,F,1,59572,Retired,21,1,23959,Education Loan,4296410,60,Rent,932840,Gandhinagar,Manipur
CUST-2026-D00601,Saumya Handa,PKGVJ1908C,30,F,1,75370,Self-Employed,0,1,26062,Home Loan,9718451,120,Family,886083,Sultan Pur Majra,Meghalaya
CUST-2026-D00602,Chavvi Zachariah,QZLXK3757L,53,M,0,29485,Salaried,13,1,4471,Business Loan,5348696,36,Rent,684080,Agartala,Meghalaya
CUST-2026-D00603,Veda Patla,KWVYR8943H,24,M,0,52019,Professional,1,3,20503,Home Loan,2384479,300,Rent,488180,Latur,Telangana
CUST-2026-D00604,Lajita Khalsa,NBPKH3190O,34,M,0,53718,Salaried,13,1,15609,Car Loan,553255,48,Own,938120,Surendranagar Dudhrej,Madhya Pradesh
CUST-2026-D00605,Jonathan Kibe,KFMIU6892A,39,M,0,176347,Professional,9,1,40338,Personal Loan,782945,48,Family,357523,Machilipatnam,Himachal Pradesh
CUST-2026-D00606,Abdul Chaudry,BWORE4067S,30,M,1,68279,Salaried,1,1,12697,Business Loan,2615420,36,Rent,957327,Salem,Sikkim
CUST-2026-D00607,George Jani,BKFHJ7738D,48,M,0,75356,Salaried,14,0,0,Marriage Loan,542865,36,Rent,891624,Mysore,Mizoram
CUST-2026-D00608,Veer Agarwal,RKBNK0577P,34,F,2,17308,Self-Employed,4,3,4785,Car Loan,2456922,48,Family,524476,Ulhasnagar,Haryana
CUST-2026-D00609,Elijah Dasgupta,CIKHT3700F,52,F,1,44908,Business,3,1,11219,Personal Loan,600181,12,Rent,557307,Amritsar,Kerala
CUST-2026-D00610,Inaya Chadha,AVKWA4334L,41,M,2,25119,Salaried,1,0,0,Home Loan,14705951,300,Rent,493334,Thiruvananthapuram,Madhya Pradesh
CUST-2026-D00611,Avi Gera,HQJYH5619U,43,M,1,26844,Professional,11,3,10403,Home Loan,12987913,180,Own,840597,Durg,Gujarat
CUST-2026-D00612,Urishilla Sarkar,WVSVZ7637N,31,F,0,126181,Business,3,3,20412,Home Loan,13875470,240,Rent,601495,Karaikudi,Odisha
CUST-2026-D00613,Warda Sarkar,JISXA9173D,52,F,3,58391,Professional,30,1,25205,Business Loan,4613433,24,Rent,237520,Shimla,Sikkim
CUST-2026-D00614,Tejas Pandya,VWTJX8749G,30,M,3,22746,Business,4,0,0,Personal Loan,1612150,24,Family,864283,Darbhanga,Punjab
CUST-2026-D00615,Zehaan Narayanan,KHOEL9809D,42,M,2,143535,Self-Employed,2,3,53454,Personal Loan,434319,24,Rent,542632,Hazaribagh,Odisha
CUST-2026-D00616,Manya Ganguly,ZTUYI9630D,62,M,1,41081,Self-Employed,12,1,14652,Education Loan,2298657,180,Family,914080,Gopalpur,Odisha
CUST-2026-D00617,Barkha Loyal,UDDWX0451P,31,F,0,161210,Salaried,10,1,50927,Education Loan,1238830,60,Rent,963940,Sri Ganganagar,Meghalaya
CUST-2026-D00618,Rohan Jain,JXDET3286R,42,M,1,119987,Self-Employed,1,1,18854,Personal Loan,1518443,12,Rent,590962,Warangal,Tamil Nadu
CUST-2026-D00619,Priya Pandit,SABEB9162U,40,F,2,378906,Self-Employed,2,0,0,Car Loan,1253537,84,Rent,887059,Sagar,Andhra Pradesh
CUST-2026-D00620,Rushil Kota,IKOEU3275J,41,M,1,149162,Professional,16,0,0,Car Loan,639628,60,Own,303857,Tirunelveli,Rajasthan
CUST-2026-D00621,Rushil Dave,JNPYU7094F,34,F,2,126578,Self-Employed,9,2,55447,Personal Loan,1587132,24,Own,416067,Mira-Bhayandar,Himachal Pradesh
CUST-2026-D00622,Janya Mane,PCAUN1189V,50,M,2,81701,Self-Employed,23,0,0,Home Loan,4094461,300,Rent,939446,Tiruvottiyur,Karnataka
CUST-2026-D00623,Nirja Sankaran,BJMOD7584L,38,M,1,69402,Salaried,3,1,27498,Business Loan,2187518,12,Own,514223,Bally,Assam
CUST-2026-D00624,Ladli Kakar,CNVIH8054C,23,F,2,26476,Self-Employed,2,1,6838,Personal Loan,1210794,36,Own,491777,Dehradun,Bihar
CUST-2026-D00625,Hitesh Nori,ASNSP8810Y,40,F,0,27395,Self-Employed,7,0,0,Personal Loan,166033,12,Rent,269740,Hubli–Dharwad,Tamil Nadu
CUST-2026-D00626,Aarna Kuruvilla,RXBRC8596O,40,F,0,15000,Salaried,14,1,2518,Personal Loan,1520796,60,Rent,859938,Pallavaram,Goa
CUST-2026-D00627,Oni Thaman,ODPDR2000C,55,M,5,75187,Business,16,0,0,Home Loan,12234642,240,Rent,398563,Raiganj,Chhattisgarh
CUST-2026-D00628,Anvi Karan,HUSRK5302O,34,F,2,15000,Salaried,3,0,0,Marriage Loan,117929,36,Rent,528551,Gangtok,Rajasthan
CUST-2026-D00629,Saksham Aggarwal,RSXDB1064Q,38,M,3,190431,Professional,8,1,46033,Personal Loan,301766,48,Rent,608462,Jamnagar,Haryana
CUST-2026-D00630,Ekavir Sankaran,YONAH6440K,43,M,3,106597,Self-Employed,4,2,32451,Home Loan,10884727,300,Own,470532,Bhiwani,Arunachal Pradesh
CUST-2026-D00631,Sudiksha Purohit,DQJES4536G,30,M,2,33641,Self-Employed,1,1,9208,Education Loan,3360024,84,Rent,226263,Firozabad,West Bengal
CUST-2026-D00632,Gunbir Kuruvilla,MOXZE9869Q,45,M,1,59673,Business,14,1,24079,Marriage Loan,427981,36,Rent,246544,Mira-Bhayandar,Gujarat
CUST-2026-D00633,Gaurangi Tank,IKXBK9453U,30,F,4,58404,Salaried,8,1,15797,Business Loan,8807119,12,Own,394181,Uluberia,Gujarat
CUST-2026-D00634,Dayita Dugar,BYVXV8017M,43,F,0,110752,Business,2,1,23270,Car Loan,2418257,60,Rent,190136,Akola,Assam
CUST-2026-D00635,Jacob Kumar,BVPRY4994X,58,M,1,94147,Self-Employed,27,2,24431,Education Loan,4607890,120,Rent,387353,Udaipur,Nagaland
CUST-2026-D00636,Eshana Kaur,TQKVK0840D,34,F,1,86934,Self-Employed,7,0,0,Business Loan,1024247,12,Family,876228,Bijapur,Jharkhand
CUST-2026-D00637,Andrew Choudhary,FOEPB5389D,42,F,0,195900,Business,16,2,47934,Personal Loan,1654933,12,Rent,266649,Bhusawal,Gujarat
CUST-2026-D00638,Harshil Patla,DGCVE1460R,56,M,1,44594,Professional,29,2,15204,Car Loan,1486213,36,Own,724652,Thanjavur,Assam
CUST-2026-D00639,Dhriti Patil,SRRMV9403W,36,F,3,101230,Homemaker,2,2,17765,Education Loan,1416690,180,Own,961422,Maheshtala,Goa
CUST-2026-D00640,Aashi Behl,DMQBF7225G,32,M,1,87070,Business,7,0,0,Personal Loan,921536,24,Rent,341751,Bhagalpur,Gujarat
CUST-2026-D00641,Adya Talwar,LBOOV7332K,27,M,3,57181,Self-Employed,6,2,11346,Personal Loan,783114,12,Rent,900763,Patiala,Chhattisgarh
CUST-2026-D00642,Vivaan Nayar,YADNW1421D,38,F,5,167201,Self-Employed,2,0,0,Personal Loan,1463773,24,Family,550999,Nagaon,Rajasthan
CUST-2026-D00643,Dhruv Gala,QOGOB4374P,42,M,1,29248,Self-Employed,4,0,0,Personal Loan,395762,60,Own,208178,Tumkur,Nagaland
CUST-2026-D00644,Shravya Dutta,MFAME0727M,38,M,2,104500,Salaried,5,2,15783,Personal Loan,282939,12,Own,362123,Anantapur,Mizoram
CUST-2026-D00645,Eta Raval,XXJSW2487R,53,M,2,30416,Salaried,11,0,0,Education Loan,3403758,60,Rent,119848,Vijayanagaram,West Bengal
CUST-2026-D00646,Maya Shenoy,YVOOG3376Y,43,M,1,70159,Self-Employed,13,2,10892,Home Loan,9865628,120,Own,319910,Bangalore,Jharkhand
CUST-2026-D00647,Vrinda Mann,RJSYT8454J,38,M,1,27789,Salaried,7,2,7411,Marriage Loan,659788,24,Rent,816325,Raipur,Chhattisgarh
CUST-2026-D00648,Bahadurjit Hegde,JOLBF3585J,42,M,1,78963,Business,0,0,0,Education Loan,1082166,84,Family,213681,Karimnagar,Manipur
CUST-2026-D00649,Gayathri Ganesan,GTNCX2063A,51,M,0,323337,Salaried,13,0,0,Home Loan,9469421,120,Family,966951,Tiruchirappalli,Himachal Pradesh
CUST-2026-D00650,Pranav Gokhale,QLLDJ8295I,36,F,1,52005,Salaried,12,1,16928,Personal Loan,142897,24,Rent,818570,Mango,Sikkim
CUST-2026-D00651,Omkaar Gara,QSQJO3291Q,48,F,1,69742,Salaried,20,1,24130,Education Loan,590473,60,Own,573482,Medininagar,Himachal Pradesh
CUST-2026-D00652,Ranveer Bhagat,LFAIE0632P,48,F,0,103881,Salaried,0,3,29773,Personal Loan,1792987,12,Own,966857,Gopalpur,Sikkim
CUST-2026-D00653,Yashodhara Modi,BJYLF7091D,33,M,1,93468,Self-Employed,12,3,36438,Personal Loan,1107941,12,Own,758003,Gorakhpur,Manipur
CUST-2026-D00654,Christopher Nagarajan,IIGDE6025E,37,F,0,118331,Salaried,12,1,21479,Business Loan,6999754,60,Rent,280915,Lucknow,Tripura
CUST-2026-D00655,Udyati Joshi,FMIXK3880T,35,F,1,69768,Self-Employed,3,0,0,Car Loan,2107793,84,Own,110387,Bidar,Nagaland
CUST-2026-D00656,Ekantika Rajan,RLSED7017W,57,M,1,47052,Salaried,24,0,0,Business Loan,8158847,60,Own,916121,Siliguri,Goa
CUST-2026-D00657,Pranav Mani,MDXSM5090D,32,M,4,188657,Retired,1,1,75215,Marriage Loan,564136,12,Own,286548,Aligarh,Himachal Pradesh
CUST-2026-D00658,Parth Buch,WLLMX5594S,39,F,3,15000,Salaried,9,0,0,Car Loan,2195464,60,Rent,215260,Kharagpur,Bihar
CUST-2026-D00659,Yashvi Gala,SMCEY4981W,38,M,0,251670,Salaried,0,1,110730,Home Loan,6057881,300,Family,261111,Raipur,Telangana
CUST-2026-D00660,Onveer Pandit,SKNZV9420Z,48,M,2,64481,Salaried,14,2,15242,Car Loan,1561333,48,Own,485362,Medininagar,Telangana
CUST-2026-D00661,Matthew Sankaran,ZGFMY9839V,37,F,1,104901,Self-Employed,6,0,0,Personal Loan,1717839,60,Rent,352986,Buxar,West Bengal
CUST-2026-D00662,Alka Wagle,XAZHP1586J,44,F,2,205852,Professional,23,0,0,Car Loan,614604,36,Own,323983,Rohtak,Uttar Pradesh
CUST-2026-D00663,Bhavya Ahluwalia,FUOLW3847J,41,F,1,139332,Self-Employed,4,0,0,Education Loan,4342864,60,Rent,715480,Adoni,Uttar Pradesh
CUST-2026-D00664,Anamika Jayaraman,OXLRL4301J,34,F,2,74630,Self-Employed,2,0,0,Car Loan,2130110,48,Rent,736400,Hosur,West Bengal
CUST-2026-D00665,Zayyan Pandya,ORDBD3942T,38,M,3,98957,Salaried,5,1,19872,Personal Loan,1369529,12,Own,723447,Alappuzha,Rajasthan
CUST-2026-D00666,Ansh Nanda,FUZLP7028O,39,F,3,109289,Salaried,18,1,44742,Car Loan,1720443,48,Family,613140,Suryapet,Madhya Pradesh
CUST-2026-D00667,Sarthak Balasubramanian,VODTN0077X,24,F,3,39819,Salaried,2,1,14932,Marriage Loan,389381,12,Family,582995,Gudivada,Jharkhand
CUST-2026-D00668,Rudra Acharya,VFQJH3418Q,35,M,2,70582,Self-Employed,1,0,0,Personal Loan,1754923,12,Rent,825348,Farrukhabad,Manipur
CUST-2026-D00669,Radhika Wali,PGXBS6483I,42,F,0,98532,Salaried,6,1,29417,Personal Loan,1358137,36,Own,962129,Ramagundam,Punjab
CUST-2026-D00670,Aachal Badal,RKTTJ0472V,47,F,1,135624,Salaried,18,0,0,Personal Loan,381125,36,Family,850678,Warangal,Madhya Pradesh
CUST-2026-D00671,Liam Issac,SOPNB6106R,42,F,1,117240,Professional,9,1,41454,Car Loan,528212,60,Rent,980393,Tumkur,West Bengal
CUST-2026-D00672,Lipika Jha,IMBPL7689Z,41,M,3,44308,Business,4,2,9337,Car Loan,928573,36,Rent,566284,Bhiwandi,Manipur
CUST-2026-D00673,Vasudha Biswas,KOQOE3683K,33,M,3,78339,Professional,9,3,14101,Home Loan,3992651,120,Rent,990484,Jalna,Gujarat
CUST-2026-D00674,Isha Verma,YJVMT4190I,42,M,2,50221,Self-Employed,4,0,0,Personal Loan,1844985,24,Own,921236,Motihari,Haryana
CUST-2026-D00675,Upma Dugar,THJZD7255Y,42,F,4,44748,Salaried,1,1,10320,Car Loan,2401720,36,Own,248398,Chandrapur,Arunachal Pradesh
CUST-2026-D00676,Ganga Agate,OYKBI8735T,51,F,1,30035,Business,22,2,10336,Car Loan,452462,84,Rent,847362,Lucknow,Arunachal Pradesh
CUST-2026-D00677,Aradhana Raju,DVPWG9903Y,38,M,1,178926,Salaried,0,2,32141,Car Loan,942412,84,Own,746931,Tiruvottiyur,Gujarat
CUST-2026-D00678,Jeremiah Sengupta,NZGAF5854L,31,M,1,30445,Professional,2,0,0,Personal Loan,551744,12,Family,908056,Loni,Karnataka
CUST-2026-D00679,Frado Dalal,UBWDT2871S,54,F,0,121989,Self-Employed,30,2,29955,Car Loan,1589355,60,Rent,682676,Rampur,Madhya Pradesh
CUST-2026-D00680,Umang Gaba,WQIQN2891L,35,F,2,72139,Professional,0,0,0,Personal Loan,1370447,24,Own,185543,Dehradun,Assam
CUST-2026-D00681,Naksh Sarma,IYXMC3202E,31,M,4,23291,Self-Employed,2,1,5766,Education Loan,4799104,84,Own,313712,Alwar,Karnataka
CUST-2026-D00682,Luke Sawhney,PDWPG6459X,29,M,0,117457,Salaried,6,1,51740,Personal Loan,799368,36,Family,304021,Chapra,Uttarakhand
CUST-2026-D00683,Harinakshi Seshadri,LWIXR0746I,38,M,1,280291,Self-Employed,9,0,0,Personal Loan,758885,48,Own,738064,Meerut,Rajasthan
CUST-2026-D00684,Samarth Wagle,KEMSZ0500J,28,M,3,109456,Salaried,3,3,34540,Personal Loan,1283687,36,Own,653913,Kakinada,Sikkim
CUST-2026-D00685,Radhika Gole,SNLKW9249D,26,M,2,116157,Self-Employed,0,0,0,Personal Loan,1592824,60,Rent,337911,Vasai-Virar,Kerala
CUST-2026-D00686,Matthew Muni,SOCFD5097H,26,F,1,55305,Self-Employed,5,0,0,Business Loan,5550438,12,Family,213131,Baranagar,Sikkim
CUST-2026-D00687,Rehaan Sanghvi,MXKOB3492U,41,M,2,31535,Business,0,0,0,Marriage Loan,906963,48,Family,958644,Hubli–Dharwad,Andhra Pradesh
CUST-2026-D00688,Tripti Dey,LRPIQ2596O,39,M,4,49176,Professional,3,1,14246,Education Loan,4184002,60,Rent,551911,Kamarhati,Gujarat
CUST-2026-D00689,Hitesh Chanda,VIWVJ4131Y,46,M,1,55456,Professional,18,1,9200,Personal Loan,1268523,60,Rent,571981,Madhyamgram,Himachal Pradesh
CUST-2026-D00690,Gabriel Sant,VVWIL5267X,42,F,1,45758,Self-Employed,15,0,0,Personal Loan,188980,48,Rent,644980,Sambhal,Andhra Pradesh
CUST-2026-D00691,Adya Cheema,EFUIW1608Z,34,F,0,33105,Salaried,11,2,7543,Personal Loan,1201105,60,Rent,747711,Tiruvottiyur,Karnataka
CUST-2026-D00692,Luke De,LBGIP7168Z,28,F,1,63762,Business,1,0,0,Personal Loan,1168462,24,Own,185937,Parbhani,Assam
CUST-2026-D00693,Harish Babu,MDPUN8589X,52,F,1,72810,Professional,26,1,24534,Car Loan,1971170,60,Own,270319,Ambarnath,Haryana
CUST-2026-D00694,Sathvik Oommen,MIPCA0806C,31,M,0,98275,Retired,2,1,22313,Personal Loan,874939,24,Rent,896791,Faridabad,Goa
CUST-2026-D00695,Qadim Sunder,WHKTO6732N,40,M,3,93127,Self-Employed,15,1,31923,Home Loan,12760156,300,Rent,977307,Guwahati,Manipur
CUST-2026-D00696,Bhavika Sabharwal,ZFVMT4072Z,46,F,0,15000,Professional,22,0,0,Personal Loan,123513,60,Rent,807827,Bally,Karnataka
CUST-2026-D00697,Mahika Kamdar,PLCFM5471S,37,M,1,135392,Self-Employed,8,0,0,Personal Loan,1981000,60,Rent,745229,Jaipur,Andhra Pradesh
CUST-2026-D00698,Aarnav Kulkarni,BHSOV6532H,57,F,2,74207,Self-Employed,25,3,24597,Personal Loan,1841606,48,Rent,729234,Srikakulam,Andhra Pradesh
CUST-2026-D00699,Charles Mohanty,HERSI6406K,30,F,2,113169,Self-Employed,9,1,45991,Personal Loan,1661472,48,Own,887867,Guna,Mizoram
CUST-2026-D00700,Tanay Pai,WRGMR1746W,55,F,2,39798,Business,20,3,6855,Home Loan,10507729,180,Own,521089,Nizamabad,Goa
CUST-2026-D00701,Arjun Vohra,PKXGM7499X,33,F,0,164792,Professional,3,0,0,Car Loan,1782866,36,Rent,608652,Tadepalligudem,Meghalaya
CUST-2026-D00702,Shravya Nayak,BPXTM9406M,39,M,3,54149,Self-Employed,4,3,9604,Personal Loan,723569,60,Family,527121,Munger,Kerala
CUST-2026-D00703,Wakeeta Lala,QTGUS9570N,34,M,2,67670,Salaried,0,0,0,Personal Loan,1083033,48,Rent,483490,Nellore,Nagaland
CUST-2026-D00704,Januja Verma,MACPP2311P,34,F,3,88167,Self-Employed,12,1,39369,Business Loan,2695338,60,Own,162487,Asansol,Sikkim
CUST-2026-D00705,Amol Mallick,WWTQI9426F,48,M,2,41435,Salaried,12,0,0,Personal Loan,241181,24,Own,559387,Berhampur,Andhra Pradesh
CUST-2026-D00706,Hritik Keer,PPZPK5502L,33,M,2,19733,Self-Employed,7,2,6173,Personal Loan,359360,48,Own,941713,Motihari,Manipur
CUST-2026-D00707,Wridesh Gandhi,UYQVC3294A,50,M,2,66950,Self-Employed,24,3,26425,Personal Loan,590665,12,Rent,789453,Raiganj,Maharashtra
CUST-2026-D00708,Bhavna Mahajan,ELIGK7029B,43,M,2,53509,Self-Employed,7,1,8875,Personal Loan,1701728,24,Family,400312,Tiruvottiyur,Goa
CUST-2026-D00709,Deepa Verma,GABCS9436U,46,F,1,199811,Professional,13,1,74534,Education Loan,3095933,84,Rent,967439,Kolhapur,Meghalaya
CUST-2026-D00710,Onveer Gopal,RICPS9014Z,54,F,2,38128,Business,23,1,7575,Personal Loan,1875473,60,Rent,142352,Tiruppur,Madhya Pradesh
CUST-2026-D00711,Hamsini Sani,ZBJHF3838L,30,F,0,123688,Self-Employed,8,0,0,Education Loan,816124,180,Family,375582,Gandhidham,Goa
CUST-2026-D00712,Ira Chaudry,OSFBH6650R,43,F,1,58285,Professional,22,3,15032,Education Loan,1687987,180,Own,680781,Korba,Haryana
CUST-2026-D00713,Pooja Chakraborty,TAIOA6146U,39,M,3,118646,Professional,3,0,0,Car Loan,1572783,48,Own,256452,Vadodara,Jharkhand
CUST-2026-D00714,Bhavya Kapoor,HUVGG0278W,37,F,1,75699,Business,7,1,30716,Personal Loan,1203442,12,Family,739399,Jalgaon,Rajasthan
CUST-2026-D00715,Utkarsh Dada,JRCTF5261W,37,F,4,40148,Salaried,5,3,14588,Education Loan,3748374,60,Rent,817604,Barasat,Assam
CUST-2026-D00716,Divya Borra,LRDTX4457D,42,M,4,129335,Salaried,5,1,56846,Personal Loan,1938044,60,Family,996769,Panvel,Mizoram
CUST-2026-D00717,Noah Majumdar,KRCBG7297S,54,F,2,121946,Salaried,2,0,0,Car Loan,459916,84,Rent,685760,Kamarhati,Rajasthan
CUST-2026-D00718,Harish Wable,FMKNU2647M,58,M,0,48750,Self-Employed,1,1,18123,Personal Loan,589140,24,Own,513828,Ballia,Meghalaya
CUST-2026-D00719,Mitali Sahota,XQUKO4905C,37,F,2,85816,Self-Employed,4,0,0,Home Loan,1866240,180,Rent,852992,Raichur,Uttarakhand
CUST-2026-D00720,Mitali Agarwal,DIVPC5380D,32,M,3,78612,Salaried,10,1,24159,Car Loan,1994822,36,Own,619083,Sirsa,Rajasthan
CUST-2026-D00721,Sachi Murthy,XNYKF0196K,38,F,3,121954,Salaried,0,0,0,Business Loan,7513810,36,Own,756805,Khammam,Gujarat
CUST-2026-D00722,Yash Pau,BTPZE2040O,28,M,0,48474,Homemaker,3,0,0,Personal Loan,295137,60,Rent,429076,Chandigarh,Karnataka
CUST-2026-D00723,Rohan Mannan,ROHVU0804Z,41,M,1,65947,Self-Employed,14,2,29539,Car Loan,749925,84,Rent,397516,Purnia,Gujarat
CUST-2026-D00724,Dhriti Palan,PRCCM5945H,48,F,2,59359,Salaried,12,1,14897,Home Loan,6293921,180,Rent,916444,Ajmer,Karnataka
CUST-2026-D00725,Indira Madan,TLXHT4138F,39,F,1,67188,Self-Employed,2,1,11427,Personal Loan,1047314,48,Rent,769999,Nanded,Meghalaya
CUST-2026-D00726,Tanvi Edwin,AKPPH6019G,45,F,3,21168,Professional,17,0,0,Education Loan,1629080,120,Rent,394055,Jaipur,Bihar
CUST-2026-D00727,Ekaja Mani,OWTKK7290E,28,M,2,34595,Professional,1,2,9935,Personal Loan,1432641,24,Own,338593,Bijapur,Maharashtra
CUST-2026-D00728,Sneha Morar,LQQQD5365H,30,F,2,67458,Salaried,2,3,19278,Personal Loan,152887,48,Rent,184536,Bareilly,Mizoram
CUST-2026-D00729,Brinda Patil,EJUAX2413Q,32,M,1,103581,Salaried,7,1,25005,Education Loan,3566452,120,Own,976335,Anand,Assam
CUST-2026-D00730,Ishani Chokshi,DXZBP7247I,49,F,1,152447,Salaried,1,0,0,Education Loan,2406928,84,Own,355711,Alwar,Goa
CUST-2026-D00731,Vasana Murthy,AHZGE4054U,39,F,2,128254,Salaried,1,2,20102,Business Loan,887996,12,Rent,488359,Kulti,Punjab
CUST-2026-D00732,Aayush Goel,LGLXD2800M,51,M,0,64629,Self-Employed,23,1,27867,Personal Loan,277704,12,Family,865528,Secunderabad,Uttar Pradesh
CUST-2026-D00733,Fariq Subramanian,AQEPG7245S,54,F,3,48200,Business,10,2,8827,Car Loan,771899,36,Rent,573123,Jamnagar,Chhattisgarh
CUST-2026-D00734,Sudiksha Maharaj,MSKOH0414S,40,F,2,210387,Homemaker,1,1,87428,Personal Loan,130413,48,Own,762845,Kottayam,Tripura
CUST-2026-D00735,Champak Dhar,TYCQL6998B,45,M,3,62422,Professional,17,2,24930,Personal Loan,1433412,48,Family,924520,Rohtak,Andhra Pradesh
CUST-2026-D00736,Ishanvi Trivedi,TLCOG6343E,35,M,1,41277,Self-Employed,14,1,6387,Personal Loan,1422200,12,Rent,770250,Bhilai,Jharkhand
CUST-2026-D00737,Kai Dixit,QNXNZ1371F,38,F,2,49593,Self-Employed,17,1,8958,Personal Loan,1695971,36,Own,196916,Nashik,Rajasthan
CUST-2026-D00738,Zarna Bala,ZOYYG3828K,38,M,2,63071,Homemaker,5,2,18925,Business Loan,2952460,36,Rent,961093,Tumkur,Bihar
CUST-2026-D00739,Orinder Patel,LIKFU9110A,49,F,1,62061,Self-Employed,26,2,20351,Car Loan,2483117,36,Rent,591463,Jaunpur,Meghalaya
CUST-2026-D00740,Geetika Kuruvilla,HRWPV8548A,30,M,2,139237,Salaried,6,1,39914,Education Loan,3816921,60,Rent,486158,Chittoor,Himachal Pradesh
CUST-2026-D00741,Fiyaz Purohit,KAHBM5151R,29,M,2,16902,Self-Employed,0,0,0,Car Loan,2047215,84,Rent,115189,Dindigul,Andhra Pradesh
CUST-2026-D00742,Girish Sahni,KHOZN2675U,51,F,2,55207,Business,16,0,0,Business Loan,9641652,12,Rent,356890,Sangli-Miraj & Kupwad,Jharkhand
CUST-2026-D00743,Ekavir Koshy,VQRGY1448K,31,F,1,47714,Self-Employed,6,2,17515,Personal Loan,121941,24,Rent,637231,Gaya,Meghalaya
CUST-2026-D00744,Hemani Panchal,PTXHO0677E,46,F,4,23793,Self-Employed,20,1,5475,Personal Loan,666937,48,Rent,553097,Eluru,Uttarakhand
CUST-2026-D00745,Zayyan Ratti,SKWJN1377H,51,M,1,60619,Salaried,3,2,11757,Personal Loan,1618063,24,Family,883018,Amritsar,Sikkim
CUST-2026-D00746,Zayan Khare,IZWPH8262M,34,F,1,31623,Professional,10,0,0,Personal Loan,922918,36,Rent,450758,Saharsa,Nagaland
CUST-2026-D00747,Viraj Muni,AOYXG0414J,52,F,2,27175,Self-Employed,18,1,11966,Marriage Loan,1331337,12,Own,896639,Bardhaman,Sikkim
CUST-2026-D00748,Faqid Master,DDPIA3483Z,49,F,1,23408,Professional,26,1,6141,Education Loan,2508299,180,Rent,382271,Bhopal,Goa
CUST-2026-D00749,Warda Radhakrishnan,PDOET6343G,33,M,2,70740,Self-Employed,3,0,0,Business Loan,5611018,24,Own,222666,Jalna,Haryana
CUST-2026-D00750,Rehaan Varghese,UQZCN0731R,44,F,4,31900,Salaried,8,2,13604,Car Loan,1080112,84,Rent,375046,Eluru,Rajasthan
CUST-2026-D00751,Jonathan Sant,BUJDF7692D,50,M,3,110118,Self-Employed,21,1,32516,Car Loan,853744,84,Family,671550,Vijayanagaram,Haryana
CUST-2026-D00752,Michael Nadig,UJXHP8400H,50,M,3,46608,Professional,25,3,13142,Marriage Loan,450467,36,Rent,536988,Satara,Uttarakhand
CUST-2026-D00753,Yadavi Nazareth,LAXQU1315S,36,M,4,73743,Self-Employed,2,2,14690,Personal Loan,1303149,36,Own,472590,Dewas,Chhattisgarh
CUST-2026-D00754,Rajata Mammen,JWNXB8638V,29,M,2,60377,Self-Employed,5,0,0,Personal Loan,1091551,48,Own,462176,Darbhanga,Uttar Pradesh
CUST-2026-D00755,Omya Bala,UBTCK8896B,34,M,0,22457,Business,10,1,6825,Business Loan,8947405,60,Rent,487378,Mehsana,Kerala
CUST-2026-D00756,Ekta Saran,NAJWD7833W,45,M,3,88776,Self-Employed,7,1,20242,Car Loan,2428988,60,Family,540016,Kirari Suleman Nagar,Punjab
CUST-2026-D00757,Mohammed Borra,UJQOS1593E,57,M,2,75435,Salaried,1,0,0,Home Loan,13630469,240,Rent,387735,Amroha,Uttar Pradesh
CUST-2026-D00758,Aarush Virk,VIMQI8374Z,54,M,1,45790,Salaried,11,1,13957,Business Loan,2647950,12,Own,844782,Meerut,West Bengal
CUST-2026-D00759,Yashvi Karan,XCKUL9722S,33,F,2,17359,Salaried,9,3,4523,Home Loan,5883511,240,Own,436448,Kamarhati,Sikkim
CUST-2026-D00760,Tejas Dey,RXWCT8943E,48,M,0,40158,Professional,7,0,0,Business Loan,8519470,24,Family,659087,Saharsa,Tamil Nadu
CUST-2026-D00761,Jai Patla,RSMQY8820W,35,F,1,92156,Homemaker,10,2,38477,Personal Loan,1113851,12,Rent,811562,Chittoor,Chhattisgarh
CUST-2026-D00762,Osha Rajagopalan,UJNCS8294U,45,F,0,54706,Self-Employed,9,0,0,Car Loan,1026999,48,Family,434614,Gaya,Himachal Pradesh
CUST-2026-D00763,Sarthak Natarajan,ERJCX1587Y,53,M,1,62176,Salaried,6,0,0,Car Loan,729591,48,Own,170096,Fatehpur,Madhya Pradesh
CUST-2026-D00764,Faras Banik,WBJNN0291V,53,M,2,29326,Self-Employed,20,1,8403,Personal Loan,1581609,60,Rent,533481,Jehanabad,Chhattisgarh
CUST-2026-D00765,Nidra Kashyap,PEPEX2179E,36,M,0,68948,Salaried,2,2,18909,Education Loan,461057,120,Rent,711813,North Dumdum,Mizoram
CUST-2026-D00766,Inaya Hegde,AWDHV1137D,49,F,2,59626,Business,5,3,19192,Personal Loan,1338439,36,Family,243481,Shivpuri,Maharashtra
CUST-2026-D00767,Gautam Bhalla,DXXUM8480E,53,M,4,33002,Salaried,24,0,0,Business Loan,8175549,60,Family,949667,Bhilai,Mizoram
CUST-2026-D00768,Thomas Bath,QTTXN8776Y,41,F,2,59560,Self-Employed,0,0,0,Home Loan,5433168,180,Own,634862,Sambalpur,Telangana
CUST-2026-D00769,Naveen Bhalla,NXSXZ9697V,27,F,5,22465,Salaried,6,1,7856,Personal Loan,1104591,12,Rent,572359,Hindupur,Himachal Pradesh
CUST-2026-D00770,Januja Seshadri,GRQRG0160V,37,M,3,82620,Salaried,2,1,16930,Personal Loan,211543,36,Rent,846578,Rampur,Nagaland
CUST-2026-D00771,Unni Minhas,SHZKN1752I,32,M,0,58155,Salaried,5,0,0,Home Loan,10544958,120,Own,201010,Gandhidham,Rajasthan
CUST-2026-D00772,Bhavani Khosla,GMJTT8878J,43,F,0,43463,Salaried,16,2,8236,Home Loan,13814545,240,Rent,749346,Pallavaram,Bihar
CUST-2026-D00773,Yochana Madan,QOJEB0204M,38,F,2,19043,Self-Employed,10,0,0,Car Loan,1667704,60,Family,588306,Farrukhabad,Rajasthan
CUST-2026-D00774,Ekani Chaudhry,XUOFY9662V,48,M,4,29976,Self-Employed,23,1,11936,Personal Loan,1330854,48,Family,340158,Nanded,Goa
CUST-2026-D00775,Indrajit Mall,HPPDS8797F,44,F,3,85739,Salaried,4,1,21875,Personal Loan,551841,48,Own,475306,Rajpur Sonarpur,Haryana
CUST-2026-D00776,Indira Golla,ENQHM3752O,56,M,2,30830,Self-Employed,23,2,10120,Car Loan,2224234,36,Rent,677994,Katni,Uttarakhand
CUST-2026-D00777,Leela Loke,ILBGO5621C,55,F,2,22488,Business,10,0,0,Personal Loan,450147,60,Rent,700688,Pudukkottai,Madhya Pradesh
CUST-2026-D00778,Charles Palla,PWPUT2469H,38,F,2,19879,Business,2,1,7109,Home Loan,9914077,180,Rent,234257,Udupi,Assam
CUST-2026-D00779,Atharv Chana,MJQQJ8744R,39,M,1,56202,Salaried,10,1,14515,Education Loan,2266996,180,Family,999430,Ulhasnagar,Andhra Pradesh
CUST-2026-D00780,Meghana Konda,OHUSV9993K,35,M,2,118403,Self-Employed,5,0,0,Education Loan,4207055,84,Own,207899,Bidar,Haryana
CUST-2026-D00781,Tejas Subramanian,EHTZZ7998Q,34,M,0,113570,Salaried,5,0,0,Home Loan,10585939,240,Family,716355,Kottayam,Nagaland
CUST-2026-D00782,Harrison Anand,VZCBX0230H,49,F,1,139760,Self-Employed,4,0,0,Personal Loan,1880705,24,Rent,320918,Mahbubnagar,Andhra Pradesh
CUST-2026-D00783,Jeevika Chana,XKQFF9341M,47,F,1,285327,Salaried,11,2,112871,Car Loan,910313,36,Family,906539,Khandwa,Punjab
CUST-2026-D00784,Ucchal Nayar,OWIHZ2071J,53,F,2,32579,Self-Employed,21,1,8308,Marriage Loan,1165108,36,Family,172897,Bikaner,Tripura
CUST-2026-D00785,Ekavir Nigam,BIEAU8767D,35,M,1,49430,Salaried,1,0,0,Personal Loan,1253523,60,Rent,233858,Kharagpur,West Bengal
CUST-2026-D00786,Nathan Sood,NSIJU1921A,35,M,3,56328,Professional,7,0,0,Car Loan,1113457,84,Family,871253,Adoni,Assam
CUST-2026-D00787,Kamya Narayan,YMTMR2978K,35,F,2,38816,Retired,10,2,10909,Car Loan,1618921,48,Rent,166056,Pali,Rajasthan
CUST-2026-D00788,Nathan Sachdev,XKVOP6595A,52,M,0,98131,Self-Employed,26,1,37188,Home Loan,5730810,180,Rent,238257,Ramagundam,Karnataka
CUST-2026-D00789,Vrinda Gour,IGBKX5782E,42,M,2,81317,Salaried,16,0,0,Personal Loan,1497578,60,Rent,321055,Tirunelveli,Karnataka
CUST-2026-D00790,Jagdish Wali,ZYXSK6191J,48,F,0,83579,Self-Employed,0,0,0,Education Loan,3960160,84,Rent,551490,Korba,Tripura
CUST-2026-D00791,Vivaan Saini,NJZHL9311K,42,M,2,33202,Self-Employed,20,0,0,Business Loan,2962795,12,Rent,696039,Loni,Madhya Pradesh
CUST-2026-D00792,Amaira Ravel,OHZBN9972A,42,M,2,26339,Salaried,13,1,4621,Car Loan,2007988,36,Rent,797809,Gorakhpur,Kerala
CUST-2026-D00793,Wazir Lall,BDFOD0288B,33,M,4,43642,Self-Employed,11,2,17696,Business Loan,7315229,24,Rent,223115,Rampur,Chhattisgarh
CUST-2026-D00794,Vidhi Vohra,RSNWI3021V,30,F,0,121415,Salaried,0,0,0,Car Loan,741864,48,Rent,781950,Alappuzha,Jharkhand
CUST-2026-D00795,Aarna Kaul,NAUAY5366W,54,F,2,76392,Self-Employed,13,1,13795,Personal Loan,53904,36,Own,651574,Ramagundam,Bihar
CUST-2026-D00796,Triveni Vig,FTVHO1039E,49,M,1,66982,Salaried,17,3,25567,Home Loan,8460827,180,Family,724788,Cuttack,Manipur
CUST-2026-D00797,Arjun Mani,WABEQ3461P,35,F,3,32022,Professional,9,0,0,Home Loan,13828795,240,Rent,604835,Bally,Sikkim
CUST-2026-D00798,Gaurang Bhatia,JTYRV1934R,53,F,1,69555,Self-Employed,12,1,20779,Car Loan,1158471,48,Rent,883255,Bangalore,Uttarakhand
CUST-2026-D00799,Warjas Ranganathan,VTKGR3883O,37,M,3,99228,Business,8,0,0,Marriage Loan,589534,24,Own,765427,Tiruchirappalli,Himachal Pradesh
CUST-2026-D00800,Karan D’Alia,XRCHY4455L,41,M,2,35704,Salaried,20,0,0,Home Loan,11751342,300,Own,755361,Khammam,Karnataka
CUST-2026-D00801,Janya Bhasin,ZGWAS7891X,36,F,3,97422,Self-Employed,6,1,18808,Personal Loan,1152557,60,Rent,803615,Karnal,Nagaland
CUST-2026-D00802,Indrajit Yohannan,UTLFG9328U,32,F,2,38103,Salaried,9,0,0,Personal Loan,1405043,60,Own,971310,Ozhukarai,Karnataka
CUST-2026-D00803,Rayaan Solanki,DAMCK4525L,44,M,2,79391,Self-Employed,11,0,0,Personal Loan,505653,24,Rent,329081,Gudivada,Sikkim
CUST-2026-D00804,Nicholas Bhattacharyya,WETSA7145W,61,M,3,109988,Self-Employed,23,0,0,Home Loan,14504443,240,Rent,371917,Tumkur,Odisha
CUST-2026-D00805,Ekiya Bath,COGCF7607U,51,F,1,63296,Business,15,1,26061,Personal Loan,65433,60,Own,258725,Dhule,Bihar
CUST-2026-D00806,Vedhika Kurian,DEJCS8804T,54,F,4,17163,Salaried,29,0,0,Home Loan,9917111,300,Rent,530913,Uluberia,West Bengal
CUST-2026-D00807,Wishi Devan,IEAQI6287W,51,M,1,28636,Salaried,30,3,7441,Car Loan,1809040,60,Rent,349265,Sangli-Miraj & Kupwad,Punjab
CUST-2026-D00808,Jasmit Bawa,GXWVR4681W,48,M,0,80617,Self-Employed,0,2,14548,Education Loan,1991641,180,Own,232154,Silchar,Assam
CUST-2026-D00809,Mohammed Sagar,AWWKK0963C,34,M,1,40437,Retired,0,0,0,Business Loan,4287693,24,Rent,329231,Haldia,Arunachal Pradesh
CUST-2026-D00810,Leena Goel,RBJEY9972P,40,M,3,56804,Self-Employed,16,0,0,Car Loan,1351738,48,Own,425120,Guntur,Uttarakhand
CUST-2026-D00811,Sneha Banerjee,DXCPQ2419D,42,F,1,47730,Self-Employed,17,0,0,Personal Loan,1834196,36,Own,261473,Panipat,Mizoram
CUST-2026-D00812,Kamya Bhat,VSENA8217E,56,F,0,39292,Self-Employed,18,1,9786,Car Loan,1569741,60,Family,808007,Latur,Maharashtra
CUST-2026-D00813,Eshana Khurana,MMMRE8208L,50,F,1,107203,Self-Employed,16,3,18730,Home Loan,5771579,240,Rent,757108,Ambarnath,Kerala
CUST-2026-D00814,Girik Bhalla,FZSOE4426P,36,M,2,15000,Self-Employed,6,1,3875,Home Loan,11289260,240,Family,463550,Munger,Arunachal Pradesh
CUST-2026-D00815,Ishita Sarraf,NIVPO9770B,40,F,1,124761,Salaried,2,0,0,Business Loan,2494898,12,Family,288095,Belgaum,Manipur
CUST-2026-D00816,Chanakya Suresh,PLMUC6825Z,38,F,3,48194,Homemaker,16,1,19545,Education Loan,2430750,120,Rent,655669,Farrukhabad,Himachal Pradesh
CUST-2026-D00817,Daksha Keer,QDRBJ4347V,44,M,2,57179,Self-Employed,5,0,0,Personal Loan,1161299,48,Own,227797,Kakinada,Chhattisgarh
CUST-2026-D00818,Gunbir Lad,ZEEOB6650L,38,M,1,28505,Salaried,7,1,4950,Personal Loan,1972191,60,Rent,424851,Raiganj,Uttarakhand
CUST-2026-D00819,Vedant Dyal,HLJIT6322Z,41,M,2,29651,Self-Employed,0,1,9901,Personal Loan,1325129,60,Family,790107,Guntakal,Mizoram
CUST-2026-D00820,Yug Deo,JUECF6579E,49,F,0,71252,Self-Employed,16,1,31258,Car Loan,1659263,36,Rent,275127,Surat,Kerala
CUST-2026-D00821,Jagvi Khatri,ROMCH7610H,51,M,0,159891,Salaried,25,0,0,Car Loan,1576344,36,Own,190113,Khora ,Arunachal Pradesh
CUST-2026-D00822,Hemal Lall,AGUST7606J,38,F,2,117840,Professional,12,1,25094,Education Loan,4950413,120,Rent,207890,Ambattur,West Bengal
CUST-2026-D00823,Nachiket Wali,PHLSU8131U,43,M,3,34360,Business,2,0,0,Education Loan,4232065,84,Own,216760,Davanagere,Punjab
CUST-2026-D00824,Xalak Rout,DKFSY2366Y,34,F,1,42217,Salaried,0,1,6416,Home Loan,7185664,300,Family,500094,Tiruvottiyur,Rajasthan
CUST-2026-D00825,Abhimanyu Natarajan,OKWQE9359S,37,M,0,15000,Business,6,1,3158,Personal Loan,1576203,60,Rent,679375,Bharatpur,West Bengal
CUST-2026-D00826,Garima Dyal,YTABK8016V,41,M,2,59456,Homemaker,17,0,0,Home Loan,4085767,180,Own,375203,Jhansi,Tamil Nadu
CUST-2026-D00827,Yatin Reddy,PKFTZ8285G,43,M,2,57882,Self-Employed,5,1,15809,Education Loan,4619522,60,Rent,249439,Indore,Tripura
CUST-2026-D00828,Mahika Wadhwa,IVEBL6416W,42,M,5,121245,Self-Employed,9,0,0,Education Loan,1033055,180,Rent,614465,Narasaraopet,Himachal Pradesh
CUST-2026-D00829,Wriddhish Padmanabhan,DLOGS9261E,38,F,3,33560,Business,8,3,11035,Personal Loan,791525,36,Rent,660333,Kanpur,Maharashtra
CUST-2026-D00830,Michael Mangal,UFCIC6644E,37,F,3,104586,Self-Employed,14,0,0,Marriage Loan,1020242,48,Family,434307,Ghaziabad,Mizoram
CUST-2026-D00831,Yagnesh Gaba,IWEMP2631X,37,F,1,85789,Business,12,2,15781,Personal Loan,814626,12,Own,957264,Jaipur,Odisha
CUST-2026-D00832,Krishna Rajan,YKJLI1811O,45,M,1,31771,Salaried,21,2,10200,Car Loan,1793633,48,Rent,952957,Jaunpur,Bihar
CUST-2026-D00833,Bahadurjit Arora,JMEUO9647Y,51,M,0,21863,Salaried,24,1,9350,Personal Loan,618977,12,Family,291696,Tadepalligudem,Assam
CUST-2026-D00834,Vincent Dyal,JWFRS8229P,47,M,1,118552,Salaried,16,0,0,Education Loan,599310,84,Family,950393,Panchkula,Meghalaya
CUST-2026-D00835,Bahadurjit Bhatia,NOQDV7854S,42,M,1,46441,Salaried,18,0,0,Education Loan,3768089,180,Own,191639,Imphal,Assam
CUST-2026-D00836,Tanmayi Oza,RAVQF5865R,51,M,0,56553,Salaried,27,3,9551,Personal Loan,1814234,60,Rent,798040,Pallavaram,Tripura
CUST-2026-D00837,Wishi Pall,EFGTQ1862S,44,F,1,67332,Self-Employed,22,2,26151,Marriage Loan,1454468,12,Own,321717,Secunderabad,Rajasthan
CUST-2026-D00838,Timothy Sarma,YSXUX0063E,36,F,2,30649,Professional,10,2,5263,Education Loan,2721645,84,Rent,807320,Ramagundam,Gujarat
CUST-2026-D00839,Lila Arya,VWSRP0385F,57,F,2,97316,Salaried,11,3,28176,Car Loan,2062382,36,Rent,880837,Katihar,West Bengal
CUST-2026-D00840,Jagrati Chopra,BSVVA9758U,56,M,2,57383,Self-Employed,12,3,19638,Business Loan,3094493,60,Rent,487977,Ghaziabad,Uttarakhand
CUST-2026-D00841,Hemani Dua,AEDAA6647L,38,F,1,53272,Retired,1,1,19131,Personal Loan,733046,12,Rent,478123,Jaipur,Andhra Pradesh
CUST-2026-D00842,Vamakshi Datta,UPDVM1561Z,52,M,3,386975,Business,18,1,130089,Personal Loan,291987,36,Own,636280,Suryapet,Maharashtra
CUST-2026-D00843,Meghana Parikh,ZVRAA6657G,44,M,1,131942,Salaried,22,1,22900,Marriage Loan,1426071,36,Rent,605841,Moradabad,Meghalaya
CUST-2026-D00844,Sudiksha Sheth,BAPJE6409L,37,F,1,161592,Self-Employed,2,1,46059,Personal Loan,420427,36,Own,794422,Vellore,Uttarakhand
CUST-2026-D00845,Brijesh Ramachandran,NSVGY8242V,63,F,1,42751,Business,9,1,9610,Personal Loan,1930765,36,Rent,823075,Satna,Gujarat
CUST-2026-D00846,Timothy Nagarajan,AEFZH4840W,36,M,4,191973,Self-Employed,0,0,0,Business Loan,7443278,12,Rent,771962,Amravati,Odisha
CUST-2026-D00847,Karan Raghavan,WLBYM7584X,56,F,2,69641,Self-Employed,7,0,0,Home Loan,2003751,240,Own,291290,Belgaum,Arunachal Pradesh
CUST-2026-D00848,Henry Varty,QSFMP8603C,44,F,4,27617,Salaried,6,0,0,Personal Loan,504697,24,Rent,484909,Ghaziabad,Bihar
CUST-2026-D00849,Michael Dubey,FDOQJ9058R,29,F,2,33888,Self-Employed,3,1,10007,Education Loan,1703829,60,Rent,181631,Parbhani,Kerala
CUST-2026-D00850,Vedika Patel,NSJPU4701J,41,M,1,24057,Self-Employed,2,0,0,Education Loan,864778,84,Rent,530622,Hubli–Dharwad,Uttar Pradesh
CUST-2026-D00851,Faraj Salvi,RFIGE2721C,62,M,1,58409,Retired,7,0,0,Home Loan,14058930,180,Rent,604942,Fatehpur,Himachal Pradesh
CUST-2026-D00852,Fitan Krishna,EIBVH1273N,39,M,2,26111,Salaried,7,0,0,Education Loan,1306102,60,Rent,859971,Berhampore,Karnataka
CUST-2026-D00853,Widisha Seshadri,GJRYS1720W,38,M,3,319712,Self-Employed,13,1,137617,Education Loan,2009936,60,Rent,591729,Panchkula,Haryana
CUST-2026-D00854,Vasatika Pai,VMVSB2556L,37,M,0,20307,Professional,10,1,4663,Personal Loan,1667842,12,Own,675191,Indore,Himachal Pradesh
CUST-2026-D00855,Simon Borde,HPNVC9279L,38,M,2,34245,Salaried,10,2,6306,Personal Loan,1927799,36,Rent,654317,Satara,Rajasthan
CUST-2026-D00856,Oviya Sha,WKUAG1985L,39,M,2,27233,Salaried,10,1,9301,Business Loan,5550603,60,Family,956623,Mirzapur,Punjab
CUST-2026-D00857,William Grewal,CYZQG6275N,50,F,1,62692,Salaried,21,2,22076,Personal Loan,519345,60,Rent,759986,Nellore,Sikkim
CUST-2026-D00858,Anamika Madan,PCSPD3695A,37,F,1,43991,Business,5,0,0,Personal Loan,304098,24,Family,446964,Saharsa,Telangana
CUST-2026-D00859,Dhruv Rajagopal,YCFUF9883K,47,F,1,180703,Self-Employed,15,2,35854,Personal Loan,850141,24,Rent,946502,Belgaum,Sikkim
CUST-2026-D00860,Chakradhar Trivedi,WWBWV1637J,25,F,4,69220,Professional,3,0,0,Car Loan,852338,36,Own,804929,Bhavnagar,Haryana
CUST-2026-D00861,Max Singh,JKGFG7711Q,50,F,4,66390,Self-Employed,17,2,25033,Personal Loan,1419439,60,Rent,805328,Hindupur,Manipur
CUST-2026-D00862,Gaurav Pillai,OYMNV9284E,44,F,1,51555,Business,15,2,18463,Home Loan,8997197,180,Rent,899942,Jabalpur,Punjab
CUST-2026-D00863,Lopa Panchal,QZMXW1307L,37,F,2,95637,Self-Employed,1,0,0,Personal Loan,1273418,60,Family,828420,Rajkot,Himachal Pradesh
CUST-2026-D00864,Sarthak Srinivasan,AIGBD1420U,54,M,1,161965,Professional,17,0,0,Personal Loan,233596,12,Rent,694832,Rohtak,Punjab
CUST-2026-D00865,Yashvi Pandya,RHMPD2315O,38,F,1,204976,Business,5,0,0,Home Loan,4405168,300,Own,402909,Dindigul,Karnataka
CUST-2026-D00866,Abhiram Sarna,ZEXHE2798R,60,M,1,77450,Salaried,20,1,16645,Personal Loan,287158,60,Own,494052,Chinsurah,Sikkim
CUST-2026-D00867,Samesh Sarma,GURKZ6493R,37,M,3,44097,Salaried,13,0,0,Personal Loan,1788580,48,Rent,974918,Ratlam,Gujarat
CUST-2026-D00868,Udarsh Lad,ZXOSC1208Z,45,M,3,44844,Self-Employed,0,1,19996,Education Loan,4320808,120,Family,965598,Rajpur Sonarpur,Punjab
CUST-2026-D00869,Pratyush Kaur,LGKIK6142W,43,F,3,41656,Business,8,2,15061,Home Loan,11121479,300,Rent,534085,Chittoor,Telangana
CUST-2026-D00870,Gopal Seth,NAYIN0166I,28,F,2,78673,Professional,0,1,18355,Business Loan,7450129,60,Own,511008,Gorakhpur,Mizoram
CUST-2026-D00871,Udant Chad,XISRA2268R,41,M,1,74103,Retired,2,0,0,Personal Loan,722021,36,Own,228860,Pallavaram,Jharkhand
CUST-2026-D00872,Rishi Babu,BAGLL1010I,38,M,4,97002,Salaried,8,0,0,Car Loan,787863,60,Rent,640748,Begusarai,Mizoram
CUST-2026-D00873,Nidra Mann,LTLDP8782R,32,M,5,96942,Salaried,9,2,31071,Personal Loan,1612402,60,Rent,416067,Dharmavaram,Andhra Pradesh
CUST-2026-D00874,Ishaan Virk,JWAEL1230G,44,M,0,160300,Self-Employed,15,0,0,Car Loan,1384055,48,Rent,997089,Sagar,Mizoram
CUST-2026-D00875,Faras Shan,JICPS6844F,41,M,1,112901,Salaried,8,1,38141,Personal Loan,491398,48,Rent,126214,Orai,Karnataka
CUST-2026-D00876,Diya Chowdhury,YNZFH3027U,49,M,1,77566,Salaried,1,1,22429,Car Loan,383262,36,Rent,716852,Bokaro,Rajasthan
CUST-2026-D00877,Chandran Kulkarni,PKWNI5525F,34,M,2,145084,Self-Employed,12,0,0,Education Loan,2976350,60,Own,551758,Jalgaon,West Bengal
CUST-2026-D00878,Ethan Yohannan,JISMG4353G,37,F,0,39533,Business,7,2,13062,Business Loan,7350094,36,Rent,309098,Satna,Meghalaya
CUST-2026-D00879,Quincy Mutti,CTYMV4672S,47,M,1,72653,Retired,5,0,0,Car Loan,359617,36,Own,938480,Sonipat,Haryana
CUST-2026-D00880,Devansh Sunder,PFTRV0260A,37,F,1,84553,Salaried,11,0,0,Car Loan,1615110,48,Rent,994913,Vijayawada,Gujarat
CUST-2026-D00881,Farhan Dhingra,ITQFQ5858R,59,F,2,78094,Salaried,16,1,21395,Education Loan,799549,60,Own,503520,Farrukhabad,Manipur
CUST-2026-D00882,Vedant Manne,HLSGT3127Z,54,M,3,196265,Business,2,1,38989,Home Loan,8058390,180,Rent,462913,Hazaribagh,Mizoram
CUST-2026-D00883,Tarak Bhakta,YOYGQ8271I,36,F,1,95376,Salaried,10,0,0,Home Loan,7499958,240,Rent,669835,Guntakal,Assam
CUST-2026-D00884,Vedant Wason,FRXNP1472B,49,M,4,202251,Professional,20,0,0,Car Loan,387261,48,Rent,579209,Mahbubnagar,Madhya Pradesh
CUST-2026-D00885,Indali Suresh,FTSVN3906P,45,F,1,84227,Salaried,10,2,25305,Personal Loan,811873,36,Own,658554,Haldia,Maharashtra
CUST-2026-D00886,Mugdha Warrior,GSXPB3678S,29,F,0,52909,Self-Employed,5,0,0,Personal Loan,892776,60,Own,541639,Bidar,Uttarakhand
CUST-2026-D00887,Anamika Toor,XDQBC1015B,43,M,0,73493,Self-Employed,14,3,30323,Personal Loan,1676890,36,Own,720416,Pali,Gujarat
CUST-2026-D00888,Tanish Chand,ETZYP6249A,47,F,4,30020,Self-Employed,24,1,12597,Home Loan,14483126,300,Rent,849882,Buxar,Maharashtra
CUST-2026-D00889,Abhimanyu Koshy,BRKTH9359W,23,F,2,29152,Self-Employed,0,1,12246,Personal Loan,959324,36,Family,565925,Mysore,Nagaland
CUST-2026-D00890,Kritika Sinha,IPZSE5595H,48,M,4,61324,Salaried,26,0,0,Car Loan,1427829,48,Family,237590,Tumkur,Tripura
CUST-2026-D00891,Bhavini Chowdhury,GSULO2853W,30,M,2,30638,Salaried,6,0,0,Personal Loan,1386605,12,Own,855608,Begusarai,Rajasthan
CUST-2026-D00892,Qasim Bose,DIMMM7873Z,31,F,3,252425,Self-Employed,4,1,110546,Business Loan,2565779,24,Own,901081,Nashik,Manipur
CUST-2026-D00893,Sai Narayan,JVTUG0714N,48,M,1,100493,Self-Employed,27,1,34924,Marriage Loan,1208396,36,Own,541968,Latur,Sikkim
CUST-2026-D00894,Ekbal Kant,ZCUTI9283T,30,M,1,133046,Self-Employed,6,1,20538,Personal Loan,250565,12,Own,801222,Morena,Uttarakhand
CUST-2026-D00895,Maya Patla,IZLNE2751B,34,M,0,52919,Salaried,9,2,14296,Personal Loan,817336,36,Family,958051,Karawal Nagar,Telangana
CUST-2026-D00896,Caleb Yadav,EMAKX8890W,48,F,2,82730,Self-Employed,14,0,0,Home Loan,4500370,300,Own,452605,Yamunanagar,Uttarakhand
CUST-2026-D00897,Yadavi Bora,HQRZJ0232K,52,M,1,38081,Self-Employed,12,1,7733,Personal Loan,94723,12,Rent,672624,Gulbarga,Kerala
CUST-2026-D00898,Amol Prashad,MBOZL8956B,47,M,3,89098,Salaried,13,0,0,Home Loan,13787150,300,Rent,690520,Salem,West Bengal
CUST-2026-D00899,Brinda Datta,YCKBT9183K,42,F,2,57380,Self-Employed,17,0,0,Car Loan,2220557,36,Rent,769781,Satna,Meghalaya
CUST-2026-D00900,Bhavika Nagarajan,UZTJT0812W,49,M,3,55976,Business,2,1,18442,Car Loan,1504144,84,Rent,965472,Saharsa,Nagaland
CUST-2026-D00901,Lavanya Rout,IAWVJ4916E,46,F,1,53586,Self-Employed,23,1,18377,Car Loan,2159638,84,Own,269183,Dhanbad,Tripura
CUST-2026-D00902,Radhika Doctor,ONHOL6704X,47,M,4,38713,Business,21,1,17413,Personal Loan,1925335,36,Family,504399,Ujjain,Uttarakhand
CUST-2026-D00903,Vedant Sethi,PEAKN4972P,59,F,1,63922,Self-Employed,29,1,22130,Business Loan,3416511,24,Rent,442494,Bahraich,Gujarat
CUST-2026-D00904,Aditya Master,CQMRB0293P,59,M,0,22527,Salaried,21,2,9344,Personal Loan,1591199,24,Rent,556034,Tiruchirappalli,Jharkhand
CUST-2026-D00905,Sudiksha Soni,EWQUZ3993S,41,M,1,160946,Professional,4,2,68202,Personal Loan,1675508,48,Own,903678,Vellore,Kerala
CUST-2026-D00906,Maanav Shah,QGIQB6424F,30,M,1,39303,Self-Employed,6,0,0,Education Loan,4784192,60,Own,404398,Junagadh,West Bengal
CUST-2026-D00907,Praneel Nair,KEOSE3402Z,34,M,4,268686,Salaried,7,0,0,Business Loan,5946075,24,Rent,363850,Thanjavur,Tamil Nadu
CUST-2026-D00908,Chandresh Mutti,IELVJ6174R,45,F,1,25211,Business,24,0,0,Education Loan,2560465,120,Rent,740991,Satara,Jharkhand
CUST-2026-D00909,Garima Kota,EDGXG5452N,38,M,1,25714,Business,12,0,0,Education Loan,441247,180,Rent,161009,Hindupur,Maharashtra
CUST-2026-D00910,Triya Nair,LUAHH7853N,28,F,1,48448,Salaried,4,0,0,Home Loan,3821535,180,Family,572660,Etawah,Andhra Pradesh
CUST-2026-D00911,Nihal Srivastava,HAPDU0373C,29,F,3,46787,Homemaker,1,2,11191,Home Loan,8398850,120,Rent,662821,Nangloi Jat,Andhra Pradesh
CUST-2026-D00912,Nirja Kurian,OCBBR3249I,27,F,4,67479,Professional,2,1,21428,Personal Loan,433661,24,Rent,938090,Vijayanagaram,Punjab
CUST-2026-D00913,Gaurav Sem,EVJNY6599E,38,F,3,39338,Self-Employed,12,0,0,Business Loan,6791372,24,Rent,693611,Ujjain,Arunachal Pradesh
CUST-2026-D00914,Zinal Varma,LUHBQ0768H,62,F,1,136771,Self-Employed,17,3,22886,Home Loan,2983903,180,Own,682982,Malda,Maharashtra
CUST-2026-D00915,Irya Ganesan,UKEDC4642G,26,M,2,33167,Professional,0,1,9111,Home Loan,9213342,120,Own,849705,Gorakhpur,Madhya Pradesh
CUST-2026-D00916,Vincent Mutti,FCPIX6481N,41,M,1,99781,Business,8,1,20779,Home Loan,4467852,300,Rent,585130,Tinsukia,Assam
CUST-2026-D00917,Kai Solanki,QRQXC9818X,60,F,2,109254,Self-Employed,6,0,0,Personal Loan,681314,36,Rent,695007,Bidhannagar,Nagaland
CUST-2026-D00918,Dipta Verma,OHBTS0609F,40,M,4,138797,Self-Employed,8,1,31534,Personal Loan,1756685,12,Family,239469,Proddatur,Haryana
CUST-2026-D00919,Aashi De,XJDUK2709O,30,F,2,172143,Self-Employed,3,0,0,Personal Loan,1784079,36,Rent,738669,Sagar,West Bengal
CUST-2026-D00920,Arin Parikh,XOETT5990F,36,F,2,23839,Professional,9,0,0,Personal Loan,1914861,36,Rent,800109,Imphal,Kerala
CUST-2026-D00921,Bhavna Vasa,JCCGR3260H,42,F,1,28100,Professional,1,2,6814,Personal Loan,1487686,12,Rent,746368,Anantapur,Andhra Pradesh
CUST-2026-D00922,Jacob Mann,AEIFD7378O,29,F,1,147334,Self-Employed,3,2,62856,Car Loan,1797191,84,Family,411630,Hazaribagh,Sikkim
CUST-2026-D00923,Vamakshi Kuruvilla,MMYLU4460F,44,M,1,68797,Salaried,18,0,0,Personal Loan,827369,60,Rent,654991,Ambarnath,Kerala
CUST-2026-D00924,Varsha Pillai,MXEUJ4432E,26,F,2,83728,Self-Employed,1,1,15535,Home Loan,13266757,120,Rent,357458,Karaikudi,Gujarat
CUST-2026-D00925,Waida Anne,ZEYYR0577L,41,F,1,22947,Self-Employed,1,0,0,Home Loan,9985287,300,Rent,599972,Pune,Jharkhand
CUST-2026-D00926,Falan Bir,RTDTH6478F,33,F,4,49179,Self-Employed,2,0,0,Marriage Loan,712644,12,Rent,635847,Tezpur,Chhattisgarh
CUST-2026-D00927,Ikbal Wali,AJVZI5742M,34,M,2,79099,Business,6,2,19333,Business Loan,8068551,36,Own,559650,Tenali,Meghalaya
CUST-2026-D00928,Samarth Narasimhan,XVGLE6329X,48,F,0,110272,Business,7,0,0,Personal Loan,1665239,24,Rent,761848,Vadodara,Goa
CUST-2026-D00929,Harinakshi Banik,GIDGD9650Q,34,M,2,73442,Self-Employed,11,0,0,Car Loan,940868,48,Rent,621515,Ambala,Assam
CUST-2026-D00930,Sara Sen,GODDH6397J,47,M,1,15000,Self-Employed,11,2,2408,Personal Loan,1244952,60,Rent,705894,Arrah,Sikkim
CUST-2026-D00931,Forum Joshi,XBMJJ5434W,26,M,2,89293,Self-Employed,4,1,34616,Personal Loan,377101,12,Rent,743087,Aurangabad,Madhya Pradesh
CUST-2026-D00932,Neha Madan,XJSIC3678U,36,F,4,43734,Self-Employed,1,0,0,Car Loan,2072677,60,Family,551874,Farrukhabad,Uttarakhand
CUST-2026-D00933,Pahal Halder,HNWLV3166J,40,F,2,143302,Salaried,9,1,38893,Personal Loan,661877,12,Own,135723,Mysore,Arunachal Pradesh
CUST-2026-D00934,Alexander Biswas,GAOZJ0221E,37,M,1,108795,Self-Employed,3,2,42695,Car Loan,2367180,36,Rent,882108,Ambattur,West Bengal
CUST-2026-D00935,Jyoti Koshy,LMTGX8248U,41,F,1,50862,Self-Employed,13,2,17612,Car Loan,2163804,48,Rent,963584,Salem,Odisha
CUST-2026-D00936,Vedhika Kala,BSHWV1095J,24,F,2,50500,Self-Employed,3,0,0,Home Loan,4585705,240,Rent,379237,Raebareli,Chhattisgarh
CUST-2026-D00937,Daksha Doshi,ILPWP1610Z,38,M,2,163734,Self-Employed,5,1,29751,Marriage Loan,264287,48,Rent,546022,Jalna,Manipur
CUST-2026-D00938,Oni Thaman,TFNXL3102H,47,F,0,54555,Business,23,0,0,Personal Loan,983426,12,Rent,872872,Ambarnath,Tamil Nadu
CUST-2026-D00939,Darpan Saxena,VMBYG4235P,41,M,3,20500,Business,2,2,5969,Car Loan,386050,36,Rent,693677,Sagar,Jharkhand
CUST-2026-D00940,Ijaya Sunder,SQGFD2889M,29,M,2,48532,Self-Employed,3,0,0,Personal Loan,1658321,60,Rent,640938,Vijayawada,Punjab
CUST-2026-D00941,Abeer Sundaram,BGNVX9627F,39,F,1,25848,Business,11,1,7875,Car Loan,1520301,36,Rent,444989,Dharmavaram,Tamil Nadu
CUST-2026-D00942,Waida Khurana,ROXPG4303F,47,M,1,97228,Salaried,15,3,29670,Personal Loan,1151865,60,Own,836187,Malegaon,Kerala
CUST-2026-D00943,Brijesh Saran,GDSFK7886Y,31,F,2,54124,Professional,7,1,11813,Car Loan,1507953,48,Family,812962,Raichur,Meghalaya
CUST-2026-D00944,Oviya Bhatt,UQLKB7346N,51,M,0,60677,Business,24,0,0,Marriage Loan,534138,36,Family,291200,Jorhat,Maharashtra
CUST-2026-D00945,Siddharth Bansal,PUBEG6675Y,31,M,4,48965,Business,2,1,8054,Personal Loan,1670808,24,Rent,437988,Nagpur,Rajasthan
CUST-2026-D00946,Amruta Bhatti,WVBUO7586E,42,F,0,61263,Professional,6,1,14041,Home Loan,5966983,300,Own,920387,Tenali,Uttarakhand
CUST-2026-D00947,Harsh Mitter,DELKK3141O,43,F,2,21681,Salaried,19,0,0,Personal Loan,1399060,60,Rent,974255,Mumbai,Arunachal Pradesh
CUST-2026-D00948,Charan Johal,LXORG0788S,37,F,1,77524,Homemaker,8,0,0,Marriage Loan,191742,24,Family,588290,Allahabad,Tripura
CUST-2026-D00949,Faris Shankar,TLKOD0369U,48,M,0,107608,Self-Employed,3,1,37275,Marriage Loan,772080,24,Rent,703896,Ozhukarai,Manipur
CUST-2026-D00950,Kamala Krishnamurthy,JXCUP7086X,35,F,1,37918,Salaried,1,0,0,Personal Loan,816643,12,Own,432122,Phagwara,Telangana
CUST-2026-D00951,Kavya Gola,ICXPY5420U,29,F,4,78863,Professional,2,3,21031,Business Loan,8083295,12,Rent,921283,Loni,Meghalaya
CUST-2026-D00952,Gaurav Sandal,HNPTD8402V,46,M,0,25849,Self-Employed,13,3,5722,Personal Loan,1094777,60,Rent,605715,Bathinda,Odisha
CUST-2026-D00953,Lucky Bedi,UAXST3465N,36,M,0,22938,Professional,1,1,6749,Home Loan,14927522,240,Rent,413247,Chinsurah,Kerala
CUST-2026-D00954,Hredhaan Tailor,QCWLX2362G,26,M,1,16342,Salaried,0,1,3599,Marriage Loan,825609,24,Rent,999442,Patiala,Tamil Nadu
CUST-2026-D00955,Chatura Kannan,FNBYJ9436B,37,M,4,15000,Professional,14,0,0,Business Loan,585006,36,Rent,115755,Rajpur Sonarpur,Nagaland
CUST-2026-D00956,Aarush Mander,FZLML7314R,39,F,4,66216,Self-Employed,6,0,0,Education Loan,1340927,60,Rent,323738,Karawal Nagar,Jharkhand
CUST-2026-D00957,Faris Ramachandran,DTBMT0111U,39,F,0,53121,Salaried,9,2,10285,Car Loan,2249016,84,Rent,153496,Mysore,Himachal Pradesh
CUST-2026-D00958,Indira Srinivasan,CSAUV7184G,48,M,1,36421,Business,3,0,0,Education Loan,2020059,180,Rent,784392,Kishanganj,Uttar Pradesh
CUST-2026-D00959,Reyansh Atwal,UIIAK7034X,43,M,4,26981,Self-Employed,3,2,11192,Personal Loan,1730875,60,Rent,408218,Ahmedabad,Haryana
CUST-2026-D00960,Udant Nadkarni,XSFBF0998F,40,M,4,51699,Self-Employed,0,1,14426,Car Loan,1114545,84,Own,170906,Gulbarga,Punjab
CUST-2026-D00961,Charvi Raval,QHWYX9536G,28,M,2,154425,Self-Employed,2,1,29749,Car Loan,1828464,36,Own,684400,Rourkela,Madhya Pradesh
CUST-2026-D00962,Nandini Joshi,ZGGNF3928V,42,F,1,29421,Self-Employed,8,0,0,Car Loan,1756093,48,Own,898923,Karnal,Madhya Pradesh
CUST-2026-D00963,Mason Oak,WFGTO5867N,39,F,1,30350,Self-Employed,18,0,0,Personal Loan,401408,24,Own,469534,Saharsa,Maharashtra
CUST-2026-D00964,Hardik Sachdeva,FJOMF7648L,39,M,3,37231,Salaried,14,1,5635,Personal Loan,817210,12,Rent,683917,Karnal,Meghalaya
CUST-2026-D00965,Advik Sidhu,CVBZL2679O,25,M,5,217984,Retired,4,0,0,Business Loan,5679928,60,Rent,932931,Bathinda,Odisha
CUST-2026-D00966,Samarth Sant,KEYCO0848M,43,M,3,104732,Salaried,16,3,33701,Business Loan,2152000,60,Rent,739959,Karnal,Arunachal Pradesh
CUST-2026-D00967,Kritika Majumdar,PVOAJ2330P,33,M,3,73557,Business,1,3,13874,Personal Loan,202226,36,Own,245030,Hindupur,Gujarat
CUST-2026-D00968,Brinda Goyal,QMHNA7789F,44,M,5,111135,Self-Employed,14,1,31003,Personal Loan,1631555,24,Rent,976816,Ambarnath,Manipur
CUST-2026-D00969,Anita Nagy,IMOAJ7916I,46,M,2,54809,Salaried,10,3,18833,Car Loan,1671409,36,Family,596108,Ajmer,Sikkim
CUST-2026-D00970,Hredhaan Chahal,TMYHE6218D,46,M,1,29300,Professional,24,0,0,Marriage Loan,202188,24,Rent,867363,Panchkula,Odisha
CUST-2026-D00971,Anya Vaidya,PJXWL3958D,44,F,3,44223,Self-Employed,4,2,6678,Car Loan,1858572,84,Own,889659,Kochi,Tamil Nadu
CUST-2026-D00972,Vivaan Bhavsar,UUYLJ4840C,54,M,0,25238,Self-Employed,15,2,5938,Personal Loan,1241533,12,Rent,984179,Satna,Mizoram
CUST-2026-D00973,Riya Panchal,CAUJJ4399W,45,M,1,94678,Self-Employed,24,2,34185,Personal Loan,363026,12,Family,869333,Bahraich,Odisha
CUST-2026-D00974,Vamakshi Contractor,QDWKI3564D,47,F,2,24516,Self-Employed,15,0,0,Car Loan,1089491,84,Own,609887,Nellore,Bihar
CUST-2026-D00975,George Subramaniam,QCWQQ9208I,31,F,3,106757,Self-Employed,8,0,0,Personal Loan,973791,36,Rent,892118,Kakinada,Mizoram
CUST-2026-D00976,Falan Rai,WPJWO8517L,48,M,4,33707,Salaried,8,1,9891,Personal Loan,210033,12,Own,798844,Gurgaon,Sikkim
CUST-2026-D00977,Jatin Kala,TFAQU4692B,43,F,0,98251,Business,1,1,17157,Personal Loan,1862423,12,Own,937822,Jehanabad,Arunachal Pradesh
CUST-2026-D00978,Kai Basu,OMBFY3048Y,51,F,2,29535,Business,6,1,10906,Business Loan,6330095,12,Own,981520,Ozhukarai,West Bengal
CUST-2026-D00979,Daksha Karpe,EIFGZ1928A,42,M,2,64694,Salaried,16,1,23715,Personal Loan,1444086,12,Rent,122399,Kharagpur,Telangana
CUST-2026-D00980,Om Raj,FZJYZ0439B,47,F,3,244829,Salaried,7,3,95107,Home Loan,10104134,300,Rent,866359,Phagwara,Uttarakhand
CUST-2026-D00981,Tanmayi Sunder,HTUSR5596P,53,M,1,63788,Professional,25,0,0,Education Loan,4676216,60,Rent,210369,Mathura,Uttar Pradesh
CUST-2026-D00982,Gauri Sem,OLJTL1094I,28,F,3,25051,Salaried,3,1,7321,Personal Loan,653236,24,Own,182641,Udaipur,Assam
CUST-2026-D00983,Xiti Yohannan,TODXQ0302U,34,M,2,160477,Salaried,10,1,30219,Personal Loan,495954,36,Rent,249542,Farrukhabad,Assam
CUST-2026-D00984,Ladli Kurian,JQVFQ5716R,42,M,1,137721,Salaried,6,0,0,Education Loan,2754964,60,Rent,374846,Latur,Sikkim
CUST-2026-D00985,Ekbal Pandya,MIMRL8991I,30,M,1,80328,Self-Employed,2,0,0,Personal Loan,1516577,24,Rent,222765,Katihar,Tripura
CUST-2026-D00986,Ansh Vora,HSHMG6995L,40,M,1,147786,Business,7,3,55214,Personal Loan,1414864,60,Own,165976,Khandwa,Andhra Pradesh
CUST-2026-D00987,Harini Bhattacharyya,EWLQX0601X,34,M,1,43266,Business,4,1,17066,Education Loan,2002251,120,Own,392016,Avadi,Uttarakhand
CUST-2026-D00988,Qabil Jayaraman,LNVRS7033L,38,F,1,46576,Retired,7,1,7999,Personal Loan,343828,24,Family,444888,Durgapur,Goa
CUST-2026-D00989,Ishwar Borra,FGUYD9507W,52,M,2,39162,Self-Employed,1,0,0,Personal Loan,226181,60,Rent,752915,Mau,Telangana
CUST-2026-D00990,Chaman Bava,MFJRM9011L,30,M,3,56943,Business,9,0,0,Personal Loan,1872688,36,Family,736439,Raichur,Punjab
CUST-2026-D00991,Ekaraj Kara,BUFRH5586W,39,F,2,88459,Self-Employed,5,1,33383,Car Loan,2138796,84,Rent,912906,Mumbai,Goa
CUST-2026-D00992,Christopher Nayar,KBCRA2438Q,26,F,0,46086,Salaried,1,1,11443,Personal Loan,234635,12,Rent,977827,Anand,Punjab
CUST-2026-D00993,Siddharth Malhotra,LWVFW5584T,57,F,1,80114,Salaried,2,2,13963,Home Loan,13973246,120,Rent,451110,Anand,Tripura
CUST-2026-D00994,Bhavika Chacko,WNTJX5530N,58,M,1,24962,Self-Employed,29,2,10862,Personal Loan,1708774,60,Rent,484602,Ballia,Andhra Pradesh
CUST-2026-D00995,Balendra Agarwal,PQAIG9664S,36,F,0,121616,Self-Employed,7,0,0,Home Loan,5975868,120,Rent,657315,Aurangabad,West Bengal
CUST-2026-D00996,Eta Rout,VODYC6898Z,32,M,3,22878,Self-Employed,2,1,7901,Personal Loan,591937,60,Rent,594056,Jabalpur,Odisha
CUST-2026-D00997,Wriddhish Nadkarni,VZSCZ2499D,40,M,3,55228,Professional,5,2,24212,Personal Loan,1132221,12,Rent,348267,Pali,Chhattisgarh
CUST-2026-D00998,Lucky Gola,PQXQV9965R,34,M,1,36281,Self-Employed,5,2,8086,Car Loan,1742287,36,Rent,801493,Tenali,Arunachal Pradesh
CUST-2026-D00999,Theodore Gara,IXLNM7507V,32,M,4,296902,Professional,7,1,67186,Car Loan,385176,36,Own,670125,Phusro,Chhattisgarh
CUST-2026-D01000,Indrajit Sangha,YBDYJ6929Y,46,M,1,31654,Self-Employed,3,0,0,Personal Loan,1933220,24,Own,840394,Thane,Arunachal Pradesh
CUST-2026-D01001,Avni Sunder,ICSSA5468V,38,F,2,57462,Self-Employed,11,1,16551,Car Loan,2151525,60,Rent,910346,Raurkela Industrial Township,Maharashtra
CUST-2026-D01002,Sai Tandon,UIGXW4052E,49,M,3,75903,Self-Employed,4,1,17658,Education Loan,1744653,60,Own,340383,Karawal Nagar,Haryana
CUST-2026-D01003,Eesha Rajan,UJKOT4461K,39,M,2,34706,Self-Employed,9,1,13142,Home Loan,5495660,240,Rent,683306,Gudivada,Uttarakhand
CUST-2026-D01004,Kevin Cherian,GMNXG6205M,49,F,0,90155,Self-Employed,4,0,0,Car Loan,524343,84,Rent,218715,Jamshedpur,Maharashtra
CUST-2026-D01005,Odika Varughese,FJBJF5314E,28,M,2,31396,Self-Employed,1,0,0,Personal Loan,996799,12,Rent,682778,Solapur,Uttar Pradesh
CUST-2026-D01006,Chavvi Gour,IIMOW2060H,53,M,2,49453,Self-Employed,23,1,19967,Personal Loan,989236,60,Rent,339724,Barasat,Sikkim
CUST-2026-D01007,Ucchal Mallick,LGIMW2101Q,25,F,1,34238,Self-Employed,2,0,0,Personal Loan,629411,48,Rent,441625,Bilaspur,Bihar
CUST-2026-D01008,Amruta Bajaj,DCEUX4097V,38,M,0,61193,Salaried,4,3,17933,Marriage Loan,386537,48,Rent,632361,Raipur,Nagaland
CUST-2026-D01009,Darpan Pradhan,CDILX9493X,38,F,2,46586,Professional,6,2,14554,Personal Loan,1351543,24,Own,950140,Ambattur,Himachal Pradesh
CUST-2026-D01010,Bhavika Amble,CUXXR7258J,41,F,2,115211,Salaried,0,3,24230,Personal Loan,458684,36,Rent,854296,Hubli–Dharwad,Odisha
CUST-2026-D01011,Balvan Buch,RXAAM4456Q,40,M,3,144185,Salaried,1,1,53967,Personal Loan,1629678,12,Rent,603507,Panvel,Arunachal Pradesh
CUST-2026-D01012,Ubika Mall,TUUEH0398B,34,M,2,105766,Self-Employed,7,0,0,Business Loan,9621560,24,Own,414826,Singrauli,Haryana
CUST-2026-D01013,Aryan Dash,UCJPL5246Q,52,M,0,26723,Salaried,19,1,9743,Business Loan,8457091,12,Rent,135418,Firozabad,Haryana
CUST-2026-D01014,Raghav Sahni,QFHWX6391I,47,M,1,41056,Self-Employed,25,1,16115,Home Loan,12996683,180,Rent,365836,Bidhannagar,Himachal Pradesh
CUST-2026-D01015,Vinaya Prasad,EZYGX2002W,53,F,1,67964,Self-Employed,18,0,0,Personal Loan,1310834,24,Family,708414,Bhagalpur,Uttar Pradesh
CUST-2026-D01016,Ria Grover,OOYUY7052W,49,F,4,107098,Self-Employed,26,2,39156,Car Loan,1242392,36,Own,115539,Ratlam,Rajasthan
CUST-2026-D01017,Vrishti Chowdhury,XXOFE1106Y,49,M,2,207572,Self-Employed,4,1,78771,Education Loan,1083338,180,Rent,349833,Aurangabad,Rajasthan
CUST-2026-D01018,Odika Grewal,ZKFEE9546J,31,M,1,51608,Self-Employed,7,0,0,Home Loan,8549083,240,Rent,605856,Ramgarh,Mizoram
CUST-2026-D01019,Hritik Badal,PFRWT0470R,45,M,2,25824,Self-Employed,8,0,0,Car Loan,2495423,36,Family,973483,Tumkur,Mizoram
CUST-2026-D01020,Sathvik Magar,JRTQG3021F,29,M,2,53351,Salaried,4,2,18862,Home Loan,12063985,300,Own,943753,Bhatpara,Assam
CUST-2026-D01021,Chakradev Menon,OJQCY1529E,37,F,3,101498,Homemaker,8,0,0,Car Loan,439760,36,Rent,190470,Sambalpur,Karnataka
CUST-2026-D01022,Charvi Bains,TKYAP4761L,63,F,1,37969,Salaried,27,0,0,Home Loan,12024941,120,Rent,795205,Bhiwani,Kerala
CUST-2026-D01023,Azaan Thaker,OZPEO3821T,36,F,3,177099,Self-Employed,0,3,29334,Personal Loan,461056,60,Rent,338699,Kirari Suleman Nagar,Arunachal Pradesh
CUST-2026-D01024,Zarna Palla,HJZRC9907P,44,M,1,142521,Homemaker,8,3,63967,Car Loan,1225688,48,Rent,804164,Haridwar,Kerala
CUST-2026-D01025,Veer Taneja,LGPUV2364N,30,F,3,59530,Self-Employed,6,2,10202,Education Loan,2236016,180,Own,926401,Kishanganj,Gujarat
CUST-2026-D01026,Kalpit Das,BDYBX4527U,34,F,1,44823,Self-Employed,8,0,0,Personal Loan,1762956,36,Rent,463356,Hyderabad,Madhya Pradesh
CUST-2026-D01027,Jack Pillai,RNLJW7772L,47,M,3,256722,Self-Employed,7,0,0,Personal Loan,470709,36,Rent,796465,Vasai-Virar,Gujarat
CUST-2026-D01028,Rachita Pillay,JGKUM7833J,37,F,0,80513,Self-Employed,9,0,0,Business Loan,8538184,24,Rent,971894,Shahjahanpur,Uttar Pradesh
CUST-2026-D01029,Arunima Natarajan,BZJTY1115O,32,M,1,109985,Salaried,1,2,16991,Car Loan,1090406,36,Own,671252,Raipur,Andhra Pradesh
CUST-2026-D01030,Jeremiah Bhardwaj,ELMBC5930B,39,F,3,46780,Professional,5,1,20516,Car Loan,2403768,48,Own,733184,Aligarh,Tamil Nadu
CUST-2026-D01031,Osha Johal,FSDDM5210L,40,M,2,40337,Self-Employed,16,0,0,Personal Loan,166144,60,Own,435476,Bhatpara,Madhya Pradesh
CUST-2026-D01032,Tanish Natarajan,WRPZJ9734J,38,F,5,42883,Professional,0,1,16728,Personal Loan,587016,48,Rent,814741,Jalandhar,Jharkhand
CUST-2026-D01033,Fariq Nanda,PHEDZ9933R,47,M,1,85426,Homemaker,8,1,30086,Car Loan,1858317,84,Rent,967310,Durgapur,West Bengal
CUST-2026-D01034,Omkaar Pradhan,AMMRX2899D,45,F,1,55877,Retired,20,1,16390,Home Loan,11029363,180,Rent,231349,Sikar,Chhattisgarh
CUST-2026-D01035,Darpan Kapoor,EBKFA5885T,47,M,2,41135,Salaried,2,2,14081,Home Loan,4393465,240,Family,534376,Dehri,Mizoram
CUST-2026-D01036,Meera Bail,KOLSI0702B,26,M,3,31981,Salaried,5,2,11776,Education Loan,2362287,180,Own,359483,Loni,Assam
CUST-2026-D01037,Ekbal Chandran,TPGSW2010R,38,F,1,60912,Professional,10,0,0,Personal Loan,1706945,60,Family,788838,Jodhpur,Jharkhand
CUST-2026-D01038,Arin Patel,POHLK5453G,49,M,2,97136,Business,4,0,0,Personal Loan,1495617,24,Rent,404714,Thiruvananthapuram,Gujarat
CUST-2026-D01039,Hemang Munshi,MEQWB2046G,50,F,2,43138,Salaried,19,3,8654,Home Loan,12766333,120,Rent,590659,Gudivada,Kerala
CUST-2026-D01040,Yatin Khatri,FCLRQ6013W,41,F,2,18212,Salaried,4,0,0,Home Loan,9358584,300,Rent,670605,Pune,Gujarat
CUST-2026-D01041,Om Deep,HKUEX8456S,39,F,2,89546,Self-Employed,12,1,14124,Personal Loan,1985220,36,Family,985652,Kirari Suleman Nagar,Meghalaya
CUST-2026-D01042,Yashica Shan,IXRCZ7057C,26,F,2,84990,Self-Employed,0,0,0,Home Loan,12611362,240,Own,735867,Bokaro,Bihar
CUST-2026-D01043,Jackson Pillay,FRLLU0327Q,33,F,3,183974,Professional,10,3,34375,Personal Loan,1125666,48,Rent,761770,Jamalpur,Uttarakhand
CUST-2026-D01044,Idika Basu,XLGBH9364F,26,M,2,91808,Salaried,5,0,0,Personal Loan,125629,12,Rent,795303,Srinagar,Arunachal Pradesh
CUST-2026-D01045,Christopher Chandran,DHQEH1826I,49,M,1,39071,Self-Employed,19,2,7543,Car Loan,2356020,84,Rent,867610,Saharsa,Andhra Pradesh
CUST-2026-D01046,Chaaya Karpe,NMAHP2723B,44,M,4,113924,Salaried,16,1,17215,Car Loan,337712,60,Family,676860,Ludhiana,Tamil Nadu
CUST-2026-D01047,Thomas Srivastava,BBXKJ9292E,29,M,1,87063,Business,5,1,35780,Personal Loan,754326,36,Rent,849113,Haldia,Manipur
CUST-2026-D01048,Damini Soni,LNVEF4451I,26,F,4,72543,Salaried,1,0,0,Car Loan,1385193,36,Rent,976005,Bhatpara,Sikkim
CUST-2026-D01049,Sudiksha Kar,WZCFA1838K,43,M,1,35370,Salaried,7,0,0,Business Loan,2021871,60,Own,519977,Aizawl,Jharkhand
CUST-2026-D01050,Zarna Wadhwa,PXUKH9507O,41,F,1,34381,Self-Employed,8,1,11311,Personal Loan,1654284,60,Own,197123,Tezpur,Odisha
CUST-2026-D01051,Ikshita Prakash,RTGZX9345Y,41,M,1,31371,Salaried,2,1,12195,Home Loan,13590859,180,Family,201869,Sangli-Miraj & Kupwad,Rajasthan
CUST-2026-D01052,Kai Verma,IGFZW9395X,43,F,1,169338,Homemaker,8,1,59169,Business Loan,1372841,36,Family,799069,Thoothukudi,Assam
CUST-2026-D01053,Rehaan Gala,PFQJW8186U,51,M,1,20912,Business,6,0,0,Home Loan,9659534,120,Own,427525,Bhalswa Jahangir Pur,Nagaland
CUST-2026-D01054,Pushti Bhandari,OCDMF6375W,42,M,1,58197,Self-Employed,0,0,0,Education Loan,1506409,120,Own,373145,Aurangabad,Bihar
CUST-2026-D01055,Ira Ratta,QPDWZ8776R,51,F,4,56532,Self-Employed,10,0,0,Home Loan,12649194,240,Own,398397,Ulhasnagar,Mizoram
CUST-2026-D01056,Dhriti Dua,VDJDE7629L,40,M,2,172612,Business,7,2,62020,Home Loan,13282093,180,Own,583794,Adoni,Himachal Pradesh
CUST-2026-D01057,Devansh Gara,AKDFT6340C,46,F,1,51966,Self-Employed,2,1,16836,Car Loan,1348014,48,Rent,567254,Davanagere,Andhra Pradesh
CUST-2026-D01058,Jagvi Banerjee,YWGLZ0190S,54,M,2,58191,Self-Employed,18,1,15095,Personal Loan,877177,12,Own,952655,Salem,Bihar
CUST-2026-D01059,Nitesh Sarma,YJXUO3332P,28,M,1,158301,Salaried,2,3,43285,Home Loan,2417325,240,Rent,818223,Ghaziabad,Chhattisgarh
CUST-2026-D01060,Leena Ganguly,TWXRH9511N,45,F,0,32330,Self-Employed,15,0,0,Education Loan,2051144,60,Rent,714355,Bhilwara,Odisha
CUST-2026-D01061,Baghyawati Kari,ORZXG4844H,40,F,1,198709,Self-Employed,13,1,88947,Home Loan,11122720,300,Own,666766,Bhagalpur,Sikkim
CUST-2026-D01062,Dominic Dara,RNHPQ4084G,38,M,2,30785,Self-Employed,11,1,9396,Car Loan,2155086,60,Rent,865763,Raurkela Industrial Township,Nagaland
CUST-2026-D01063,Yatan Boase,LLWRS5537A,33,M,0,148040,Self-Employed,3,0,0,Personal Loan,635563,12,Rent,326315,Thrissur,Haryana
CUST-2026-D01064,Advik Mohan,DYODV9650Y,46,F,2,49961,Business,18,0,0,Personal Loan,76528,24,Family,678396,Bettiah,Assam
CUST-2026-D01065,Warinder Ram,PSKCU5119G,31,M,0,92527,Salaried,8,2,28477,Home Loan,8506203,180,Rent,423819,Akola,Kerala
CUST-2026-D01066,Krisha Pathak,EAAJO3330K,42,M,3,22132,Business,9,0,0,Personal Loan,150427,12,Own,907602,Bhimavaram,Nagaland
CUST-2026-D01067,Madhav Rattan,WMOUY7172O,43,F,0,32574,Self-Employed,22,0,0,Home Loan,12660401,180,Own,606264,Parbhani,Chhattisgarh
CUST-2026-D01068,Sai Panchal,DHQQF3977X,35,M,0,58608,Self-Employed,4,1,16455,Car Loan,2000767,36,Rent,974671,Hindupur,Uttarakhand
CUST-2026-D01069,Raksha Sama,SLMWQ1935Q,28,F,1,45125,Professional,2,0,0,Car Loan,1413903,60,Family,977753,Bihar Sharif,Assam
CUST-2026-D01070,Ishani Dara,DYOUS1087A,53,F,1,23879,Salaried,18,0,0,Car Loan,739931,48,Rent,954505,Dibrugarh,Himachal Pradesh
CUST-2026-D01071,Benjamin Madan,GULMV1275N,37,F,4,21091,Self-Employed,16,3,7235,Business Loan,6504086,36,Rent,230169,Proddatur,Rajasthan
CUST-2026-D01072,Kalpit Devan,HDDZD9381Z,43,F,1,60532,Salaried,9,2,9642,Personal Loan,962303,24,Own,841446,Sasaram,Karnataka
CUST-2026-D01073,Divya De,CFFVC3168M,56,M,2,44350,Salaried,8,2,17190,Home Loan,4313760,180,Own,595955,Rourkela,Kerala
CUST-2026-D01074,Bachittar Bose,ERPUN6528K,57,M,3,50152,Self-Employed,0,0,0,Personal Loan,1150457,12,Own,353423,Bhatpara,Haryana
CUST-2026-D01075,Pallavi Agate,GJHIM3202E,25,F,2,102572,Salaried,3,1,42541,Car Loan,1104260,36,Rent,977969,Hosur,Punjab
CUST-2026-D01076,Aashi Boase,KOGQB0666K,39,M,1,187467,Business,10,1,38044,Home Loan,8505067,300,Rent,816301,Kanpur,Mizoram
CUST-2026-D01077,Gayathri Ben,KFUOU2090H,28,F,1,219389,Professional,6,0,0,Education Loan,1898739,60,Rent,926662,Nellore,Meghalaya
CUST-2026-D01078,Yuvraj Loyal,SBDBW6394N,49,F,1,95274,Self-Employed,13,0,0,Personal Loan,1822195,48,Rent,535205,Panihati,Uttarakhand
CUST-2026-D01079,Neelima Bhakta,FFLOI1343B,54,M,1,25872,Salaried,25,1,8153,Personal Loan,1528977,12,Rent,211838,Malda,Mizoram
CUST-2026-D01080,Hamsini Deep,LTVDK2788X,34,M,2,84524,Professional,1,0,0,Personal Loan,1367331,48,Rent,684794,Phusro,Meghalaya
CUST-2026-D01081,Indira Sabharwal,LPXVW2949I,39,F,1,63413,Business,10,1,27357,Car Loan,2243927,60,Rent,859586,Rourkela,Madhya Pradesh
CUST-2026-D01082,Gabriel Natarajan,XHXDJ5254D,34,M,0,288032,Self-Employed,5,2,109107,Personal Loan,693897,24,Rent,285489,Kishanganj,Madhya Pradesh
CUST-2026-D01083,Jagdish Sheth,SDZWO0188J,41,M,2,175787,Professional,16,1,76035,Car Loan,711597,36,Rent,288866,Aurangabad,Goa
CUST-2026-D01084,Zayyan Dalal,FUTBH5543W,53,F,1,149395,Salaried,3,1,24269,Personal Loan,894052,24,Rent,751551,Bhagalpur,Nagaland
CUST-2026-D01085,Tanveer Garg,CWKZK6442Y,40,F,1,79271,Salaried,9,0,0,Car Loan,709768,84,Rent,658099,Miryalaguda,Odisha
CUST-2026-D01086,Omya Kanda,ILISI6305M,45,M,0,49652,Self-Employed,0,0,0,Personal Loan,1973029,24,Rent,196522,Jammu,Jharkhand
CUST-2026-D01087,Libni Gaba,ITUPI1080Y,48,F,2,50492,Business,23,1,9834,Car Loan,2061388,60,Rent,572144,Khandwa,West Bengal
CUST-2026-D01088,Harinakshi Suri,QPPLF6233D,47,M,5,24248,Salaried,2,0,0,Car Loan,1437241,36,Rent,520278,Sultan Pur Majra,Manipur
CUST-2026-D01089,Charita Varty,YJVZO7625S,31,F,3,46010,Business,8,0,0,Personal Loan,657885,24,Own,375759,Dindigul,Chhattisgarh
CUST-2026-D01090,Nathaniel Kibe,ZQZQP9795O,42,F,1,50592,Retired,17,0,0,Car Loan,2220757,84,Rent,227323,Korba,Manipur
CUST-2026-D01091,Garima Kurian,ZYKUO3223Z,44,M,1,71626,Business,16,1,28152,Personal Loan,317908,36,Own,625237,Patiala,Meghalaya
CUST-2026-D01092,Balhaar Yadav,VBNQZ1488P,43,F,4,113625,Salaried,4,1,40872,Car Loan,2095285,36,Rent,195344,Raurkela Industrial Township,Kerala
CUST-2026-D01093,Anika Dugal,YKOXZ7112B,41,M,1,68633,Self-Employed,0,0,0,Business Loan,4300247,60,Rent,781684,Gorakhpur,Bihar
CUST-2026-D01094,Meghana Bhatt,HZFWP2915Y,31,F,2,265491,Salaried,7,1,104751,Home Loan,14831578,240,Rent,399014,Gwalior,Manipur
CUST-2026-D01095,Dev Shenoy,OYKUC6678K,44,F,2,136093,Professional,6,0,0,Home Loan,11481219,180,Rent,670029,Imphal,Manipur
CUST-2026-D01096,Kashish Sarkar,KBVYJ4562X,38,F,0,50379,Self-Employed,16,1,21730,Car Loan,2279369,84,Family,830964,Lucknow,Uttarakhand
CUST-2026-D01097,Tristan Rama,WJCIN7828T,56,M,2,20826,Retired,4,0,0,Personal Loan,1604604,60,Rent,435043,Udupi,Nagaland
CUST-2026-D01098,Kashish Varty,XHCQS1550K,55,M,0,55783,Self-Employed,23,1,16646,Personal Loan,1528528,12,Rent,758941,Narasaraopet,Meghalaya
CUST-2026-D01099,Rishi Anne,YHJET1709J,45,M,2,15000,Salaried,3,2,5607,Education Loan,2975667,60,Own,470079,Kavali,Rajasthan
CUST-2026-D01100,Unni Devan,THKCF7782O,50,M,2,110864,Professional,10,3,32276,Personal Loan,214619,12,Rent,556080,Avadi,Assam
CUST-2026-D01101,Mahika De,AOTFD7950N,47,M,1,50789,Business,20,0,0,Personal Loan,1293468,24,Own,778347,Tirupati,Nagaland
CUST-2026-D01102,Harita Lall,RMPQL0199R,36,M,5,195782,Salaried,1,1,44778,Personal Loan,566483,48,Own,124347,Anantapuram,Uttar Pradesh
CUST-2026-D01103,Ikshita Gole,EFZHW8041K,31,M,3,60986,Salaried,7,2,24673,Business Loan,3363983,60,Rent,886780,Danapur,Goa
CUST-2026-D01104,Girindra Atwal,IUBKF7426L,35,M,2,74517,Professional,14,0,0,Personal Loan,603504,48,Rent,617255,Ambarnath,Karnataka
CUST-2026-D01105,Tristan Sem,ZVMXC4397V,28,F,0,32808,Salaried,2,0,0,Car Loan,1213021,84,Rent,434637,Kollam,Telangana
CUST-2026-D01106,Chavvi Varughese,WFEUG2599W,38,M,2,20201,Self-Employed,5,1,7426,Business Loan,9916726,24,Rent,266451,Tinsukia,West Bengal
CUST-2026-D01107,Wyatt Gera,GJLOA5864A,32,F,2,28578,Salaried,0,2,10540,Personal Loan,1283438,36,Rent,901107,Berhampur,Tripura
CUST-2026-D01108,Logan Chacko,NKRBA9925F,51,F,0,84820,Business,18,1,20862,Education Loan,3422183,120,Own,960806,Kollam,Rajasthan
CUST-2026-D01109,Elijah Lala,TPRHJ9257X,58,F,1,84300,Business,17,0,0,Personal Loan,1643891,24,Rent,433373,Bhind,Haryana
CUST-2026-D01110,Saksham Tara,PQISO7659L,55,F,3,246636,Self-Employed,11,1,93383,Personal Loan,92687,12,Own,229995,Sagar,Meghalaya
CUST-2026-D01111,Yadavi Krishnan,TBIYX6593N,33,M,1,27811,Salaried,2,3,6182,Home Loan,5188609,240,Rent,802848,Bahraich,Nagaland
CUST-2026-D01112,Mitesh Puri,RPZTT2440N,44,M,2,32803,Salaried,23,1,9819,Personal Loan,1779787,24,Rent,883483,Darbhanga,Tamil Nadu
CUST-2026-D01113,Sara Kalla,QRUYM7341K,30,F,3,20458,Professional,3,0,0,Personal Loan,954497,60,Rent,498906,Nangloi Jat,Madhya Pradesh
CUST-2026-D01114,Jyoti Gandhi,ZJILJ8799B,37,F,2,41542,Salaried,2,1,15645,Personal Loan,1227041,12,Rent,746907,Bulandshahr,Madhya Pradesh
CUST-2026-D01115,Hitesh Bahl,NCCUM3964Q,40,F,4,129313,Professional,14,0,0,Car Loan,1471083,60,Family,204831,Bulandshahr,Jharkhand
CUST-2026-D01116,Dayita Bhakta,KQHRU5740H,51,M,2,41460,Professional,8,1,17448,Home Loan,4524947,240,Family,477604,Ongole,Sikkim
CUST-2026-D01117,Dayamai Guha,QJUUT9389B,46,F,0,188973,Self-Employed,22,1,80905,Personal Loan,1029744,60,Own,533436,Pondicherry,Tripura
CUST-2026-D01118,Krishna Sengupta,ZVYEL5852D,48,F,3,135552,Self-Employed,14,3,53609,Personal Loan,1597449,48,Rent,606253,Bhilai,Madhya Pradesh
CUST-2026-D01119,Azad Muni,YMQFN3122Y,40,M,0,18398,Business,2,1,3200,Marriage Loan,1042870,24,Own,551881,Ludhiana,Punjab
CUST-2026-D01120,Vamakshi Kapadia,AZYRD6558C,46,F,3,42177,Self-Employed,17,0,0,Business Loan,7496159,36,Rent,145394,Navi Mumbai,Odisha
CUST-2026-D01121,Varenya Khanna,LRLFT0613V,63,F,0,33547,Salaried,19,0,0,Personal Loan,573578,60,Family,744787,Morena,Tripura
CUST-2026-D01122,Hemang Dara,NYZJS5062C,51,M,2,36349,Self-Employed,27,0,0,Personal Loan,343176,12,Rent,531191,Shimla,Tamil Nadu
CUST-2026-D01123,Libni Deshpande,LJUXB4972W,45,M,1,135149,Professional,2,1,50999,Home Loan,6160878,120,Rent,899282,North Dumdum,Odisha
CUST-2026-D01124,Yatin Chaudhry,DKGCW5914W,44,M,2,44651,Retired,14,1,8237,Home Loan,3666931,300,Rent,583349,Buxar,Maharashtra
CUST-2026-D01125,Praneel Johal,ZHSRK9525D,49,F,5,59964,Salaried,13,2,26393,Personal Loan,386227,24,Own,509703,Gudivada,Odisha
CUST-2026-D01126,Varsha Soman,FMRMP4604B,39,F,2,147939,Salaried,15,0,0,Personal Loan,851449,60,Rent,202277,Bangalore,Manipur
CUST-2026-D01127,Oscar Mukhopadhyay,LKFUL1622A,51,F,2,44834,Business,19,1,7653,Car Loan,883909,60,Rent,941531,Sri Ganganagar,Kerala
CUST-2026-D01128,Rishi Maharaj,NVMRI2243W,31,M,3,24386,Salaried,10,1,6889,Education Loan,1845992,84,Rent,666730,Akola,Bihar
CUST-2026-D01129,Dakshesh Kala,BCDIU0604K,32,M,0,34261,Salaried,6,2,13126,Home Loan,1626048,240,Own,643066,Hazaribagh,Jharkhand
CUST-2026-D01130,Wyatt Borra,THWSU4858P,53,F,3,26661,Retired,25,2,7331,Marriage Loan,331536,24,Rent,186968,Sirsa,Meghalaya
CUST-2026-D01131,Omaja Palan,HWNMA2492R,53,F,3,65053,Self-Employed,8,0,0,Education Loan,947445,60,Rent,315422,Loni,Chhattisgarh
CUST-2026-D01132,Widisha Raj,TEDPE9269Y,31,F,3,84516,Salaried,5,1,36551,Education Loan,2840292,180,Own,932610,Rajpur Sonarpur,Haryana
CUST-2026-D01133,Ladli Pau,AYVWR1485F,45,M,2,90284,Business,23,0,0,Car Loan,2355846,84,Own,639937,Jammu,Gujarat
CUST-2026-D01134,Gayathri Magar,SFEOT5308Z,39,M,3,96622,Salaried,3,0,0,Personal Loan,286600,36,Family,153257,Guwahati,Mizoram
CUST-2026-D01135,Netra Krishnan,CEUYB1789N,30,F,0,34528,Self-Employed,2,2,14072,Home Loan,2453325,120,Family,768756,Agra,Nagaland
CUST-2026-D01136,Yashasvi Minhas,XZBIM5392X,45,M,1,36918,Salaried,23,0,0,Personal Loan,927183,24,Own,326037,South Dumdum,Mizoram
CUST-2026-D01137,Yuvraj Dora,ADGMC1549V,54,M,4,77411,Self-Employed,30,0,0,Education Loan,240660,60,Rent,341260,Chittoor,Punjab
CUST-2026-D01138,Nicholas Bumb,HQRNU2833J,56,F,0,45489,Salaried,21,1,20256,Marriage Loan,225657,24,Rent,432294,Gulbarga,Punjab
CUST-2026-D01139,Chandani Sachdev,QKEPJ0185Q,53,M,3,63371,Self-Employed,20,1,13156,Business Loan,5591209,60,Rent,732814,Medininagar,Arunachal Pradesh
CUST-2026-D01140,Kalpit Badami,TYVKB4914A,35,F,1,41515,Self-Employed,1,2,17301,Education Loan,1814651,120,Family,427178,Raebareli,Madhya Pradesh
CUST-2026-D01141,Fariq Bahl,FEEND8661B,34,M,0,57138,Salaried,8,1,17220,Home Loan,8864174,240,Rent,264225,Imphal,Punjab
CUST-2026-D01142,Madhav Khalsa,UNGJT0826P,41,F,5,24690,Self-Employed,12,0,0,Car Loan,666548,48,Rent,325818,Jalna,Manipur
CUST-2026-D01143,Rachana Agrawal,YKMED6175G,50,F,1,71142,Salaried,11,2,12699,Education Loan,2345555,60,Rent,318683,Baranagar,Karnataka
CUST-2026-D01144,Umang Mammen,WFPTL5181N,25,F,4,80495,Self-Employed,2,2,33508,Personal Loan,960724,48,Rent,184113,Jamshedpur,Jharkhand
CUST-2026-D01145,Gaurika Hora,BATBL8623K,63,M,3,160642,Business,19,2,69224,Personal Loan,1857674,24,Rent,751330,Jamalpur,Chhattisgarh
CUST-2026-D01146,Lohit Upadhyay,PCYIV2017K,55,F,1,75899,Self-Employed,5,1,26385,Car Loan,2073214,36,Rent,120356,Bijapur,Sikkim
CUST-2026-D01147,Aayush Kohli,PUWTD8336D,38,M,1,68562,Salaried,17,1,29096,Personal Loan,1990765,12,Own,521504,Nandyal,Haryana
CUST-2026-D01148,Udarsh Lall,QYYOS9668S,38,M,4,77501,Self-Employed,16,0,0,Personal Loan,1823489,24,Own,399447,Ratlam,Karnataka
CUST-2026-D01149,Unnati Patla,WGCEC4504P,29,F,1,34236,Self-Employed,1,1,7323,Business Loan,9003049,36,Rent,854345,Jamalpur,Telangana
CUST-2026-D01150,Darsh Sama,MMJFX4361I,52,F,0,55187,Salaried,15,0,0,Education Loan,2287803,84,Own,548248,Agartala,Mizoram
CUST-2026-D01151,Advika Tandon,ZGFXY6902L,37,F,1,50249,Professional,12,1,13091,Marriage Loan,875339,36,Rent,840461,Dharmavaram,West Bengal
CUST-2026-D01152,Thomas D’Alia,TAQGJ5528C,36,M,1,227817,Salaried,0,0,0,Car Loan,2266740,36,Rent,210017,Udaipur,Punjab
CUST-2026-D01153,Hredhaan Thaman,RXTBO0396Q,36,M,2,267790,Salaried,11,1,55658,Business Loan,7425298,36,Own,390940,Satna,Andhra Pradesh
CUST-2026-D01154,Saanvi Pandya,XXCCV0858K,34,F,4,77657,Salaried,0,0,0,Home Loan,10618986,120,Own,775601,Bulandshahr,Uttarakhand
CUST-2026-D01155,Viraj Sani,IYCFV0298V,59,F,2,28058,Self-Employed,19,3,5154,Personal Loan,619381,36,Rent,325575,Singrauli,Assam
CUST-2026-D01156,Chaman Viswanathan,NNUYH3799J,39,M,1,20241,Salaried,15,2,7068,Personal Loan,1210482,60,Own,857905,Alappuzha,Chhattisgarh
CUST-2026-D01157,Nidhi Ravel,YBWRB5540O,41,M,1,193093,Salaried,8,1,64731,Personal Loan,672559,36,Rent,182243,Ludhiana,Tripura
CUST-2026-D01158,Andrew Tiwari,VAXKR2695M,38,M,1,65810,Self-Employed,3,0,0,Education Loan,4263239,120,Rent,907542,Purnia,Uttar Pradesh
CUST-2026-D01159,Neelima Borah,UIOJB4422W,28,M,0,79464,Business,6,0,0,Personal Loan,667358,48,Own,900096,Begusarai,Karnataka
CUST-2026-D01160,Nicholas Sehgal,XIFTS0104Y,54,M,3,38235,Business,3,0,0,Car Loan,1133514,48,Rent,838292,Bihar Sharif,Jharkhand
CUST-2026-D01161,Gagan Bala,VFDMA1072R,32,F,4,30711,Salaried,1,3,6894,Personal Loan,1012471,36,Rent,482097,Rourkela,Maharashtra
CUST-2026-D01162,Indrajit Misra,CCZED7437Y,31,F,3,58434,Business,5,0,0,Business Loan,8614642,24,Rent,489466,Mysore,Sikkim
CUST-2026-D01163,Aarna Patla,OZIXG0554H,43,M,2,93202,Self-Employed,13,2,30104,Personal Loan,1745166,36,Rent,260729,Gurgaon,West Bengal
CUST-2026-D01164,Ekanta Dayal,TFXRX1749Q,43,M,1,47561,Self-Employed,4,0,0,Car Loan,426309,84,Rent,832391,Jabalpur,Odisha
CUST-2026-D01165,Pahal Ganesh,CYBMB3463Q,30,M,1,31134,Self-Employed,5,1,7580,Personal Loan,1704940,60,Rent,203360,Bareilly,Bihar
CUST-2026-D01166,Pahal Tella,EWWRN5931U,56,F,3,33336,Self-Employed,3,1,5936,Home Loan,5613688,240,Own,265514,Moradabad,Uttar Pradesh
CUST-2026-D01167,Vasana Chhabra,DRVVK8341Z,37,F,1,96298,Self-Employed,11,2,15223,Personal Loan,1175723,24,Own,249222,Hospet,Punjab
CUST-2026-D01168,Dhruv Dani,LNRKQ5836S,36,F,2,15398,Salaried,6,0,0,Business Loan,2468943,24,Rent,462079,Nangloi Jat,Nagaland
CUST-2026-D01169,Ekanta Madan,STOGS7806C,51,M,0,54771,Self-Employed,14,0,0,Home Loan,7102611,300,Own,875943,Lucknow,Himachal Pradesh
CUST-2026-D01170,Warjas Sarkar,PVJTC9133I,47,F,1,85028,Salaried,21,1,32134,Home Loan,1645146,240,Own,433577,Sultan Pur Majra,Punjab
CUST-2026-D01171,Niharika Kata,NKFXV2617L,26,F,3,70846,Salaried,1,1,22763,Education Loan,2749630,84,Family,820263,Bhagalpur,Madhya Pradesh
CUST-2026-D01172,Shaurya Peri,VWMPI3398C,46,M,3,146842,Business,25,1,33124,Personal Loan,263738,24,Own,689763,Shimoga,Uttarakhand
CUST-2026-D01173,Samaksh Wadhwa,NLUWM5272L,52,F,1,68690,Salaried,23,1,20637,Business Loan,2927944,24,Rent,170966,Gopalpur,Himachal Pradesh
CUST-2026-D01174,Sarthak Thakkar,IMUCP5281J,60,F,1,150001,Self-Employed,4,3,26352,Car Loan,575883,84,Own,584784,Ratlam,Chhattisgarh
CUST-2026-D01175,Warhi Balan,EZTOF2616Z,39,M,1,53705,Salaried,1,3,23124,Car Loan,396793,84,Family,236875,Vasai-Virar,Tamil Nadu
CUST-2026-D01176,Sarthak Aggarwal,ECIKF9935A,34,M,0,107805,Business,2,0,0,Personal Loan,469883,24,Own,562488,Gorakhpur,West Bengal
CUST-2026-D01177,Triya Chokshi,YWUSK4572S,44,M,4,26746,Self-Employed,4,3,10058,Education Loan,1120565,84,Rent,889221,Udaipur,Haryana
CUST-2026-D01178,Avi Borah,PTQEK9904N,26,M,2,167863,Salaried,3,3,32340,Car Loan,794382,36,Family,676319,Jalna,Chhattisgarh
CUST-2026-D01179,Advika Balasubramanian,DHHHM7294J,39,F,3,100061,Business,3,0,0,Car Loan,579895,60,Rent,780887,Kochi,Tamil Nadu
CUST-2026-D01180,Pallavi Patil,ASATX4406S,29,M,0,51297,Salaried,7,2,10273,Education Loan,4279554,84,Rent,199050,Noida,Maharashtra
CUST-2026-D01181,Ishaan Kibe,YJQRG0641R,49,F,0,61309,Salaried,16,2,10406,Car Loan,1215416,48,Family,669140,Tadepalligudem,West Bengal
CUST-2026-D01182,Irya Batra,KDGAP5474S,37,F,2,64727,Salaried,6,1,12500,Personal Loan,229056,24,Own,737732,Amravati,Kerala
CUST-2026-D01183,Hamsini Magar,LKYBR6819P,47,M,1,81277,Self-Employed,4,0,0,Personal Loan,896683,12,Family,224314,Pudukkottai,Punjab
CUST-2026-D01184,Madhavi Kakar,JBLIO8328T,42,F,1,68019,Salaried,5,3,26465,Personal Loan,1985754,12,Rent,421271,Mathura,Punjab
CUST-2026-D01185,Yash Wagle,BYDQD9997G,41,M,2,28270,Homemaker,11,2,7931,Business Loan,9125537,60,Own,755989,Siliguri,Kerala
CUST-2026-D01186,Dalbir Varma,QBNNU2808L,49,F,5,58833,Self-Employed,14,3,15618,Car Loan,615858,84,Rent,198761,Nadiad,Tripura
CUST-2026-D01187,Baljiwan Bhargava,FWOQH7107N,58,F,1,55366,Professional,26,0,0,Car Loan,1313382,60,Rent,369323,Adoni,Uttarakhand
CUST-2026-D01188,Diya Thaman,YXIPB5100T,41,F,2,30286,Homemaker,6,0,0,Personal Loan,1316529,24,Rent,323623,Motihari,Nagaland
CUST-2026-D01189,Charan Wagle,IKPGH3165X,29,F,4,50283,Professional,7,0,0,Car Loan,2180825,36,Family,210713,Hubli–Dharwad,Chhattisgarh
CUST-2026-D01190,Victor Varty,GMGEC0580I,47,M,2,117193,Business,25,2,31990,Personal Loan,1836597,12,Rent,122237,Chinsurah,Telangana
CUST-2026-D01191,Darpan Kashyap,KTCAV3489G,48,M,3,70121,Salaried,12,0,0,Car Loan,2089911,84,Family,617658,Bihar Sharif,Tripura
CUST-2026-D01192,Ronith Chaudhuri,HUALY3719N,31,F,3,158259,Salaried,1,1,41954,Personal Loan,1388512,24,Rent,592895,Bangalore,Tamil Nadu
CUST-2026-D01193,Kamya Muni,ISOXU3745R,55,M,2,86317,Salaried,28,0,0,Home Loan,4724690,120,Family,871882,Ambattur,Tamil Nadu
CUST-2026-D01194,Damyanti Khalsa,IGJHG8812M,47,M,1,113492,Self-Employed,16,1,25444,Personal Loan,991660,24,Rent,301566,Farrukhabad,Uttarakhand
CUST-2026-D01195,Nihal Kohli,NGAXY8391P,56,M,1,59222,Self-Employed,4,2,10705,Marriage Loan,1285019,48,Rent,121591,Rourkela,Andhra Pradesh
CUST-2026-D01196,Hemang Sankar,PUJUY9653K,51,M,2,45707,Professional,2,3,9668,Personal Loan,670499,36,Family,228584,Coimbatore,Goa
CUST-2026-D01197,Advik Prasad,VETDM6467Z,53,F,1,96674,Salaried,29,3,22432,Business Loan,3897328,12,Own,478174,Aurangabad,Chhattisgarh
CUST-2026-D01198,Alka Aurora,MOCPI9512C,42,M,2,31704,Salaried,10,2,10888,Personal Loan,1530961,12,Rent,160371,Narasaraopet,Madhya Pradesh
CUST-2026-D01199,Gavin Sampath,XJCJQ5223D,57,M,2,123440,Self-Employed,10,0,0,Personal Loan,1325766,48,Family,166013,Bettiah,Karnataka
CUST-2026-D01200,Janani Narang,NRDAW0767O,41,F,3,59159,Salaried,3,1,13959,Personal Loan,990541,24,Own,458933,Patiala,Mizoram
CUST-2026-D01201,Inaya Tella,FTJPU3689X,37,F,4,26703,Professional,11,0,0,Personal Loan,934508,48,Family,356114,Bulandshahr,Odisha
CUST-2026-D01202,Urmi Dasgupta,GRNKT1105E,36,M,4,25992,Business,6,3,10798,Personal Loan,674994,48,Own,913250,Gangtok,Andhra Pradesh
CUST-2026-D01203,Yashasvi More,BBSVI2277E,46,M,1,82300,Salaried,6,1,32233,Car Loan,319965,48,Rent,265083,Moradabad,Telangana
CUST-2026-D01204,Vedika Iyengar,TNEYK9861E,55,F,1,48692,Professional,3,2,15833,Home Loan,13135669,300,Own,680447,Kadapa,Manipur
CUST-2026-D01205,Upadhriti Vohra,RKRML3700U,44,F,5,79680,Business,14,3,15646,Education Loan,758005,60,Rent,943944,Cuttack,Mizoram
CUST-2026-D01206,Hritik Shankar,BIYAE0063U,43,F,2,62587,Salaried,13,1,10528,Education Loan,526193,120,Own,473142,Sirsa,Sikkim
CUST-2026-D01207,Andrew Bhattacharyya,JLHRT9235T,25,F,0,233775,Self-Employed,1,0,0,Car Loan,591283,36,Family,540340,Kumbakonam,Chhattisgarh
CUST-2026-D01208,Tejas Tara,SZERN8053Q,52,M,4,93607,Business,8,0,0,Personal Loan,135155,36,Rent,847994,Nashik,Punjab
CUST-2026-D01209,Nathan Chaudry,OETNV6999D,32,F,2,18637,Self-Employed,1,1,7727,Home Loan,9628820,180,Own,570957,Bellary,Odisha
CUST-2026-D01210,Chameli Lata,SKZJP8789H,57,M,0,24496,Salaried,1,1,8107,Personal Loan,1874411,12,Rent,698015,Navi Mumbai,Assam
CUST-2026-D01211,Frederick Basak,BXTRG4956T,58,F,0,51472,Business,9,1,14765,Education Loan,2558147,120,Rent,864868,Firozabad,Sikkim
CUST-2026-D01212,Dayita Baria,PXTOT3517W,33,F,1,133811,Professional,3,3,25673,Business Loan,5484849,24,Own,504450,Jalandhar,West Bengal
CUST-2026-D01213,Wridesh Koshy,QOPVR0381N,48,M,4,60767,Self-Employed,1,2,10170,Personal Loan,1240085,60,Rent,231968,Imphal,Haryana
CUST-2026-D01214,Rajeshri Deep,FFHYA7961C,49,F,3,51806,Salaried,10,0,0,Business Loan,7924994,36,Family,840173,Muzaffarnagar,Karnataka
CUST-2026-D01215,Rehaan Ramachandran,UQVJL7796C,40,F,1,16170,Self-Employed,0,0,0,Personal Loan,398772,12,Rent,903808,Tinsukia,Telangana
CUST-2026-D01216,Nikita Dhillon,DHMEF4018C,56,F,2,143025,Salaried,5,0,0,Car Loan,2127479,84,Rent,334117,Ozhukarai,Sikkim
CUST-2026-D01217,Bishakha Garde,ZJYRX6384H,44,F,2,99220,Professional,6,0,0,Car Loan,1956202,48,Rent,371793,Shivpuri,Uttar Pradesh
CUST-2026-D01218,Devansh Shan,ZMDDC8899V,35,F,0,56099,Professional,12,1,20301,Business Loan,4645835,36,Rent,904130,Bijapur,Haryana
CUST-2026-D01219,Benjamin Padmanabhan,OREKR1127L,43,M,2,20712,Business,6,0,0,Home Loan,10956038,180,Rent,475658,Bathinda,Himachal Pradesh
CUST-2026-D01220,Meghana Sem,BBORC4341L,43,M,1,41421,Business,0,2,9241,Business Loan,8445015,60,Family,965065,Davanagere,Bihar
CUST-2026-D01221,Hemangini Purohit,KOLGJ5724L,50,F,1,89979,Self-Employed,16,2,36219,Personal Loan,1661422,60,Own,959231,Surat,Karnataka
CUST-2026-D01222,Neel Bal,LCRLB4904P,27,F,2,91202,Self-Employed,0,2,37868,Education Loan,4255746,180,Rent,747284,Kharagpur,Tripura
CUST-2026-D01223,Yamini Luthra,NRYOW9256O,51,M,1,140225,Self-Employed,15,1,48874,Business Loan,7536091,12,Rent,624802,Dhanbad,Punjab
CUST-2026-D01224,Gautami Tailor,EJTKX9686G,44,F,3,55919,Salaried,19,2,25149,Education Loan,847542,84,Own,986318,Raurkela Industrial Township,Telangana
CUST-2026-D01225,Brijesh Pillay,QWGZO6122S,40,F,2,79546,Salaried,13,3,32279,Car Loan,1050569,36,Rent,618042,Amravati,Andhra Pradesh
CUST-2026-D01226,Abhimanyu Soman,ZXDEC0884I,39,M,4,207185,Homemaker,1,1,45303,Home Loan,8501590,180,Rent,162162,Ujjain,Jharkhand
CUST-2026-D01227,Omisha Thakkar,LSFTN6949T,38,M,2,21129,Salaried,8,3,8301,Personal Loan,690997,24,Own,534553,Raipur,Uttarakhand
CUST-2026-D01228,Eesha Kumer,SNGIX0914C,27,F,1,81450,Salaried,1,1,16791,Business Loan,6969923,36,Own,322998,Muzaffarpur,West Bengal
CUST-2026-D01229,Prisha Bali,YXHDK1900X,50,M,2,62231,Business,0,1,14243,Car Loan,385994,60,Own,334287,Sasaram,Karnataka
CUST-2026-D01230,Oeshi Arya,INLED9922D,51,F,2,48054,Self-Employed,11,1,17489,Marriage Loan,1032706,12,Own,369145,Delhi,Uttarakhand
CUST-2026-D01231,Meera Mani,GWVCY0985E,43,F,3,46142,Self-Employed,1,0,0,Education Loan,1306865,60,Rent,794618,Madurai,Manipur
CUST-2026-D01232,Ekantika Baral,QPXZW1886S,54,F,0,74359,Business,16,2,27633,Personal Loan,1509848,48,Own,840416,Morena,Rajasthan
CUST-2026-D01233,Harrison Contractor,OKWFW1373G,38,F,1,93670,Self-Employed,7,2,34751,Home Loan,6568783,240,Rent,959290,Jamalpur,Punjab
CUST-2026-D01234,Veda Lad,UPGHJ2244R,47,F,4,30855,Salaried,4,2,5414,Car Loan,890059,36,Rent,211201,Vellore,Nagaland
CUST-2026-D01235,Laksh Sidhu,IXMTZ7161D,39,M,1,80455,Salaried,16,1,31480,Marriage Loan,1256938,48,Rent,297030,Kolhapur,Madhya Pradesh
CUST-2026-D01236,Brijesh Loyal,NWHVN5417O,35,F,1,122042,Professional,6,3,25166,Personal Loan,326891,36,Own,223045,Guntakal,Andhra Pradesh
CUST-2026-D01237,Oeshi Bumb,CVUBT9240W,41,M,2,21447,Salaried,0,2,7936,Business Loan,6496824,36,Own,420720,Bidar,Meghalaya
CUST-2026-D01238,Ati Shanker,XDPRN9860C,43,M,0,33081,Salaried,21,1,9832,Home Loan,9428614,120,Own,880888,Kavali,Goa
CUST-2026-D01239,Vasana D’Alia,GDLPE0837U,40,F,1,28934,Self-Employed,2,0,0,Personal Loan,436664,48,Own,954585,North Dumdum,Rajasthan
CUST-2026-D01240,Garima Chandra,ZDYXU6317W,34,M,0,35985,Self-Employed,3,0,0,Education Loan,1245445,60,Rent,728313,Fatehpur,Tripura
CUST-2026-D01241,Advay Swaminathan,CCOUS8425Q,39,F,0,107795,Salaried,9,1,39117,Car Loan,2361270,84,Family,665718,Orai,Meghalaya
CUST-2026-D01242,Rehaan Tailor,NJWBE4258M,38,M,3,34970,Self-Employed,9,2,8535,Home Loan,4960697,180,Rent,621489,Meerut,Goa
CUST-2026-D01243,Nicholas Menon,BVPAT9841M,26,M,2,38280,Salaried,3,0,0,Personal Loan,1798920,48,Own,920100,Gangtok,Uttarakhand
CUST-2026-D01244,Daksha Parmar,KTKML1573M,39,M,2,60576,Salaried,10,2,11111,Personal Loan,1749967,48,Own,771072,Hazaribagh,Punjab
CUST-2026-D01245,Widisha Batta,ZEBNP9567I,50,M,1,109620,Self-Employed,23,3,34712,Car Loan,2035843,48,Rent,243070,Medininagar,Arunachal Pradesh
CUST-2026-D01246,Tanveer Badami,IYIKE0623T,33,M,4,36765,Salaried,3,3,10046,Home Loan,4620464,180,Own,239611,Bhind,Maharashtra
CUST-2026-D01247,Yauvani Chakrabarti,HOPRL8274A,31,M,1,114753,Self-Employed,5,0,0,Education Loan,1953348,180,Rent,469742,Jodhpur,Himachal Pradesh
CUST-2026-D01248,Nimrat Shankar,IVHRC1156O,47,F,1,75519,Salaried,5,3,19386,Marriage Loan,591839,36,Rent,449833,Bareilly,Jharkhand
CUST-2026-D01249,Sai Baria,AVQHH6661G,34,M,0,49775,Salaried,8,2,13841,Personal Loan,592185,12,Own,581317,Patna,Sikkim
CUST-2026-D01250,Aryan Bhagat,QQKRW7411Q,52,F,1,61116,Salaried,6,0,0,Personal Loan,1387174,24,Family,419187,Thane,Mizoram
CUST-2026-D01251,Ayushman Ganesan,BPLZU6614K,54,M,1,67269,Salaried,28,3,17190,Personal Loan,1132836,24,Own,554702,Eluru,Odisha
CUST-2026-D01252,Gauri Mitter,DSRQY7447P,54,M,2,83114,Self-Employed,3,1,26085,Personal Loan,1378825,36,Family,970031,Kadapa,Assam
CUST-2026-D01253,Janani D’Alia,EPRCR8756O,41,M,0,31903,Salaried,9,3,6785,Business Loan,789763,60,Own,684770,Bhagalpur,Jharkhand
CUST-2026-D01254,Wazir Tandon,KBVKO6160X,25,M,5,68000,Business,1,2,22888,Personal Loan,1310678,48,Own,961323,Jalgaon,Tripura
CUST-2026-D01255,Guneet Mallick,APEQC8019M,48,M,0,158541,Professional,1,1,50580,Personal Loan,497176,60,Family,691131,Tinsukia,Himachal Pradesh
CUST-2026-D01256,Oliver Bhagat,DIOXQ0783Q,50,F,2,20554,Self-Employed,10,1,4743,Business Loan,5617567,24,Rent,159150,Madhyamgram,Karnataka
CUST-2026-D01257,Jack Datta,ABGUA7102E,36,M,1,27534,Retired,10,0,0,Business Loan,1841588,36,Own,284097,Madurai,Kerala
CUST-2026-D01258,Charvi Reddy,NAPMR9382A,31,F,3,15000,Salaried,8,0,0,Education Loan,4745960,84,Rent,491811,Panvel,Tripura
CUST-2026-D01259,Niharika Iyer,DFJTW9759F,29,M,1,161510,Self-Employed,7,2,54266,Car Loan,403689,36,Family,233432,Dewas,West Bengal
CUST-2026-D01260,Wriddhish Chada,ITMJH0836S,51,M,1,33527,Self-Employed,12,2,6680,Personal Loan,673839,24,Rent,437526,Bhatpara,Karnataka
CUST-2026-D01261,Harinakshi Dhawan,KBYYT1845Q,44,M,1,24088,Salaried,8,0,0,Car Loan,1434412,84,Own,931451,Narasaraopet,Tamil Nadu
CUST-2026-D01262,Chanchal Chakraborty,SOBIT8941W,37,F,2,51865,Homemaker,12,1,20638,Car Loan,1200517,60,Own,478409,Panihati,Uttarakhand
CUST-2026-D01263,Anirudh Hegde,ENEGP9226B,49,M,2,91688,Salaried,25,1,29014,Personal Loan,222266,24,Own,899747,Kakinada,Gujarat
CUST-2026-D01264,Falan Kakar,PLOKT6660T,46,F,0,116775,Professional,2,0,0,Personal Loan,647891,48,Own,787591,Fatehpur,Goa
CUST-2026-D01265,Falan Randhawa,OOINT8469D,36,F,4,15000,Business,8,1,4036,Personal Loan,1620828,36,Rent,840062,Raiganj,Uttarakhand
CUST-2026-D01266,Abhiram Gandhi,UXNST3003D,41,M,2,141261,Self-Employed,20,1,53321,Personal Loan,1788423,36,Own,911164,Khandwa,Andhra Pradesh
CUST-2026-D01267,Rajata Sarraf,TOXNI2468D,32,M,3,412698,Professional,5,1,96602,Business Loan,5239268,12,Own,329227,Ahmedabad,Arunachal Pradesh
CUST-2026-D01268,Kai Karan,WOFZE5905K,53,M,4,43089,Self-Employed,19,0,0,Personal Loan,774134,48,Rent,276615,Tenali,Gujarat
CUST-2026-D01269,Yuvraj Ramesh,LASLZ1043C,33,F,2,50886,Salaried,0,1,20716,Car Loan,1778388,84,Rent,492320,Kollam,Sikkim
CUST-2026-D01270,Elijah Palla,ESWFO8484E,38,M,4,117165,Professional,17,1,43170,Personal Loan,1192005,12,Own,849748,Ramgarh,Haryana
CUST-2026-D01271,Michael Radhakrishnan,NQSAZ2949P,45,M,1,26626,Retired,1,1,8495,Home Loan,4930038,240,Family,616250,Medininagar,Haryana
CUST-2026-D01272,Reyansh Bakshi,GSAWL6287Y,25,F,3,131496,Self-Employed,4,0,0,Car Loan,1087929,48,Rent,266432,Karimnagar,Rajasthan
CUST-2026-D01273,Ubika Gandhi,KSRAL7938U,47,M,2,80808,Self-Employed,2,1,25804,Home Loan,11471952,300,Family,852429,Surendranagar Dudhrej,Gujarat
CUST-2026-D01274,Kabir Rama,TGMUF8333V,47,F,1,53875,Self-Employed,24,1,22408,Home Loan,7899618,240,Own,423491,Jamnagar,Rajasthan
CUST-2026-D01275,Osha Hans,NRXZZ0346S,34,F,2,19702,Salaried,11,0,0,Personal Loan,329233,60,Rent,669676,Hosur,Manipur
CUST-2026-D01276,Niharika Handa,AYFGE7924K,29,M,2,85410,Business,7,2,29828,Personal Loan,966406,48,Own,737765,Udupi,Haryana
CUST-2026-D01277,Avni Goswami,NPKUE4216F,38,F,0,27848,Salaried,16,0,0,Personal Loan,109665,24,Rent,299831,Aligarh,Uttar Pradesh
CUST-2026-D01278,Anika Sundaram,UIXEE0734P,38,F,0,130549,Salaried,17,3,40252,Personal Loan,835678,36,Own,563781,Jamalpur,Kerala
CUST-2026-D01279,Amruta Shan,BMIBX0951B,30,M,4,57653,Self-Employed,0,0,0,Home Loan,8511331,180,Own,688826,Rajkot,Assam
CUST-2026-D01280,Hemani Bala,SUMAD7712U,43,M,1,78815,Self-Employed,13,1,20331,Personal Loan,1896048,36,Rent,535670,Moradabad,Uttar Pradesh
CUST-2026-D01281,Gaurika Shah,DDMHV5910T,38,M,2,93456,Self-Employed,0,1,39721,Car Loan,1591193,60,Rent,610485,Bhatpara,Bihar
CUST-2026-D01282,Ishwar Srinivas,KYXOG4981I,43,F,3,28583,Self-Employed,14,0,0,Car Loan,2332050,60,Own,444368,Jamnagar,Bihar
CUST-2026-D01283,Faqid Tripathi,FYEYL2111E,42,F,0,26638,Salaried,7,2,8588,Personal Loan,1211078,12,Rent,866056,Hajipur,Haryana
CUST-2026-D01284,Darsh Keer,IFWUR0021Y,51,M,2,37494,Professional,26,0,0,Personal Loan,1728952,12,Rent,247266,Thoothukudi,Tamil Nadu
CUST-2026-D01285,Ishaan Venkatesh,PGEDE0314Z,28,M,2,135252,Self-Employed,4,1,40877,Car Loan,926886,36,Rent,583701,Suryapet,Rajasthan
CUST-2026-D01286,Brijesh Sahota,ASVUR1884Y,39,F,2,38124,Self-Employed,0,1,9018,Marriage Loan,1239672,48,Family,773964,Dindigul,Manipur
CUST-2026-D01287,Chaaya Hans,JARIH9343U,57,M,2,87476,Business,28,2,37569,Personal Loan,1255356,36,Family,747444,Gwalior,Maharashtra
CUST-2026-D01288,Chavvi Naidu,CRCCA3639L,37,M,1,15000,Self-Employed,9,2,6422,Business Loan,500602,36,Rent,346205,Jalandhar,Bihar
CUST-2026-D01289,Eshana Goyal,QOWYE7391B,42,F,0,91499,Salaried,14,1,29846,Business Loan,7676567,12,Own,764134,Malegaon,Manipur
CUST-2026-D01290,Chaitaly Divan,FVYRP1546U,43,M,4,86074,Self-Employed,22,1,34031,Home Loan,4039708,180,Rent,734432,Moradabad,Madhya Pradesh
CUST-2026-D01291,Lakshmi Choudhary,UVFEI8931J,45,F,3,203591,Business,17,1,81788,Business Loan,566260,36,Own,144395,Raurkela Industrial Township,Assam
CUST-2026-D01292,Robert Nigam,ZHZSU7613H,50,F,2,28102,Self-Employed,8,0,0,Home Loan,11459395,120,Own,876223,Durgapur,Jharkhand
CUST-2026-D01293,Manthan Gandhi,IQDSG4338B,27,F,0,56060,Business,5,2,21672,Education Loan,1416734,60,Rent,183054,Raebareli,Punjab
CUST-2026-D01294,Tristan Puri,OVHDO4346V,35,F,0,78939,Self-Employed,8,0,0,Car Loan,1484817,60,Own,510690,Baranagar,Tripura
CUST-2026-D01295,Sudiksha Ahluwalia,LWHWJ3902X,41,F,0,71263,Salaried,11,1,19083,Car Loan,590108,36,Rent,126252,Chinsurah,Telangana
CUST-2026-D01296,Mekhala Shan,CYWDA0533H,56,M,2,53283,Professional,24,0,0,Car Loan,852437,60,Own,686086,Jaipur,Himachal Pradesh
CUST-2026-D01297,Lakshit Khosla,YOQUR8701N,29,F,2,90895,Salaried,3,0,0,Business Loan,923684,24,Rent,544448,Nanded,Rajasthan
CUST-2026-D01298,Praneel Kumar,JBNAD0836Q,46,F,1,144059,Salaried,14,1,21724,Personal Loan,1686350,36,Own,265528,Thane,Sikkim
CUST-2026-D01299,Dhruv Banerjee,VTIRV8825V,34,F,3,96659,Self-Employed,6,1,28341,Business Loan,1075970,12,Family,530522,Sagar,Karnataka
CUST-2026-D01300,Yamini Kapoor,HOEVS0513G,55,M,0,151546,Self-Employed,22,0,0,Home Loan,8366318,120,Rent,389928,Giridih,Jharkhand
CUST-2026-D01301,Chandresh Dutta,AXEJM3290E,43,M,2,56019,Self-Employed,20,3,20950,Personal Loan,1573413,12,Rent,684124,Gandhinagar,Sikkim
CUST-2026-D01302,Mohammed Gole,GADRZ4149W,46,F,1,77120,Self-Employed,4,2,13421,Education Loan,1090044,84,Own,705321,Munger,Uttarakhand
CUST-2026-D01303,Udyati Oza,JZRDR7521F,44,M,2,78110,Homemaker,2,1,31882,Personal Loan,1815679,12,Rent,799173,Bikaner,Karnataka
CUST-2026-D01304,Balvan Khatri,RPVGR0332O,34,F,1,74531,Self-Employed,4,1,26265,Car Loan,458874,36,Family,219495,Ozhukarai,Goa
CUST-2026-D01305,Urvi Palan,KKXOK0207I,38,F,0,24909,Salaried,4,3,4990,Personal Loan,694814,12,Rent,539551,Hubli–Dharwad,Himachal Pradesh
CUST-2026-D01306,Maanas Kant,YHNKK1545R,42,F,1,108622,Professional,11,1,41545,Car Loan,2286283,48,Own,204237,Jhansi,Telangana
CUST-2026-D01307,Jeet Kale,UFTUD0906Z,39,F,2,279553,Self-Employed,15,2,48330,Car Loan,778273,60,Family,348738,Sasaram,Assam
CUST-2026-D01308,Yashasvi Borah,TJDAO0851V,42,M,1,48581,Retired,0,1,12019,Marriage Loan,1201643,12,Family,313158,Bhalswa Jahangir Pur,Rajasthan
CUST-2026-D01309,Wakeeta Magar,PFPBR5488S,40,F,2,23902,Self-Employed,1,1,8902,Personal Loan,1395117,24,Own,601903,Aurangabad,Kerala
CUST-2026-D01310,Varenya Master,QFBSB9838R,54,M,4,52365,Self-Employed,7,0,0,Car Loan,1065061,60,Family,120614,Korba,Andhra Pradesh
CUST-2026-D01311,Pratyush Kadakia,WXBWC4221W,38,M,2,36646,Business,9,2,7274,Personal Loan,800251,12,Family,416852,Malegaon,Himachal Pradesh
CUST-2026-D01312,Priya Deep,VVUWU9262E,27,M,0,209406,Salaried,3,3,48754,Car Loan,751081,84,Family,693679,Jamnagar,Punjab
CUST-2026-D01313,Gunbir Bhattacharyya,NMDZW3470H,44,M,0,21086,Salaried,12,1,8326,Personal Loan,1790770,60,Rent,954084,Patiala,Manipur
CUST-2026-D01314,Aarnav Das,YSGPS0019H,39,M,0,156879,Salaried,1,0,0,Personal Loan,1698463,48,Own,552443,Rajahmundry,Jharkhand
CUST-2026-D01315,Aachal Murty,QDZZD2202F,37,M,2,55473,Self-Employed,15,1,18779,Personal Loan,1785310,60,Rent,388612,Bahraich,Mizoram
CUST-2026-D01316,Jhalak Kashyap,ABVSN3276X,40,F,3,29628,Business,11,0,0,Personal Loan,1785532,48,Rent,387297,Singrauli,Tripura
CUST-2026-D01317,Nidra Bala,CCZVP0756B,31,M,2,48145,Retired,0,0,0,Car Loan,1403078,36,Rent,676934,Katni,Uttarakhand
CUST-2026-D01318,Finn Prabhakar,FRUZT5673C,45,M,1,100816,Self-Employed,2,1,21058,Car Loan,1127634,84,Rent,472427,Madhyamgram,Sikkim
CUST-2026-D01319,Kashish Misra,PHNVQ2729I,52,M,2,85674,Business,7,0,0,Personal Loan,279845,36,Rent,383139,Raiganj,Karnataka
CUST-2026-D01320,Pushti Bali,INLEB9240N,31,F,0,80020,Self-Employed,1,3,18535,Business Loan,8206339,36,Own,213346,Sambalpur,Punjab
CUST-2026-D01321,Nandini Kade,QVUEP7767U,29,F,0,77095,Salaried,1,1,12293,Personal Loan,1975613,24,Rent,824537,Amravati,Tamil Nadu
CUST-2026-D01322,Zaitra Sarraf,VTTID8243I,46,F,0,32354,Self-Employed,7,0,0,Business Loan,4286259,36,Own,635704,Jammu,Odisha
CUST-2026-D01323,Deepa Deo,BNXJH8805H,41,M,1,16135,Salaried,18,1,6471,Marriage Loan,808355,24,Own,968263,Ghaziabad,Meghalaya
CUST-2026-D01324,Hema Banerjee,ZMQEM2479W,35,F,1,57039,Self-Employed,7,2,15117,Home Loan,9248300,120,Own,358144,Khammam,Bihar
CUST-2026-D01325,Manthan Basak,GTGJA0008Y,45,M,3,77841,Self-Employed,23,1,17226,Personal Loan,823132,36,Rent,791444,Pallavaram,Odisha
CUST-2026-D01326,Wyatt Jha,KVTZI1117D,46,F,1,83095,Self-Employed,0,0,0,Home Loan,9924984,240,Own,497432,Anand,Gujarat
CUST-2026-D01327,Chakradhar Gara,YMEGJ2305A,52,M,1,43716,Business,12,0,0,Personal Loan,1472306,12,Rent,417334,Tirupati,Rajasthan
CUST-2026-D01328,Maanav Din,RPWTK8314O,41,F,2,110824,Self-Employed,2,1,20870,Personal Loan,1992555,24,Own,482312,Amravati,Manipur
CUST-2026-D01329,Finn Nayak,QQIRO2258U,46,F,4,29246,Professional,13,0,0,Personal Loan,543981,48,Own,522653,Chandigarh,Tripura
CUST-2026-D01330,Damyanti Chaudhuri,OEKUB1691B,41,F,2,32842,Business,0,0,0,Home Loan,2048827,180,Family,840960,Raurkela Industrial Township,Nagaland
CUST-2026-D01331,Ati Lata,AKRSU7084Q,36,F,3,39356,Salaried,11,1,11719,Home Loan,4742171,240,Family,384929,Patiala,Madhya Pradesh
CUST-2026-D01332,Yasti Babu,JWFQK2231X,60,M,2,122949,Self-Employed,20,1,25016,Home Loan,6641895,300,Rent,851749,Narasaraopet,Telangana
CUST-2026-D01333,Harish Mane,ZSJKK1245J,59,F,3,75783,Homemaker,4,1,11723,Education Loan,215339,120,Family,592134,Haldia,Kerala
CUST-2026-D01334,Avi Sharma,CCITG0459P,33,F,0,16157,Salaried,3,1,2731,Car Loan,422243,60,Rent,376838,Gwalior,Uttarakhand
CUST-2026-D01335,Adweta Barman,UDZYZ8836J,43,M,2,52932,Self-Employed,13,0,0,Home Loan,6231290,240,Family,960657,Durg,West Bengal
CUST-2026-D01336,Udant Pradhan,TRYVF1444D,60,F,0,143620,Salaried,13,0,0,Personal Loan,535058,12,Rent,175250,Jalgaon,Nagaland
CUST-2026-D01337,Yashodhara Devi,QQBLC7803O,28,F,2,31909,Professional,3,1,10417,Business Loan,3955029,60,Own,290098,Bihar Sharif,Odisha
CUST-2026-D01338,Kiaan Nagi,AGYAV9237U,37,M,4,32453,Salaried,4,1,4952,Education Loan,1427205,60,Own,590995,Jammu,Rajasthan
CUST-2026-D01339,Faras Bir,DJDDQ2939I,39,F,0,19129,Self-Employed,3,0,0,Car Loan,905484,84,Rent,146785,Gudivada,Bihar
CUST-2026-D01340,Bachittar Virk,YNKZT2737E,55,M,1,124833,Business,13,2,32119,Personal Loan,1414804,60,Rent,756323,Amaravati,Tripura
CUST-2026-D01341,Jalsa Ghosh,GUXFW1782Y,58,M,2,155679,Salaried,28,1,39053,Car Loan,1064531,60,Own,802831,Shimoga,Goa
CUST-2026-D01342,Aarini Sabharwal,ZBNWC1742G,47,F,1,80555,Self-Employed,16,0,0,Personal Loan,1522711,12,Family,320709,Bhagalpur,Arunachal Pradesh
CUST-2026-D01343,Balhaar Viswanathan,PALBX7616B,37,M,2,96064,Self-Employed,4,2,42768,Car Loan,2257843,48,Rent,230479,Chapra,Goa
CUST-2026-D01344,Peter Mandal,IHDNE7573B,29,F,1,74093,Salaried,0,2,21753,Personal Loan,1570495,36,Rent,555757,Jalgaon,Rajasthan
CUST-2026-D01345,Girish Swaminathan,PSZCW0930J,42,F,2,28666,Professional,9,1,5820,Personal Loan,1326031,24,Own,280777,Noida,Uttarakhand
CUST-2026-D01346,Osha Narain,ZERMG6120M,29,M,1,97388,Self-Employed,0,1,28935,Home Loan,9632895,300,Rent,555656,Indore,Sikkim
CUST-2026-D01347,Triveni Ahluwalia,ANBQI5461Y,36,M,3,67096,Salaried,3,0,0,Personal Loan,1306112,24,Family,992741,Panchkula,Telangana
CUST-2026-D01348,Jason Mody,SSAEH5726D,43,F,4,38027,Self-Employed,11,1,6900,Personal Loan,1559322,24,Own,384129,Nagaon,West Bengal
CUST-2026-D01349,Kala Sarraf,TCWOJ1223C,43,M,2,105813,Self-Employed,16,1,34765,Home Loan,11658700,120,Rent,607933,Sangli-Miraj & Kupwad,Mizoram
CUST-2026-D01350,Tara Purohit,DKWMG4082F,61,F,1,57306,Self-Employed,22,1,15651,Personal Loan,327172,12,Rent,973237,Karnal,Arunachal Pradesh
CUST-2026-D01351,Pavani Srinivasan,NMVAA3156N,41,F,5,37862,Salaried,11,0,0,Personal Loan,52636,60,Rent,791206,Tirupati,Mizoram
CUST-2026-D01352,Amrita Chandra,AUNKS4633H,45,F,2,63802,Business,16,1,27279,Business Loan,5383262,12,Own,526567,Alappuzha,Rajasthan
CUST-2026-D01353,Balveer Raja,GSQRG5402E,32,F,1,150452,Self-Employed,9,3,37297,Personal Loan,1351270,60,Family,670188,Rajpur Sonarpur,Andhra Pradesh
CUST-2026-D01354,Samaksh Bhat,NQVJB9078U,30,F,1,34414,Self-Employed,3,0,0,Personal Loan,438541,48,Rent,683834,Gopalpur,Karnataka
CUST-2026-D01355,Vidhi Cherian,RJRKQ0580A,32,M,0,50153,Business,9,0,0,Personal Loan,1465140,36,Rent,252937,Thrissur,Meghalaya
CUST-2026-D01356,Aadi Uppal,CHTYU4966G,41,F,4,59760,Salaried,3,1,17770,Marriage Loan,853077,12,Rent,582701,South Dumdum,Andhra Pradesh
CUST-2026-D01357,Matthew Goel,CUDLL5075E,36,F,1,43055,Business,14,2,14444,Home Loan,3932430,240,Own,904611,Jorhat,Arunachal Pradesh
CUST-2026-D01358,Balveer Dara,KSPAV4239R,50,M,2,266603,Salaried,4,1,81283,Education Loan,682561,84,Rent,141935,Madurai,Arunachal Pradesh
CUST-2026-D01359,Avi Lad,IOJUJ3452L,35,M,3,22685,Self-Employed,6,0,0,Car Loan,663978,48,Rent,332032,Amaravati,Himachal Pradesh
CUST-2026-D01360,Siddharth Mannan,AKRXI5337U,31,M,2,15000,Salaried,9,0,0,Car Loan,2396799,60,Own,966767,Hapur,Goa
CUST-2026-D01361,Aadhya Khosla,ANXFW0771X,43,F,1,204730,Salaried,15,2,71140,Home Loan,11164801,120,Rent,985188,Surendranagar Dudhrej,Tamil Nadu
CUST-2026-D01362,Brinda Barman,BECFR3910B,38,F,0,145379,Self-Employed,6,0,0,Car Loan,1368764,60,Own,948462,Mysore,Jharkhand
CUST-2026-D01363,Bimala Bhat,AFUJI9708K,50,M,2,60172,Professional,2,2,17185,Education Loan,1491692,84,Rent,221938,Kanpur,Chhattisgarh
CUST-2026-D01364,Wyatt Tara,KHNYD7565S,35,M,1,58930,Salaried,0,1,11892,Car Loan,1909279,36,Own,796852,Sirsa,Nagaland
CUST-2026-D01365,Harini Divan,VWDWS9135O,32,M,0,31986,Business,4,1,12521,Personal Loan,1349180,24,Own,519351,Shimoga,Chhattisgarh
CUST-2026-D01366,Forum Ratta,AUXSG8913B,49,M,1,58528,Self-Employed,12,0,0,Car Loan,305961,36,Own,733517,Katihar,Jharkhand
CUST-2026-D01367,Warhi Manda,UMDBV1366F,40,M,2,68572,Salaried,5,0,0,Marriage Loan,513117,12,Family,508704,Pallavaram,Karnataka
CUST-2026-D01368,Charvi Deo,HWOQA0772G,56,F,2,15000,Self-Employed,13,1,4731,Car Loan,1642696,48,Rent,386426,Etawah,Manipur
CUST-2026-D01369,Lekha Nagar,AOESB5130U,55,F,2,44772,Business,25,1,17577,Home Loan,4453633,180,Own,796997,South Dumdum,Gujarat
CUST-2026-D01370,Nachiket Rajagopalan,BKDZJ7600M,52,M,0,73914,Salaried,22,0,0,Personal Loan,334715,24,Rent,852212,Madurai,Kerala
CUST-2026-D01371,Upkaar Sinha,WGCTT0341P,47,M,1,16038,Self-Employed,6,1,4144,Personal Loan,1024298,60,Own,817239,Amaravati,Karnataka
CUST-2026-D01372,Vamakshi Dutt,CIVNQ7636I,53,F,2,34120,Salaried,5,1,9894,Personal Loan,673068,12,Rent,393047,Bhopal,Haryana
CUST-2026-D01373,Nikita Kakar,DSOJJ7105J,40,M,1,16886,Salaried,2,0,0,Car Loan,950368,48,Family,653171,Nangloi Jat,Tamil Nadu
CUST-2026-D01374,Gopal Barman,VGGCD3152P,31,M,3,78920,Salaried,2,1,24101,Personal Loan,888497,12,Family,654732,Katihar,Mizoram
CUST-2026-D01375,Irya Rattan,OXYYJ3991D,35,M,1,111732,Business,1,1,44449,Car Loan,1466872,60,Own,314970,Erode,Goa
CUST-2026-D01376,Ridhi Sathe,TFUVB9093D,25,M,1,54499,Salaried,0,0,0,Education Loan,856340,180,Rent,517926,Navi Mumbai,Kerala
CUST-2026-D01377,Netra Loyal,KXIIX4744J,24,M,3,25852,Business,0,1,9070,Personal Loan,1040109,36,Own,723194,Jehanabad,Telangana
CUST-2026-D01378,Edhitha Mallick,UXQOH3153F,53,F,0,44962,Homemaker,15,1,9689,Car Loan,2488128,48,Own,737036,Warangal,Assam
CUST-2026-D01379,Udyati Kapadia,AYOHH9769U,62,F,3,39638,Self-Employed,18,2,14209,Education Loan,3767774,120,Own,462241,Phagwara,Odisha
CUST-2026-D01380,Samarth Deshpande,SVFUN6000Q,30,M,4,239234,Salaried,7,0,0,Personal Loan,1633549,48,Own,903488,Nagpur,Assam
CUST-2026-D01381,Gaurangi Chada,ZZYXM3915Z,24,M,1,82463,Self-Employed,0,1,23196,Business Loan,7646950,60,Rent,499823,Uluberia,Mizoram
CUST-2026-D01382,Aradhana Rout,SXKVT2292Y,41,M,1,74507,Professional,8,1,20423,Education Loan,2301020,60,Rent,430828,Pallavaram,Gujarat
CUST-2026-D01383,Shravya Chaudhary,EBFYD0055Z,28,F,2,73463,Salaried,0,3,30605,Personal Loan,1917706,12,Own,283366,Kharagpur,Mizoram
CUST-2026-D01384,Ronith Keer,NTQTT0179Q,38,M,2,74581,Salaried,4,0,0,Car Loan,1904338,84,Rent,445163,Solapur,Bihar
CUST-2026-D01385,Hemangini Nadig,CDETF9756I,28,M,4,71283,Salaried,5,1,29832,Personal Loan,932736,60,Rent,995147,Ramgarh,Telangana
CUST-2026-D01386,Sudiksha Dhaliwal,TNNTV6734R,41,M,2,57525,Salaried,6,2,8683,Personal Loan,278887,48,Rent,975480,Tirunelveli,Sikkim
CUST-2026-D01387,Madhav Buch,AQOXF5997M,51,M,3,63775,Salaried,15,3,24293,Personal Loan,755249,36,Own,220533,Dhanbad,Karnataka
CUST-2026-D01388,Charles Chakrabarti,YQKUM6202V,27,M,0,39079,Self-Employed,2,2,6028,Personal Loan,1128656,60,Rent,992854,Kirari Suleman Nagar,Mizoram
CUST-2026-D01389,Advik Dutta,WDJLU2671C,22,M,4,121079,Homemaker,0,2,44293,Marriage Loan,198177,36,Family,902480,Singrauli,Tripura
CUST-2026-D01390,Ikshita Dhawan,KENJJ2834E,42,F,4,25274,Self-Employed,17,3,4213,Education Loan,4922925,120,Family,252566,Aligarh,Kerala
CUST-2026-D01391,Megha Raju,EQCPF1111G,50,M,3,24010,Homemaker,17,0,0,Personal Loan,865803,48,Rent,687299,Dhule,Maharashtra
CUST-2026-D01392,George Salvi,GXVCG1271M,31,M,0,45837,Self-Employed,3,1,14839,Marriage Loan,340617,12,Own,545275,Chandrapur,Arunachal Pradesh
CUST-2026-D01393,Damyanti Nigam,ASDCA5579P,29,M,3,54115,Self-Employed,1,1,14212,Car Loan,2316902,60,Rent,326606,Munger,Madhya Pradesh
CUST-2026-D01394,Rachit Mangal,QIQNJ2209H,25,M,3,41108,Retired,0,0,0,Car Loan,955118,48,Own,183727,Hosur,Karnataka
CUST-2026-D01395,Ishita Basak,KAUPD6875N,38,F,0,150539,Salaried,17,0,0,Home Loan,1969541,120,Rent,480666,Panchkula,Manipur
CUST-2026-D01396,Kai Nagarajan,SFSKB1588I,63,M,5,177780,Business,3,1,36440,Car Loan,2292374,60,Rent,464295,Guwahati,West Bengal
CUST-2026-D01397,Frado Garg,LFDHL0996T,49,M,2,41111,Professional,10,0,0,Personal Loan,655757,48,Rent,161284,Patna,Uttarakhand
CUST-2026-D01398,Ayushman Ratta,DILXD4585A,38,M,4,23115,Self-Employed,9,0,0,Marriage Loan,958032,36,Family,688260,Kolkata,Sikkim
CUST-2026-D01399,Brijesh Sarin,TIOYM6109E,41,M,2,122997,Salaried,13,1,49383,Home Loan,3391973,300,Own,496644,Hyderabad,Arunachal Pradesh
CUST-2026-D01400,Onveer Kar,WQNMY2883Y,42,F,5,22933,Business,3,2,9644,Education Loan,3878284,120,Rent,994730,Mango,Arunachal Pradesh
CUST-2026-D01401,Pavani Narang,KSMAX0112D,49,M,0,115191,Self-Employed,26,2,29678,Business Loan,7301250,60,Rent,710182,Tirupati,West Bengal
CUST-2026-D01402,Aachal Chanda,XWGXQ7031X,45,F,2,76109,Professional,16,3,16076,Car Loan,1914381,36,Own,406493,Shivpuri,West Bengal
CUST-2026-D01403,Matthew Iyer,LOPFE1429O,39,F,0,92857,Self-Employed,10,1,19833,Business Loan,7892154,60,Rent,931967,Delhi,Kerala
CUST-2026-D01404,Bhanumati Dalal,RSHAK4404Y,31,M,3,51740,Salaried,2,2,18609,Home Loan,10311570,300,Rent,632614,Guntur,Chhattisgarh
CUST-2026-D01405,Avni Bora,KZOAK0022U,45,M,1,51390,Self-Employed,15,2,16153,Home Loan,2474360,180,Own,287764,Latur,Tripura
CUST-2026-D01406,Oni Mody,JFZAK8957P,55,M,4,53138,Self-Employed,10,0,0,Business Loan,711635,12,Rent,279711,Bardhaman,Gujarat
CUST-2026-D01407,Tarak Sagar,YCYZQ4948S,35,M,2,22275,Self-Employed,0,3,9421,Marriage Loan,1258204,48,Rent,601025,Sonipat,Uttarakhand
CUST-2026-D01408,Michael Kaur,KPBSR7066U,31,M,1,91288,Self-Employed,5,2,21595,Car Loan,1604817,84,Rent,855449,Sagar,Telangana
CUST-2026-D01409,Patrick Modi,DLYZX0155H,52,M,4,87810,Self-Employed,23,2,26787,Personal Loan,778150,24,Own,460908,Jamshedpur,Himachal Pradesh
CUST-2026-D01410,Samesh Brahmbhatt,FVWHS4257J,52,M,1,27947,Salaried,30,1,9567,Car Loan,2353534,48,Own,138324,Vijayanagaram,Punjab
CUST-2026-D01411,Vedhika Sheth,FQLUH1916U,36,F,2,67672,Business,6,0,0,Car Loan,1158300,60,Own,552003,Jhansi,Uttarakhand
CUST-2026-D01412,Timothy Sandhu,RTECE1125X,53,M,4,141370,Salaried,14,2,30406,Car Loan,1296267,48,Family,546667,Pudukkottai,Punjab
CUST-2026-D01413,Guneet Bhasin,GLYBA2030V,31,M,2,81086,Professional,3,0,0,Personal Loan,735492,12,Rent,799014,Davanagere,Himachal Pradesh
CUST-2026-D01414,Meera Jha,WIWCU3580M,44,M,1,18567,Self-Employed,5,0,0,Home Loan,14028898,180,Rent,757579,Faridabad,Mizoram
CUST-2026-D01415,Charita Sengupta,NIVWS8684H,52,F,0,60952,Self-Employed,6,0,0,Personal Loan,1216959,48,Own,446726,Siliguri,Bihar
CUST-2026-D01416,Nitesh Hans,XFEHV6894P,43,F,2,56784,Salaried,12,0,0,Home Loan,2625827,300,Rent,127108,Deoghar,Meghalaya
CUST-2026-D01417,Arunima Narain,NDXQO2157V,31,F,1,35879,Professional,3,1,16128,Personal Loan,935253,48,Rent,724792,Nizamabad,Chhattisgarh
CUST-2026-D01418,Yashvi Ahuja,HSWFH6229K,35,M,2,49919,Salaried,12,2,12788,Car Loan,771397,84,Own,946916,Katni,Himachal Pradesh
CUST-2026-D01419,Praneel Khurana,PQVVJ7898G,29,F,0,22031,Professional,6,3,4685,Personal Loan,579089,12,Rent,308102,Warangal,Uttar Pradesh
CUST-2026-D01420,Waida Gour,NUQYT1277U,39,F,1,52970,Self-Employed,11,2,21771,Education Loan,2575641,60,Rent,935234,Kottayam,Gujarat
CUST-2026-D01421,Anusha Aurora,TADQK0470V,45,F,3,144495,Self-Employed,22,0,0,Personal Loan,1274571,36,Own,229210,Adoni,Kerala
CUST-2026-D01422,Orinder Choudhry,SSYML8515S,26,F,4,93802,Business,1,0,0,Car Loan,400460,36,Rent,189243,Loni,Kerala
CUST-2026-D01423,Harinakshi Patla,VMGGG7409A,56,M,5,15977,Self-Employed,16,1,3194,Marriage Loan,200816,48,Rent,494760,Mirzapur,Jharkhand
CUST-2026-D01424,Riya Chana,ALOJR4871E,40,M,2,32368,Self-Employed,11,1,6875,Car Loan,1963096,48,Own,862727,Shahjahanpur,Arunachal Pradesh
CUST-2026-D01425,Yashica Sharaf,BUIQD2167V,27,M,3,77961,Self-Employed,1,1,28509,Marriage Loan,1177219,12,Rent,915083,Srikakulam,Jharkhand
CUST-2026-D01426,Jackson Loke,JUSFK4576Y,38,M,1,110258,Self-Employed,3,0,0,Business Loan,8486621,60,Rent,694837,Bhilai,Mizoram
CUST-2026-D01427,Kala Chadha,UVSRH1918B,55,M,4,127246,Business,13,0,0,Personal Loan,1806026,60,Rent,975943,Bhiwandi,Uttarakhand
CUST-2026-D01428,Kavya Dave,NCFXF3486L,43,M,4,36240,Salaried,1,1,8242,Car Loan,1551217,48,Family,784558,Ambala,Sikkim
CUST-2026-D01429,Liam Saraf,GYKXV4220K,53,F,4,81861,Salaried,17,2,14478,Personal Loan,904658,24,Rent,739709,Agartala,Mizoram
CUST-2026-D01430,Vansha Bandi,SUUCK5812E,38,F,0,100235,Self-Employed,6,1,23526,Personal Loan,1900434,24,Family,223935,Kharagpur,Nagaland
CUST-2026-D01431,Amrita Pall,IPEFR0687C,40,F,4,59931,Salaried,2,2,12058,Home Loan,12588453,240,Rent,379653,Tiruvottiyur,Odisha
CUST-2026-D01432,Diya Barad,YAMTD5845G,35,M,1,73345,Self-Employed,3,1,18181,Car Loan,1909521,36,Own,919519,Guntur,Goa
CUST-2026-D01433,Chameli Mittal,EOYEF0059H,27,M,3,187840,Business,0,0,0,Personal Loan,1763422,60,Own,827791,Fatehpur,Sikkim
CUST-2026-D01434,Bhavna Jani,NKNMC7505G,25,M,2,221638,Business,1,0,0,Car Loan,2020157,84,Rent,260086,Delhi,Arunachal Pradesh
CUST-2026-D01435,Wyatt Das,FVGKD8834V,42,F,2,223928,Salaried,19,2,91643,Business Loan,4155831,12,Rent,767138,Kolhapur,Maharashtra
CUST-2026-D01436,Laksh Mitra,FUQWL8593X,34,F,0,38081,Salaried,10,0,0,Education Loan,3783791,120,Rent,794803,Adoni,Madhya Pradesh
CUST-2026-D01437,Advika Comar,VSTDO2517N,37,F,1,59021,Salaried,4,1,13333,Car Loan,666138,84,Rent,922477,Shimoga,Madhya Pradesh
CUST-2026-D01438,Zehaan Sandhu,WNUHR4653Y,37,F,2,48339,Business,13,0,0,Business Loan,8800424,60,Own,573957,Amritsar,Sikkim
CUST-2026-D01439,Zarna Kuruvilla,OIOYZ2470Z,46,M,2,61430,Professional,21,2,14911,Personal Loan,633754,60,Own,156452,Nizamabad,Odisha
CUST-2026-D01440,Anya Dayal,GIYRG8726K,41,M,5,96102,Salaried,19,1,15948,Personal Loan,189005,60,Own,432516,Burhanpur,Assam
CUST-2026-D01441,Bhavani Gala,VAYIF4780K,62,M,2,123836,Professional,5,1,33246,Home Loan,6521952,300,Own,131542,Mira-Bhayandar,Tripura
CUST-2026-D01442,Brijesh Natt,ZCUSF1822J,45,F,2,201479,Professional,12,0,0,Personal Loan,589899,24,Rent,906930,Kurnool,Haryana
CUST-2026-D01443,Gayathri Karnik,GEYFR1545G,45,F,3,64824,Self-Employed,21,0,0,Personal Loan,330500,24,Family,135319,Kolhapur,Goa
CUST-2026-D01444,Brijesh Malhotra,PLYGQ7187A,37,F,4,25035,Self-Employed,4,0,0,Home Loan,5070416,240,Own,633459,Muzaffarnagar,Tamil Nadu
CUST-2026-D01445,Chaitanya Aurora,TQPJF4777X,34,F,0,43318,Salaried,1,0,0,Personal Loan,1668502,12,Own,512742,Gandhidham,Uttarakhand
CUST-2026-D01446,Chaman Bhatt,YCLJL8036E,54,M,2,63746,Business,4,0,0,Marriage Loan,1058112,48,Own,339315,Singrauli,Arunachal Pradesh
CUST-2026-D01447,Nitesh Andra,CMNRN4903M,39,F,1,168744,Self-Employed,9,0,0,Personal Loan,81623,24,Own,121207,Warangal,West Bengal
CUST-2026-D01448,Orinder Bhargava,CFVIM9085C,35,M,1,26201,Self-Employed,6,1,5179,Personal Loan,369965,36,Rent,257489,Medininagar,Maharashtra
CUST-2026-D01449,Ishita Wadhwa,ISRXT8764N,39,M,1,15000,Self-Employed,12,2,5475,Personal Loan,309699,36,Rent,793263,Tirunelveli,Meghalaya
CUST-2026-D01450,Yadavi Wali,AYALO3936C,40,F,1,79296,Salaried,18,1,13502,Personal Loan,1076494,48,Own,806861,Alwar,Uttarakhand
CUST-2026-D01451,Charvi Rajagopalan,REQKI4673A,43,F,1,34470,Business,10,1,5697,Business Loan,4210145,60,Family,314734,Danapur,Jharkhand
CUST-2026-D01452,Chandresh Kamdar,SZIGH8668Y,43,M,2,33341,Professional,15,0,0,Home Loan,1547606,180,Rent,866665,Kishanganj,Odisha
CUST-2026-D01453,Alka Batra,BVOMI7826X,47,M,3,91632,Salaried,17,2,34349,Personal Loan,300288,12,Own,111355,Amaravati,Bihar
CUST-2026-D01454,Guneet Karan,GMGFJ2738V,30,M,2,179461,Professional,5,2,46126,Home Loan,4468759,240,Own,252452,Suryapet,Nagaland
CUST-2026-D01455,Lekha Devi,FSFTK4457V,45,M,2,45568,Self-Employed,9,2,13171,Personal Loan,1748332,12,Rent,193990,Bardhaman,Andhra Pradesh
CUST-2026-D01456,Vinaya Chokshi,NWKOU1938O,43,M,1,88355,Salaried,19,0,0,Marriage Loan,1464515,12,Family,196605,Panvel,West Bengal
CUST-2026-D01457,Saanvi Keer,AXHOM7012B,40,F,1,146985,Retired,0,1,58046,Business Loan,1917764,24,Family,992479,Nellore,Chhattisgarh
CUST-2026-D01458,Darpan Bhardwaj,VGXKZ4205P,48,M,2,133094,Salaried,11,1,33389,Home Loan,9625794,300,Rent,769057,Kulti,Himachal Pradesh
CUST-2026-D01459,Ethan Gola,ACJAS6127D,58,M,2,50293,Professional,22,0,0,Personal Loan,1622460,60,Rent,625477,Shivpuri,Nagaland
CUST-2026-D01460,Samesh Thakur,AGEKO2921O,31,F,1,374853,Self-Employed,2,1,101361,Home Loan,11659714,180,Own,210505,Morbi,Karnataka
CUST-2026-D01461,Zilmil Arya,ZTQZJ8536Q,35,M,0,95196,Self-Employed,4,0,0,Personal Loan,1295391,60,Rent,245209,Guntakal,Uttarakhand
CUST-2026-D01462,Adya Bath,ZYQPL4192T,40,M,2,66324,Self-Employed,10,1,29282,Personal Loan,1871090,60,Rent,963904,Khora ,Haryana
CUST-2026-D01463,Anthony Badal,OPQVA5428L,40,F,1,131716,Professional,11,1,37795,Personal Loan,1445599,24,Own,223850,Hajipur,Uttarakhand
CUST-2026-D01464,Jhalak Bawa,ILPMS4079G,32,F,0,39187,Self-Employed,6,2,12343,Car Loan,1103991,36,Rent,266574,Kollam,Rajasthan
CUST-2026-D01465,Kamya Puri,JSHWL7562O,50,M,1,89906,Self-Employed,22,1,20930,Personal Loan,1731522,48,Rent,814132,Jamshedpur,Odisha
CUST-2026-D01466,Leena Chakraborty,RDWES7168O,34,F,2,26208,Business,7,1,4668,Education Loan,385031,84,Rent,450221,Kollam,Sikkim
CUST-2026-D01467,Krishna Behl,SVFTN2131K,40,M,1,110746,Salaried,0,2,48108,Personal Loan,273881,60,Own,498818,Gaya,Karnataka
CUST-2026-D01468,Charvi Bose,SEBIX8453U,41,M,1,85868,Self-Employed,11,3,34776,Personal Loan,1226415,24,Family,121598,Jaunpur,Maharashtra
CUST-2026-D01469,Hredhaan Bhavsar,HZBDX5648V,33,M,0,121799,Salaried,0,0,0,Car Loan,1791153,84,Own,459995,Sambalpur,Meghalaya
CUST-2026-D01470,Shivansh Ahuja,UDXOF3867F,31,M,2,31202,Business,7,0,0,Personal Loan,1872737,12,Own,865239,Bhiwani,Karnataka
CUST-2026-D01471,Meera Yogi,GQDHO6773A,59,M,1,34363,Self-Employed,1,1,13072,Personal Loan,423964,24,Own,740736,Tiruvottiyur,Arunachal Pradesh
CUST-2026-D01472,Tanish Khanna,JIHQT3995J,42,M,2,168455,Self-Employed,5,1,28188,Car Loan,1697659,60,Family,998914,Phagwara,Kerala
CUST-2026-D01473,Jack Singh,ALLZB3570D,35,M,0,30596,Salaried,14,3,5835,Personal Loan,1114696,60,Family,173111,Berhampur,Arunachal Pradesh
CUST-2026-D01474,Lipika Mittal,VJSNS5587W,37,M,2,64903,Salaried,7,1,21725,Personal Loan,1116478,36,Own,426365,Vijayanagaram,Telangana
CUST-2026-D01475,Sanaya Apte,MPBEV5169H,42,F,3,15000,Salaried,14,2,2639,Home Loan,9987519,120,Rent,516463,Hyderabad,Bihar
CUST-2026-D01476,Eesha Sarraf,JXDXR8268G,39,M,2,20735,Professional,17,2,8903,Personal Loan,1928832,24,Rent,656087,Guntur,Uttar Pradesh
CUST-2026-D01477,Lopa Kata,JDAJW2589L,34,M,1,151765,Self-Employed,2,1,66541,Education Loan,700537,180,Rent,611502,Bihar Sharif,Tripura
CUST-2026-D01478,Janani Balay,IPGVR9184S,38,M,3,98937,Self-Employed,8,3,33228,Home Loan,4341369,240,Rent,859574,Panipat,Mizoram
CUST-2026-D01479,Yutika Chandra,XNYNV0682O,51,M,0,45490,Salaried,3,0,0,Personal Loan,542349,36,Family,634424,Khammam,Arunachal Pradesh
CUST-2026-D01480,Abeer Mander,ANEZR3917I,57,F,1,57095,Business,24,0,0,Home Loan,7352673,180,Rent,179865,Allahabad,Punjab
CUST-2026-D01481,Aarav Sengupta,RMXFY7603T,57,F,0,118681,Professional,14,1,24615,Home Loan,6992408,120,Rent,251915,Chapra,Chhattisgarh
CUST-2026-D01482,Nitesh Taneja,HJIMG1567F,39,M,2,154934,Salaried,2,0,0,Home Loan,6313116,240,Rent,965493,Kharagpur,Odisha
CUST-2026-D01483,Yashvi Shah,RQJAW0437T,40,F,1,47381,Salaried,4,2,14229,Home Loan,6499815,180,Own,697990,Uluberia,Chhattisgarh
CUST-2026-D01484,Maanas Palan,MPNVU2103G,48,F,2,36581,Self-Employed,0,1,12373,Business Loan,3059526,24,Own,356563,Ahmedabad,Gujarat
CUST-2026-D01485,Yug Zacharia,AYBJJ2044Q,40,F,2,248551,Self-Employed,7,2,87519,Car Loan,694238,60,Rent,306939,Shimoga,Madhya Pradesh
CUST-2026-D01486,Christopher Grewal,ENSIK7823D,60,F,1,36545,Retired,18,0,0,Car Loan,2244466,36,Rent,610242,Chandrapur,West Bengal
CUST-2026-D01487,Chakradev Venkataraman,SPXZS2325J,48,F,2,130291,Self-Employed,6,0,0,Home Loan,11666354,120,Rent,701738,Pune,Tripura
CUST-2026-D01488,Theodore Dugar,EMWDC7923O,37,F,1,46069,Business,6,1,14193,Personal Loan,346384,48,Own,663765,Anantapuram,Odisha
CUST-2026-D01489,Onkar Goel,MYVJJ8328S,27,F,4,19925,Business,6,2,3481,Personal Loan,115466,24,Rent,704793,Durgapur,Uttarakhand
CUST-2026-D01490,Ekiya Tata,MQWBN4932L,58,F,0,25082,Retired,7,0,0,Business Loan,7385273,36,Rent,755715,Howrah,Uttarakhand
CUST-2026-D01491,Jagrati Jha,RGDGQ0081L,45,F,2,59830,Self-Employed,5,0,0,Personal Loan,395221,12,Rent,690820,Proddatur,Tripura
CUST-2026-D01492,Noah Kant,SIHRX9432D,40,M,0,31569,Self-Employed,16,1,13633,Home Loan,10251508,120,Own,747156,Begusarai,Uttar Pradesh
CUST-2026-D01493,Aradhana Kakar,IEAGK9520M,37,F,2,99670,Self-Employed,6,1,37221,Personal Loan,1990848,36,Rent,288558,Firozabad,Bihar
CUST-2026-D01494,Yoshita Gala,KUHUG8355Y,47,F,3,50329,Self-Employed,18,2,12066,Education Loan,3290644,180,Rent,122147,Aurangabad,Kerala
CUST-2026-D01495,Hamsini Majumdar,ZVSEZ1093A,49,M,0,117935,Self-Employed,14,1,24197,Personal Loan,1240820,36,Rent,544632,Sagar,Mizoram
CUST-2026-D01496,Arya Nair,MFNCU3580H,53,M,2,88598,Salaried,22,1,33773,Home Loan,14739980,120,Own,301393,Ongole,Punjab
CUST-2026-D01497,Gauri Char,DCGMU8626J,42,M,2,48657,Retired,17,0,0,Home Loan,11645612,300,Family,745960,Mangalore,Telangana
CUST-2026-D01498,Jackson Rege,MEQZW4278K,58,M,3,32948,Salaried,3,0,0,Marriage Loan,799314,12,Rent,337626,South Dumdum,Haryana
CUST-2026-D01499,Chandresh Savant,UYKUB6319U,44,F,0,158376,Self-Employed,17,0,0,Home Loan,6542804,180,Rent,694251,Haldia,Rajasthan
CUST-2026-D01500,Jonathan Tata,IANKM7688R,38,F,3,32247,Professional,1,0,0,Business Loan,7968917,12,Rent,488418,Tumkur,Chhattisgarh
CUST-2026-D01501,Ishanvi Madan,VVKBW7493C,27,M,2,45374,Salaried,2,0,0,Personal Loan,819982,24,Rent,171010,Hajipur,Tripura
CUST-2026-D01502,Zilmil Merchant,ZSAAE6883O,38,M,2,119146,Business,16,2,19504,Personal Loan,262102,12,Rent,576610,Muzaffarnagar,Madhya Pradesh
CUST-2026-D01503,Anjali Loke,KNRZG7695Y,33,M,2,75118,Business,1,1,14322,Personal Loan,1066289,24,Family,332641,Belgaum,Manipur
CUST-2026-D01504,Ekbal Pingle,FGHXZ8957W,43,M,3,64713,Salaried,19,0,0,Business Loan,9107952,24,Own,998203,Ulhasnagar,Nagaland
CUST-2026-D01505,Brijesh Radhakrishnan,VSRLM0878H,37,M,1,20900,Salaried,12,0,0,Personal Loan,357122,60,Family,826984,Ludhiana,Arunachal Pradesh
CUST-2026-D01506,Jalsa Narang,RMEOF0202T,35,F,1,85699,Business,9,0,0,Personal Loan,160761,24,Rent,155313,Bidhannagar,Haryana
CUST-2026-D01507,Janaki Iyengar,MOKZP6550T,35,M,1,76538,Salaried,0,1,12584,Car Loan,754262,60,Family,720244,Tadipatri,West Bengal
CUST-2026-D01508,Balendra Gaba,EBZOV9457C,43,F,1,38326,Salaried,10,2,8174,Business Loan,2564880,36,Own,776111,Dibrugarh,Madhya Pradesh
CUST-2026-D01509,Priya Wable,ZVAWX0482Y,30,M,0,96357,Self-Employed,5,0,0,Business Loan,9207353,12,Rent,124368,Bhusawal,Odisha
CUST-2026-D01510,Yadavi Dhaliwal,YEPDR2538W,52,F,3,15000,Self-Employed,21,3,3238,Personal Loan,1690653,12,Own,966149,Silchar,West Bengal
CUST-2026-D01511,Lipika Behl,RZRHW0801A,44,M,5,125865,Salaried,22,0,0,Education Loan,2050109,180,Rent,371495,Amaravati,Rajasthan
CUST-2026-D01512,Ikbal Issac,EZXKO3652C,45,F,2,16341,Self-Employed,15,0,0,Personal Loan,1339134,60,Own,712982,Thiruvananthapuram,Tripura
CUST-2026-D01513,Chaman Kamdar,XPSVQ9891Z,53,F,2,43793,Business,15,1,15083,Business Loan,7897834,60,Family,251787,Bhagalpur,Sikkim
CUST-2026-D01514,Pranit Pillay,XZABE2653O,42,F,3,91606,Self-Employed,2,0,0,Personal Loan,921604,36,Family,258588,Kirari Suleman Nagar,Jharkhand
CUST-2026-D01515,Charita Sharma,RKLFU9456A,41,M,3,180654,Self-Employed,3,0,0,Personal Loan,826234,60,Own,306816,Kota,Manipur
CUST-2026-D01516,Tanveer Mukherjee,NHCHP4970C,30,F,1,63100,Business,3,0,0,Personal Loan,460356,48,Rent,374474,Nellore,Gujarat
CUST-2026-D01517,Advika Raj,WMRNX2535I,41,M,0,131862,Salaried,7,1,50771,Personal Loan,1032290,48,Own,644297,Bhalswa Jahangir Pur,Bihar
CUST-2026-D01518,Tara Iyengar,ZYDHF8887A,32,M,1,25110,Salaried,2,1,6189,Home Loan,8036277,120,Own,648359,Thrissur,West Bengal
CUST-2026-D01519,Chakrika Pillay,LZBZD5724R,48,F,1,39073,Salaried,13,3,16486,Personal Loan,1493496,48,Rent,433306,Guntur,Uttarakhand
CUST-2026-D01520,Waida Rana,FETYJ1603Z,50,M,2,57173,Self-Employed,25,0,0,Personal Loan,1920978,24,Own,228621,Nanded,Madhya Pradesh
CUST-2026-D01521,Waida Kaul,CSXPZ8668R,34,M,1,80449,Business,8,2,15043,Home Loan,9879809,240,Rent,213391,Ghaziabad,Odisha
CUST-2026-D01522,Isaiah Memon,MEDZN5745J,31,F,1,90623,Self-Employed,4,0,0,Home Loan,11121011,120,Own,409767,Faridabad,Karnataka
CUST-2026-D01523,Urvashi Kumar,KXSKV0702K,54,M,4,37139,Self-Employed,30,3,8431,Personal Loan,1514047,24,Own,178955,Shahjahanpur,Haryana
CUST-2026-D01524,Rayaan Rai,GPZKP6518C,47,M,2,380443,Self-Employed,6,1,95819,Personal Loan,771939,12,Own,224650,Howrah,Haryana
CUST-2026-D01525,Lajita Kara,VHVEB4968V,34,M,1,31205,Self-Employed,5,0,0,Personal Loan,1155889,48,Family,787433,Bhiwandi,Uttar Pradesh
CUST-2026-D01526,Nachiket Sankaran,TFGRE4538V,43,F,3,182714,Business,9,2,66016,Car Loan,1225268,36,Own,685411,Bijapur,Chhattisgarh
CUST-2026-D01527,Garima Zachariah,VIEGF0421P,36,M,1,28582,Self-Employed,1,1,5859,Personal Loan,1852276,24,Family,707527,Kharagpur,Andhra Pradesh
CUST-2026-D01528,Ishani Mammen,LUDTI1633E,56,M,1,63743,Self-Employed,7,0,0,Personal Loan,1883002,60,Rent,574658,Rajpur Sonarpur,Rajasthan
CUST-2026-D01529,Waida Dugar,GMRAW4120M,46,M,3,50795,Self-Employed,1,1,15070,Car Loan,772468,60,Own,402546,Anand,Karnataka
CUST-2026-D01530,Jackson Chokshi,NEFYE9609C,37,F,3,41981,Salaried,1,2,8140,Personal Loan,1726632,48,Rent,341787,Ghaziabad,Kerala
CUST-2026-D01531,Netra Mani,VXVFZ0751W,45,F,2,23223,Self-Employed,6,3,7385,Personal Loan,681086,60,Rent,780259,Cuttack,Sikkim
CUST-2026-D01532,Tanmayi Varty,QFQSE0165C,40,M,1,185615,Business,2,3,66506,Personal Loan,1168910,60,Own,957369,Phusro,Haryana
CUST-2026-D01533,Hemangini Sengupta,HZDXS8407H,26,M,2,35776,Salaried,0,2,8604,Business Loan,9213349,12,Rent,750975,Pondicherry,Odisha
CUST-2026-D01534,Vinaya Soman,ACRXL7834M,49,F,0,51901,Self-Employed,27,0,0,Car Loan,2017732,84,Rent,399129,Panihati,Bihar
CUST-2026-D01535,Agastya Sant,SJCZJ6491E,55,F,2,69531,Salaried,2,0,0,Car Loan,1462351,60,Rent,446254,Shivpuri,Sikkim
CUST-2026-D01536,Rajata Kade,TJMIO8645M,54,M,3,124249,Self-Employed,7,1,54752,Home Loan,7329355,300,Rent,123701,Guntur,Karnataka
CUST-2026-D01537,Bhavini Verma,WQNVH3486V,43,M,4,78532,Salaried,6,1,25056,Personal Loan,1069274,12,Rent,858478,Rajahmundry,Bihar
CUST-2026-D01538,Prisha Basak,XOSSD6842H,51,M,5,57001,Salaried,16,1,15569,Personal Loan,189567,36,Rent,857709,Ghaziabad,Nagaland
CUST-2026-D01539,Orinder Soman,GFGKB8685U,48,F,4,15000,Self-Employed,7,2,3134,Home Loan,8232392,120,Rent,377456,Chandrapur,Assam
CUST-2026-D01540,Jairaj Majumdar,AORCI6899G,36,F,1,88766,Self-Employed,12,0,0,Home Loan,13137858,180,Rent,339625,Begusarai,Assam
CUST-2026-D01541,Chaitanya Sharaf,YDGAH8725Q,34,F,3,77663,Self-Employed,10,2,25682,Personal Loan,402221,24,Rent,507547,Bongaigaon,Kerala
CUST-2026-D01542,Triveni Menon,UQXXZ0349Z,50,M,2,101887,Self-Employed,2,2,20504,Car Loan,1220595,60,Own,388678,Bijapur,Assam
CUST-2026-D01543,Lajita Mahal,JPSNZ0421C,50,F,3,87907,Professional,8,2,20136,Personal Loan,365969,48,Rent,589399,Bhilai,Kerala
CUST-2026-D01544,Zinal Devi,PZNSE1643Y,51,F,1,71746,Business,30,1,15436,Personal Loan,364186,60,Own,692141,Mango,Bihar
CUST-2026-D01545,Ojasvi Ravi,VSEWE7987U,44,F,2,57898,Business,15,0,0,Car Loan,1856407,36,Rent,115734,Tadipatri,Chhattisgarh
CUST-2026-D01546,Shravya Sura,ZNVJY4947P,32,F,2,28714,Self-Employed,10,3,9656,Home Loan,2174744,240,Rent,184812,Ongole,Bihar
CUST-2026-D01547,Chasmum Thakur,OPRZR7678G,30,M,3,46617,Salaried,4,2,15821,Personal Loan,1415231,36,Rent,309927,Thane,Arunachal Pradesh
CUST-2026-D01548,Nakul Kar,JLAUY3403W,47,F,5,82268,Professional,13,1,32666,Personal Loan,1464049,36,Rent,845034,Thiruvananthapuram,Assam
CUST-2026-D01549,Eshana Nath,AZHAM8982K,30,F,0,113390,Salaried,6,2,40305,Car Loan,924855,48,Rent,516564,Guntur,Manipur
CUST-2026-D01550,Bhavini Reddy,WYAGC7795H,35,M,2,168866,Salaried,10,0,0,Home Loan,6729131,240,Rent,990838,Guna,West Bengal
CUST-2026-D01551,Rachana Purohit,VKXWX4482N,56,M,1,33545,Business,7,0,0,Education Loan,911517,180,Rent,587391,Tadepalligudem,Nagaland
CUST-2026-D01552,Chanakya Soman,YPMTY8961N,27,M,2,77353,Business,6,3,30189,Business Loan,9649838,24,Rent,917438,Avadi,Odisha
CUST-2026-D01553,Upkaar Mannan,MPDBI2142D,53,M,3,51734,Business,7,1,9767,Personal Loan,391947,36,Rent,829731,Hindupur,Bihar
CUST-2026-D01554,Banjeet Gill,AVGJP3709J,32,F,1,145481,Retired,1,3,63068,Personal Loan,629764,24,Rent,587626,Gandhidham,Andhra Pradesh
CUST-2026-D01555,Tanish Krishna,JOGAE5701R,41,F,1,45417,Self-Employed,5,2,14534,Marriage Loan,1044369,24,Rent,447217,Amaravati,Rajasthan
CUST-2026-D01556,Adya Mittal,DFSED2856V,48,F,0,164187,Self-Employed,27,1,34203,Car Loan,2357857,84,Family,458220,Mehsana,Meghalaya
CUST-2026-D01557,Aarush Mand,WWAGK5587U,61,M,4,15000,Salaried,16,0,0,Car Loan,1308523,84,Own,198729,Bhalswa Jahangir Pur,Uttarakhand
CUST-2026-D01558,Azad Zachariah,FYHKD0399M,51,M,0,43699,Professional,30,3,14863,Personal Loan,1151881,12,Family,659540,Bhagalpur,Uttar Pradesh
CUST-2026-D01559,Ekaja Choudhury,NNYKS1633F,40,F,2,46835,Self-Employed,4,2,20708,Education Loan,371875,120,Family,620483,Dehradun,Kerala
CUST-2026-D01560,Noah Soman,KEADO3578H,53,M,2,25623,Self-Employed,12,1,4922,Personal Loan,908737,60,Rent,372504,Nizamabad,Bihar
CUST-2026-D01561,Eshana Mangat,MNSDH0704I,32,F,1,40200,Professional,0,0,0,Car Loan,871879,48,Rent,891094,Patna,Maharashtra
CUST-2026-D01562,Sanaya Dada,KYRCC6152Z,44,M,2,64736,Self-Employed,7,1,11485,Business Loan,520583,12,Own,675843,Etawah,Madhya Pradesh
CUST-2026-D01563,Balvan Koshy,MBPAM3710Z,39,F,2,96767,Salaried,1,1,41174,Personal Loan,710994,12,Rent,716690,Bhilwara,Sikkim
CUST-2026-D01564,Naksh Morar,QDHSO4708Q,36,F,3,26254,Self-Employed,8,0,0,Personal Loan,1586361,36,Rent,805414,Srinagar,Kerala
CUST-2026-D01565,Kabir Muni,UGQJE6865D,40,F,3,48005,Salaried,4,1,11445,Home Loan,14514894,240,Own,970831,Serampore,Andhra Pradesh
CUST-2026-D01566,Niharika Bora,TDFGC3243N,26,F,3,19895,Salaried,3,1,3258,Business Loan,9069664,36,Own,656851,Rohtak,Meghalaya
CUST-2026-D01567,Vyanjana Parmar,CFIOP8690O,46,F,2,32949,Business,3,2,11112,Personal Loan,201640,24,Rent,480413,Sonipat,Odisha
CUST-2026-D01568,Brijesh Sekhon,AALLX4253H,41,M,3,19708,Self-Employed,6,1,6374,Car Loan,763979,84,Own,130611,Satara,Nagaland
CUST-2026-D01569,Timothy Chokshi,JUNCG7348J,57,M,3,26920,Self-Employed,6,1,7187,Car Loan,696228,48,Rent,966125,Tadepalligudem,Odisha
CUST-2026-D01570,Chasmum Goda,FFRVT4140G,48,M,4,43229,Business,16,2,17227,Personal Loan,700367,60,Own,141698,Chapra,Arunachal Pradesh
CUST-2026-D01571,Nidhi Ahluwalia,IAETA1381D,24,M,2,243851,Salaried,2,1,83059,Home Loan,13794528,240,Rent,211414,Gurgaon,Himachal Pradesh
CUST-2026-D01572,Aditya Johal,RLTGP0067O,36,F,2,94706,Salaried,0,1,31192,Car Loan,2231572,84,Rent,560758,Kalyan-Dombivli,Kerala
CUST-2026-D01573,Gautam Memon,OWUTJ5882L,47,F,1,27215,Salaried,2,0,0,Personal Loan,203626,60,Rent,889666,North Dumdum,Tripura
CUST-2026-D01574,Amaira Mohanty,NMVVY0944N,51,M,2,79383,Salaried,29,0,0,Car Loan,692904,60,Rent,712220,Anand,Gujarat
CUST-2026-D01575,Anjali Sathe,GTNKE5980R,28,M,2,86793,Professional,0,2,28250,Car Loan,2339841,84,Rent,420087,Maheshtala,Manipur
CUST-2026-D01576,Ranveer Bahl,ANGVT6235H,54,F,1,37714,Homemaker,9,0,0,Car Loan,337104,60,Rent,636136,Firozabad,Sikkim
CUST-2026-D01577,Mekhala Sunder,FFBZH6048H,38,F,4,50886,Business,9,0,0,Personal Loan,749126,36,Own,362391,Chapra,Kerala
CUST-2026-D01578,Yashodhara Bhasin,IUUAI1261S,56,M,1,38299,Self-Employed,26,0,0,Home Loan,3015862,300,Rent,436970,Nangloi Jat,Karnataka
CUST-2026-D01579,Sanaya Bala,ZKKWB8948L,36,M,1,15000,Self-Employed,12,0,0,Education Loan,1246884,84,Own,592757,Serampore,Rajasthan
CUST-2026-D01580,Ojasvi Nanda,PGBJI6076B,49,F,2,89606,Salaried,19,3,27689,Business Loan,9165571,36,Rent,875704,Fatehpur,Odisha
CUST-2026-D01581,Wishi Bhattacharyya,XOPVS6215H,42,F,4,218966,Self-Employed,20,2,80549,Business Loan,8299991,12,Family,763766,Imphal,Himachal Pradesh
CUST-2026-D01582,Tarak Loke,FDMGX7241F,52,M,3,60038,Self-Employed,16,1,12753,Car Loan,968222,48,Rent,404067,Kadapa,Odisha
CUST-2026-D01583,Aryan Gole,DBITB5911O,47,F,2,179713,Professional,16,1,70157,Education Loan,3518532,120,Own,853908,Guntur,Kerala
CUST-2026-D01584,Qarin Kala,DOHFR2752N,22,M,1,86815,Business,0,3,17310,Car Loan,2499427,36,Rent,171078,Mahbubnagar,Himachal Pradesh
CUST-2026-D01585,Yauvani Mangal,AVZIO4022S,31,M,1,76427,Self-Employed,0,2,28388,Marriage Loan,824095,48,Own,779176,Mathura,Meghalaya
CUST-2026-D01586,Utkarsh Barad,VIDEJ2089X,40,F,4,71182,Self-Employed,8,2,12693,Home Loan,5590234,300,Rent,906135,Thrissur,Rajasthan
CUST-2026-D01587,Ryan Manda,EKXTJ0892S,43,M,2,96349,Salaried,4,0,0,Car Loan,1035219,48,Own,865069,Junagadh,Madhya Pradesh
CUST-2026-D01588,Harrison More,DOETR1012Q,37,F,2,41591,Self-Employed,12,2,15196,Education Loan,4316393,180,Rent,718329,Udaipur,Kerala
CUST-2026-D01589,George Saini,SGMQJ2109V,40,F,2,53809,Salaried,9,1,23037,Personal Loan,1898961,36,Family,702134,Unnao,Himachal Pradesh
CUST-2026-D01590,Kevin Date,XSHNA6833B,43,M,3,29881,Self-Employed,11,1,4981,Education Loan,2795685,60,Family,248980,Allahabad,Bihar
CUST-2026-D01591,Devansh Kumer,FJXOV8010M,25,M,1,123308,Salaried,1,3,48428,Car Loan,2100571,48,Rent,708663,Nanded,Kerala
CUST-2026-D01592,Umang Bir,HMBNS5710B,42,M,0,33685,Salaried,6,0,0,Personal Loan,93449,48,Rent,433896,Panipat,Telangana
CUST-2026-D01593,Meera Bhakta,NVTYL3090H,57,M,0,25054,Self-Employed,9,1,6175,Personal Loan,1976999,24,Rent,246364,Parbhani,Bihar
CUST-2026-D01594,Elijah Chowdhury,XKTLL1734X,41,F,1,15000,Self-Employed,2,2,4618,Personal Loan,767974,12,Own,304809,Kakinada,Madhya Pradesh
CUST-2026-D01595,Ati Parmar,WCIYP5325S,55,F,1,61237,Self-Employed,18,1,20727,Car Loan,797063,48,Own,297654,Erode,Uttar Pradesh
CUST-2026-D01596,Yug Lanka,TZXEH3198H,53,M,4,133491,Self-Employed,16,1,28092,Car Loan,1476782,60,Own,265748,Sonipat,Odisha
CUST-2026-D01597,Vyanjana Ahluwalia,RNSQV2314E,42,M,1,34724,Self-Employed,10,0,0,Marriage Loan,392923,48,Rent,562769,Munger,Andhra Pradesh
CUST-2026-D01598,Laksh Chatterjee,DCREM7540U,41,F,2,54359,Self-Employed,5,1,15468,Education Loan,2830057,180,Rent,294116,Nanded,Gujarat
CUST-2026-D01599,Mohini Lalla,NYCEB1076F,59,F,2,65688,Salaried,1,1,29326,Personal Loan,1568056,60,Rent,830154,Thane,Uttarakhand
CUST-2026-D01600,Atharv Nagarajan,PSFTW3260M,31,M,3,104143,Self-Employed,10,2,20431,Business Loan,1401170,36,Rent,756501,Ulhasnagar,Mizoram
CUST-2026-D01601,Nihal Menon,GMQAX7027T,38,M,1,34644,Self-Employed,4,0,0,Home Loan,3086035,120,Family,809197,Anantapur,Uttarakhand
CUST-2026-D01602,Vrishti Nadkarni,SPVWH4073H,53,F,2,94267,Self-Employed,8,2,29739,Business Loan,1249736,36,Own,890013,Pune,Rajasthan
CUST-2026-D01603,Sudiksha Balasubramanian,DUKAD1865X,49,M,1,56630,Salaried,21,0,0,Home Loan,8919071,300,Rent,892049,Nangloi Jat,Kerala
CUST-2026-D01604,Lucky Hayer,IEFFJ9281X,39,M,1,85846,Salaried,6,1,23709,Home Loan,6755620,180,Rent,440598,Motihari,Kerala
CUST-2026-D01605,Devika Sarkar,XNTQJ0620C,45,M,3,26854,Self-Employed,10,1,9736,Home Loan,11728365,180,Own,672265,Agartala,Himachal Pradesh
CUST-2026-D01606,Advik Pandit,DTBWM5016E,49,M,1,169906,Business,12,0,0,Personal Loan,882783,48,Rent,307720,Kalyan-Dombivli,Chhattisgarh
CUST-2026-D01607,Kashvi Parikh,OIMDK7038T,44,M,5,97749,Self-Employed,4,0,0,Car Loan,953845,84,Family,381787,Gandhidham,Assam
CUST-2026-D01608,Yashasvi Swaminathan,JISBI4031N,57,F,1,157569,Business,13,1,37500,Education Loan,924693,60,Own,344527,Allahabad,Arunachal Pradesh
CUST-2026-D01609,Fitan Mangat,RILAV1763V,42,F,4,113907,Business,11,2,41063,Car Loan,480558,60,Own,957627,Sirsa,Nagaland
CUST-2026-D01610,Hemangini Tank,QMFRO4123Q,29,M,3,84118,Professional,4,1,32592,Education Loan,1219018,180,Own,168416,Kishanganj,Assam
CUST-2026-D01611,Daksha Oommen,JXNIL0930C,25,F,2,61522,Professional,4,2,22374,Personal Loan,205647,36,Rent,647074,Aurangabad,Manipur
CUST-2026-D01612,Bakhshi Tailor,NDGHQ2199M,26,F,4,52995,Salaried,0,2,18984,Personal Loan,1673686,36,Family,766581,Alwar,Karnataka
CUST-2026-D01613,Deepa Chaudhry,NCNAL3048C,39,F,3,56859,Self-Employed,7,1,13438,Business Loan,8912764,12,Rent,533252,Rajpur Sonarpur,Haryana
CUST-2026-D01614,Theodore Mahajan,MPKWA6041M,45,F,1,32277,Self-Employed,12,1,8958,Education Loan,2285136,120,Rent,780481,Noida,Chhattisgarh
CUST-2026-D01615,Divya Wadhwa,VAJPH9013N,33,M,2,26386,Salaried,10,1,10636,Car Loan,439944,60,Family,859704,Bhopal,Mizoram
CUST-2026-D01616,Jatin Goel,ZJIPA7267Z,41,M,1,75046,Self-Employed,1,2,23022,Personal Loan,1357882,12,Own,235242,Mysore,Meghalaya
CUST-2026-D01617,Champak Parmer,VHRWO4803I,41,F,2,115319,Professional,11,1,19900,Personal Loan,669596,60,Rent,830907,Bally,Tripura
CUST-2026-D01618,Anamika Ahuja,ADJNY2535X,32,F,2,74469,Salaried,4,1,31947,Home Loan,5445149,300,Rent,277295,Shahjahanpur,Chhattisgarh
CUST-2026-D01619,Omkaar Vasa,SDGCA7890B,49,F,1,48917,Self-Employed,27,0,0,Car Loan,2451843,36,Rent,707766,Bahraich,Telangana
CUST-2026-D01620,Rachana Dutt,TEZJG8309H,27,M,1,50667,Self-Employed,2,3,21553,Car Loan,371445,60,Own,257559,Bidar,Karnataka
CUST-2026-D01621,Ekavir Majumdar,RUOEF0313M,27,M,2,22797,Salaried,6,1,7281,Personal Loan,51949,12,Family,284752,Aurangabad,Uttar Pradesh
CUST-2026-D01622,Charles Sahni,BZVQQ1971N,49,F,3,103787,Salaried,14,1,34319,Car Loan,1360001,36,Own,563332,Rewa,Andhra Pradesh
CUST-2026-D01623,Hemangini Gokhale,PAXTR0316A,37,M,1,87148,Self-Employed,11,0,0,Business Loan,9486652,36,Own,440173,Guntur,Sikkim
CUST-2026-D01624,Wahab Rajagopal,CZFAI8724X,41,F,1,85206,Self-Employed,10,2,32182,Car Loan,1720242,84,Rent,846451,Bahraich,Himachal Pradesh
CUST-2026-D01625,Amara Palla,XSSHV0716X,32,F,2,231545,Self-Employed,6,1,81009,Home Loan,7364599,120,Own,197143,Bharatpur,Madhya Pradesh
CUST-2026-D01626,Vamakshi De,PHWCA8989Q,40,F,2,281649,Salaried,17,0,0,Car Loan,1890294,84,Own,482646,Pondicherry,Rajasthan
CUST-2026-D01627,Vaishnavi Virk,TOKXM8796K,62,M,0,231565,Self-Employed,5,3,77305,Personal Loan,1746774,12,Family,385122,Malda,Gujarat
CUST-2026-D01628,Umang Jani,AKWDE8663N,39,M,1,50536,Salaried,1,0,0,Car Loan,2430277,36,Rent,119468,Howrah,Haryana
CUST-2026-D01629,Nidhi Sanghvi,LHOKM2822A,39,F,1,79293,Salaried,8,2,32813,Business Loan,728408,12,Family,640934,Singrauli,Tamil Nadu
CUST-2026-D01630,Nidhi Bhatnagar,SMAYW6898T,33,M,3,59463,Salaried,4,0,0,Marriage Loan,1480693,12,Rent,370242,Munger,Arunachal Pradesh
CUST-2026-D01631,Aayush Mitra,EZVQS7983D,63,M,4,30170,Retired,25,0,0,Business Loan,1095425,24,Rent,872600,Rohtak,Arunachal Pradesh
CUST-2026-D01632,Amrita Zacharia,XXISM4072T,39,M,1,77763,Business,16,1,18034,Personal Loan,1413982,24,Rent,507302,Satara,Odisha
CUST-2026-D01633,Kabir Ramachandran,ANRDN6000I,41,F,1,72058,Business,10,0,0,Education Loan,2143986,180,Family,385949,Mahbubnagar,Sikkim
CUST-2026-D01634,Pranit Chaudhry,POCIH8951A,36,M,4,167127,Self-Employed,4,0,0,Car Loan,485814,84,Rent,661273,Gudivada,West Bengal
CUST-2026-D01635,Ekiya Vyas,DZLZT3925Z,61,M,2,35308,Self-Employed,5,1,13315,Personal Loan,1878260,24,Own,126668,Vijayanagaram,Maharashtra
CUST-2026-D01636,Reva Kaul,LPDCR7101C,34,M,0,127848,Professional,10,3,19433,Personal Loan,990368,48,Family,287901,Chapra,Karnataka
CUST-2026-D01637,Tristan Ratti,CIPWR6237R,44,M,2,99480,Self-Employed,17,1,31767,Marriage Loan,687833,36,Rent,398197,Srinagar,Uttar Pradesh
CUST-2026-D01638,Jhalak Raghavan,EGRIE0811K,28,M,1,120652,Self-Employed,1,0,0,Personal Loan,1718926,48,Rent,936201,Meerut,Meghalaya
CUST-2026-D01639,Yagnesh Kari,RMPRF3534O,34,F,0,219919,Self-Employed,6,0,0,Personal Loan,727763,60,Family,593724,Satna,Telangana
CUST-2026-D01640,Ryan Raj,YTLWM9722S,48,F,0,102366,Business,6,0,0,Personal Loan,288257,24,Rent,138455,Nagpur,Tripura
CUST-2026-D01641,Samuel Sarkar,FGKIQ8323C,28,F,2,107045,Business,4,3,31598,Marriage Loan,453948,24,Own,781995,Sambalpur,Odisha
CUST-2026-D01642,Hemani Soman,LLBEJ4162P,29,M,3,123105,Self-Employed,8,1,27272,Education Loan,333612,120,Rent,538884,Anand,Goa
CUST-2026-D01643,Harsh Balay,IQLHG8511C,39,F,1,88252,Self-Employed,8,1,35313,Personal Loan,1139739,48,Rent,934900,Barasat,Madhya Pradesh
CUST-2026-D01644,Yug Behl,ZGOOG1223J,45,M,3,15000,Self-Employed,17,0,0,Personal Loan,927807,24,Rent,421340,Hazaribagh,Manipur
CUST-2026-D01645,Yachana Mittal,ENWDY2454S,46,F,2,197702,Self-Employed,3,1,83403,Home Loan,10202815,120,Rent,937555,Nadiad,Kerala
CUST-2026-D01646,Anmol Sinha,UIYYO1816C,37,M,1,19354,Business,11,1,7974,Personal Loan,1093690,36,Rent,625697,Dehri,Bihar
CUST-2026-D01647,Rachita Kota,QINMK1632W,38,M,2,39666,Salaried,3,0,0,Personal Loan,274419,48,Own,924654,Kalyan-Dombivli,Tamil Nadu
CUST-2026-D01648,Tarak Pathak,BDWSL9699G,29,F,2,88396,Self-Employed,0,2,29063,Education Loan,4882619,120,Family,316282,Bhalswa Jahangir Pur,Tamil Nadu
CUST-2026-D01649,Lucky Rana,YATTU1905H,37,F,2,34145,Salaried,12,0,0,Car Loan,2491767,60,Rent,269951,Nellore,Mizoram
CUST-2026-D01650,Warda Biswas,GICXO3928U,51,M,2,187062,Self-Employed,9,0,0,Home Loan,2685721,120,Own,431990,Karnal,West Bengal
CUST-2026-D01651,Indrajit Dugal,QEVGK0363G,59,F,1,20093,Salaried,2,2,3518,Personal Loan,541375,12,Family,771592,Ramgarh,Nagaland
CUST-2026-D01652,Amruta Arya,UYBFA7924P,27,M,2,129207,Self-Employed,2,1,45486,Car Loan,1118267,36,Rent,728238,Morbi,Andhra Pradesh
CUST-2026-D01653,Vasana Naik,FFYTR8120S,49,M,2,55970,Salaried,5,1,11505,Car Loan,407210,60,Own,871006,Bijapur,Uttarakhand
CUST-2026-D01654,Pratyush Rajagopal,WSXKS2993V,31,F,3,53336,Business,3,0,0,Car Loan,650691,36,Family,736110,Mira-Bhayandar,Tamil Nadu
CUST-2026-D01655,Sanya Shankar,XFNBF5020D,28,M,1,39626,Self-Employed,1,2,13421,Business Loan,6718926,60,Own,126072,Bellary,Punjab
CUST-2026-D01656,Sachi Golla,IGUEB3544E,39,F,1,53794,Professional,2,3,16455,Business Loan,6285623,12,Rent,347685,Machilipatnam,Mizoram
CUST-2026-D01657,Baljiwan Wable,IPMCL3779A,31,F,0,202781,Business,2,0,0,Personal Loan,762985,24,Rent,491070,Bokaro,Manipur
CUST-2026-D01658,Harish Chhabra,TSRMH6917G,54,M,1,34621,Self-Employed,14,2,11976,Home Loan,10555221,180,Rent,824760,Kalyan-Dombivli,Rajasthan
CUST-2026-D01659,Madhav Mani,SYTSB3152O,46,F,2,160892,Self-Employed,2,0,0,Car Loan,777730,36,Rent,473147,Suryapet,Meghalaya
CUST-2026-D01660,Varsha Pillay,EPVCP2726J,45,F,5,23183,Salaried,12,0,0,Personal Loan,413444,48,Rent,710601,Meerut,Mizoram
CUST-2026-D01661,Netra Karan,SXNNA6042L,62,M,5,100661,Retired,19,0,0,Personal Loan,1481251,60,Family,682495,Nellore,Mizoram
CUST-2026-D01662,Ikbal Mannan,QZLVC4232F,48,F,1,102374,Self-Employed,20,0,0,Personal Loan,825543,60,Rent,278822,Bidar,Assam
CUST-2026-D01663,Tripti Naidu,VRSZD2148A,60,F,2,57492,Self-Employed,2,0,0,Personal Loan,877329,36,Rent,610402,Adoni,Meghalaya
CUST-2026-D01664,Saanvi Sandal,HSGSE1948D,41,M,1,33378,Salaried,9,2,10311,Personal Loan,682972,48,Rent,682859,Jamalpur,Mizoram
CUST-2026-D01665,Champak Yadav,HKMNJ3628B,36,M,0,51252,Salaried,1,2,19793,Personal Loan,1324735,12,Family,234655,Bhilai,Arunachal Pradesh
CUST-2026-D01666,Reyansh Parmar,OMDPW7919R,31,M,2,22124,Self-Employed,6,2,5369,Personal Loan,344538,12,Rent,935002,Faridabad,Maharashtra
CUST-2026-D01667,Oscar Babu,ASHFP5901M,38,F,1,40373,Self-Employed,5,0,0,Personal Loan,258159,24,Rent,475546,Phagwara,Odisha
CUST-2026-D01668,Falguni Keer,BDNFR2361Q,46,F,1,109214,Self-Employed,25,3,27064,Education Loan,1247048,60,Rent,686099,Amaravati,Maharashtra
CUST-2026-D01669,Naveen Narasimhan,WOKMX6932C,58,F,1,39028,Salaried,1,1,8080,Car Loan,2109818,48,Family,510132,Meerut,Odisha
CUST-2026-D01670,Unni Sachdev,MMRLS2679N,28,M,2,103384,Self-Employed,2,1,22700,Education Loan,2607651,180,Rent,185692,Amravati,Nagaland
CUST-2026-D01671,Kashvi Mitra,UFRLS3755F,47,F,1,52689,Salaried,0,2,18625,Personal Loan,1611486,48,Own,444721,Junagadh,Karnataka
CUST-2026-D01672,Imaran Malhotra,ZNXZZ2487U,27,M,0,53074,Business,0,1,12348,Home Loan,14740789,240,Family,490456,Firozabad,Goa
CUST-2026-D01673,Vidhi Tara,XSJUK9340K,48,F,2,144689,Self-Employed,15,0,0,Home Loan,12613581,180,Rent,927224,Rajahmundry,Haryana
CUST-2026-D01674,Jackson Raja,QAIRR2343D,42,M,5,93740,Self-Employed,16,1,31186,Personal Loan,1748370,60,Rent,543612,Ballia,Chhattisgarh
CUST-2026-D01675,Chaman Wali,DIZSY5795E,50,F,2,70383,Self-Employed,5,2,25194,Personal Loan,347555,48,Family,202001,Khora ,Jharkhand
CUST-2026-D01676,Matthew Shah,GJNIJ6935V,47,M,2,33321,Self-Employed,19,0,0,Personal Loan,1637001,60,Own,810473,Bhopal,Arunachal Pradesh
CUST-2026-D01677,Chakradev Ghosh,ZRDFG0844B,51,M,1,212679,Salaried,21,1,87878,Marriage Loan,185235,48,Rent,200792,Nizamabad,Uttarakhand
CUST-2026-D01678,Mitesh Arya,ILDQJ1625K,38,M,2,232604,Business,10,2,77825,Personal Loan,1318603,60,Rent,129009,Warangal,Gujarat
CUST-2026-D01679,Upkaar Gera,IXCCQ2697W,30,M,1,184077,Self-Employed,9,2,64407,Personal Loan,758436,36,Own,778968,Thrissur,Haryana
CUST-2026-D01680,Lila Dutt,UUWNH0745C,42,M,2,157187,Self-Employed,13,1,36630,Personal Loan,1130205,60,Rent,882086,Sirsa,Uttar Pradesh
CUST-2026-D01681,Maya Narula,TNTML4345V,60,M,1,38999,Professional,25,0,0,Education Loan,4315570,180,Own,467806,Bangalore,Odisha
CUST-2026-D01682,Yoshita Varughese,TIGMW7817C,30,F,2,195578,Salaried,7,1,64926,Personal Loan,1893968,48,Rent,984573,Hindupur,Tamil Nadu
CUST-2026-D01683,Bachittar Loke,PEEPZ1354X,58,M,2,142684,Self-Employed,20,2,48830,Car Loan,428942,48,Own,588250,Raurkela Industrial Township,Himachal Pradesh
CUST-2026-D01684,Utkarsh Mutti,ACEZR3111C,37,M,3,123098,Self-Employed,14,3,50062,Marriage Loan,1335968,24,Own,626551,Sirsa,Haryana
CUST-2026-D01685,Nicholas Jaggi,HIWKN5983M,46,M,2,65228,Self-Employed,4,0,0,Car Loan,2037298,36,Rent,558408,Bharatpur,Arunachal Pradesh
CUST-2026-D01686,Wahab Rau,QIINH7356X,38,M,2,15000,Salaried,4,1,2853,Car Loan,1113878,48,Own,990044,Panipat,Rajasthan
CUST-2026-D01687,Falan Hans,JRUKJ2663D,38,M,1,174566,Business,2,2,37695,Personal Loan,349329,24,Rent,231350,Varanasi,Meghalaya
CUST-2026-D01688,Champak Sathe,UUEAW4667R,25,F,0,67583,Self-Employed,2,1,29795,Home Loan,10949469,180,Own,327056,Agartala,Uttarakhand
CUST-2026-D01689,Oni Devan,MLEPL7756H,49,F,5,85411,Business,27,1,17897,Business Loan,8895562,24,Family,855597,Katihar,Jharkhand
CUST-2026-D01690,Frederick Sule,TMOQH7382A,48,M,2,73903,Self-Employed,6,0,0,Home Loan,12126684,180,Rent,534176,Khammam,Punjab
CUST-2026-D01691,Qadim Wable,DUGBL4244E,28,F,2,32651,Professional,7,1,10053,Car Loan,310336,48,Own,126850,Tadepalligudem,Jharkhand
CUST-2026-D01692,Isaac Bose,ZUNHK3564U,47,M,3,32284,Self-Employed,9,3,4965,Home Loan,12509988,240,Family,904871,Salem,Andhra Pradesh
CUST-2026-D01693,Isaiah Grover,FCFPN2266T,39,F,1,61452,Self-Employed,5,1,15230,Car Loan,1537964,48,Own,565350,Bardhaman,Madhya Pradesh
CUST-2026-D01694,Hardik Patla,HXDVN3900F,52,F,2,57830,Professional,26,1,24539,Personal Loan,1917202,36,Own,181216,Dindigul,Telangana
CUST-2026-D01695,Advay Gopal,JPPSK6235R,57,F,0,152409,Salaried,11,2,47714,Personal Loan,1536119,12,Rent,695639,Bongaigaon,West Bengal
CUST-2026-D01696,Xiti Andra,ABIKJ6707S,39,M,3,51580,Self-Employed,3,0,0,Car Loan,1258565,60,Rent,734934,Kadapa,Karnataka
CUST-2026-D01697,Daniel Lad,BPYHX7436U,43,F,5,38924,Self-Employed,21,1,8239,Personal Loan,1086847,12,Rent,399289,Parbhani,Bihar
CUST-2026-D01698,Dhruv Thakur,LYNGJ9205D,59,M,3,141963,Self-Employed,11,0,0,Personal Loan,425299,12,Rent,429666,Dibrugarh,Gujarat
CUST-2026-D01699,Sai Aggarwal,RATRF0091Z,54,F,0,68486,Salaried,15,1,23439,Business Loan,1692747,36,Rent,606589,South Dumdum,Meghalaya
CUST-2026-D01700,Pooja Dada,FXVVN4722Q,34,M,2,131785,Self-Employed,6,1,40759,Personal Loan,1528910,12,Rent,469704,Aurangabad,Odisha
CUST-2026-D01701,Wriddhish Devi,LJUHX7798N,33,M,3,186653,Self-Employed,10,3,35604,Home Loan,9098000,240,Own,270268,Solapur,Andhra Pradesh
CUST-2026-D01702,Ekantika Dara,WUKRJ4182C,38,F,0,48500,Salaried,5,2,14480,Business Loan,7367916,36,Rent,213719,Haldia,Maharashtra
CUST-2026-D01703,Yuvraj Barad,ZHPQZ9504I,34,M,2,54569,Business,6,0,0,Business Loan,6449347,12,Rent,243923,Gopalpur,Arunachal Pradesh
CUST-2026-D01704,Meghana Tata,WUFBD3387E,41,M,2,29268,Self-Employed,14,1,5612,Personal Loan,1058998,24,Own,351113,Sri Ganganagar,Maharashtra
CUST-2026-D01705,Mohammed Chokshi,OZGZJ4416M,38,F,0,313302,Self-Employed,8,0,0,Education Loan,2717589,180,Own,138978,Junagadh,Assam
CUST-2026-D01706,Ranbir Muni,AXSKT8674G,24,M,2,62149,Self-Employed,2,0,0,Personal Loan,563306,36,Rent,294057,Siliguri,Himachal Pradesh
CUST-2026-D01707,Daksh Mittal,DXWEQ6395M,41,M,2,17489,Professional,18,2,7612,Business Loan,9903950,36,Own,225035,Karnal,Nagaland
CUST-2026-D01708,Jyoti Dasgupta,HAFQD5184I,32,F,0,36485,Salaried,2,2,10752,Personal Loan,367305,12,Rent,750818,Bidhannagar,Goa
CUST-2026-D01709,Triveni Doshi,GMDSW2998O,23,F,2,40184,Salaried,0,1,11967,Business Loan,9243608,36,Rent,330852,Kishanganj,Punjab
CUST-2026-D01710,Kala Doshi,ZCTCP3057X,47,F,2,30133,Self-Employed,6,2,6709,Personal Loan,1125994,36,Rent,492380,Bhubaneswar,Manipur
CUST-2026-D01711,Zaid Bhatia,CEQUA6087K,55,F,3,125872,Self-Employed,7,0,0,Personal Loan,661542,36,Own,146631,Vijayawada,Karnataka
CUST-2026-D01712,Ekaja Dar,MBBTL2476R,23,M,4,206760,Salaried,1,2,80799,Home Loan,2724999,120,Rent,855488,Maheshtala,Himachal Pradesh
CUST-2026-D01713,Ekansh Brahmbhatt,BUQHO5454H,50,F,5,21543,Self-Employed,8,2,3989,Personal Loan,659359,12,Rent,524724,Bilaspur,Uttarakhand
CUST-2026-D01714,Ayush Maharaj,KGTDA5929Q,35,M,2,869295,Salaried,13,1,273336,Car Loan,890842,36,Rent,991456,Latur,Jharkhand
CUST-2026-D01715,Hredhaan Chander,QFREQ2951H,34,F,2,28585,Self-Employed,4,1,8263,Marriage Loan,986017,12,Rent,586663,Deoghar,Assam
CUST-2026-D01716,Vedant Chanda,AIYBT6079C,32,M,2,32538,Salaried,1,1,8705,Home Loan,7739020,240,Rent,912500,Rajkot,Odisha
CUST-2026-D01717,George Sane,PNGXD1130B,45,M,3,27529,Self-Employed,0,0,0,Personal Loan,1041756,24,Own,922515,Jaunpur,Jharkhand
CUST-2026-D01718,Charita Kalita,UPNPM0797B,53,F,1,98457,Self-Employed,4,3,38966,Personal Loan,1218362,24,Family,883731,Karnal,Odisha
CUST-2026-D01719,Udant Toor,KGVZU3234W,29,F,5,88016,Business,6,1,28211,Personal Loan,1882899,36,Rent,587728,Salem,Goa
CUST-2026-D01720,Dev Mani,EFLCV7046E,38,M,1,87854,Homemaker,16,0,0,Home Loan,4065727,300,Own,967423,Alwar,Haryana
CUST-2026-D01721,Aradhana Bassi,MVKUZ2278M,44,F,5,51434,Salaried,11,1,18452,Personal Loan,1139180,12,Own,781423,Rajahmundry,Kerala
CUST-2026-D01722,Arjun Gara,GQCXM1332U,48,M,2,77120,Homemaker,4,1,14617,Personal Loan,670170,24,Rent,634346,Chapra,Kerala
CUST-2026-D01723,Damyanti Hora,JLBFC7958D,47,M,1,50299,Self-Employed,26,0,0,Home Loan,10709573,300,Rent,855011,Howrah,Himachal Pradesh
CUST-2026-D01724,Banjeet Talwar,UWDXC9301Z,52,F,1,144934,Salaried,30,2,25907,Business Loan,8423727,12,Rent,596522,Khora ,Bihar
CUST-2026-D01725,Banjeet Patil,XCQNC8986M,42,F,1,64384,Salaried,4,3,17063,Car Loan,1273947,84,Rent,887622,Raebareli,Sikkim
CUST-2026-D01726,Nikita Lad,LFYFK4075M,58,F,4,20217,Salaried,30,0,0,Business Loan,4516229,24,Own,283068,Cuttack,Chhattisgarh
CUST-2026-D01727,Diya Raja,IOJIK6734K,36,M,2,70308,Self-Employed,4,1,20694,Home Loan,12865384,240,Rent,569791,Sangli-Miraj & Kupwad,Odisha
CUST-2026-D01728,Watika Malhotra,RJUOP5204F,38,M,1,136169,Salaried,17,2,37792,Education Loan,4924524,84,Rent,636505,Chandrapur,Sikkim
CUST-2026-D01729,Siya Modi,SBRAF4313N,37,F,1,33604,Business,3,1,9052,Personal Loan,548782,48,Rent,431022,Katni,Tamil Nadu
CUST-2026-D01730,Liam Chowdhury,XOTEI0321P,35,M,1,116822,Homemaker,12,1,19291,Car Loan,428735,60,Rent,767284,Moradabad,Arunachal Pradesh
CUST-2026-D01731,Jagvi Palla,LCSLX9457Q,55,F,0,62761,Self-Employed,0,2,20937,Home Loan,10177295,180,Rent,775422,Durg,Telangana
CUST-2026-D01732,Yashoda Sengupta,HEIXX5246K,24,M,4,105627,Retired,3,0,0,Personal Loan,1232980,48,Rent,602740,Morbi,Mizoram
CUST-2026-D01733,Omaja Menon,SPSRC7555M,43,M,1,31061,Self-Employed,22,2,7005,Personal Loan,991940,60,Rent,878079,Parbhani,Karnataka
CUST-2026-D01734,Zansi Bhargava,YVLKP6919O,50,M,3,22291,Salaried,1,1,9888,Personal Loan,410527,24,Own,141621,Ranchi,Nagaland
CUST-2026-D01735,Leena Dara,PLXII0193M,52,M,0,38606,Professional,21,1,11349,Home Loan,1968767,120,Rent,386240,Bokaro,Odisha
CUST-2026-D01736,Chakrika Bhalla,PLMXY2781W,40,M,2,76808,Self-Employed,15,2,23377,Education Loan,394169,120,Own,593507,Gandhinagar,Himachal Pradesh
CUST-2026-D01737,Chasmum Prashad,UKBDR7955H,39,F,1,69286,Self-Employed,13,0,0,Personal Loan,769547,60,Rent,552399,Nangloi Jat,Chhattisgarh
CUST-2026-D01738,Jagdish Sagar,DKEEP8183F,44,F,0,223348,Self-Employed,6,0,0,Education Loan,615338,60,Own,678579,Hindupur,Kerala
CUST-2026-D01739,Maanas Madan,MJXCJ6747I,38,F,0,137436,Self-Employed,4,1,29315,Education Loan,2897390,60,Rent,843419,Panihati,Punjab
CUST-2026-D01740,Timothy Dugar,KXYVZ6009S,40,F,2,63034,Business,18,0,0,Personal Loan,1043879,12,Rent,196736,Warangal,Tamil Nadu
CUST-2026-D01741,Gabriel Dhingra,NGIPK4055G,45,M,0,44738,Self-Employed,0,1,14919,Education Loan,3724898,60,Rent,514667,Dhule,Chhattisgarh
CUST-2026-D01742,Gavin Batra,WQSAQ3678X,52,F,2,130758,Self-Employed,26,1,36620,Education Loan,4846600,120,Rent,566178,Sambhal,Arunachal Pradesh
CUST-2026-D01743,Henry Mani,QMUFB5774I,43,M,4,28904,Salaried,5,2,11537,Education Loan,3079506,120,Rent,164463,Mango,Maharashtra
CUST-2026-D01744,Chameli Edwin,CDUTO2630R,27,F,1,152036,Professional,6,0,0,Car Loan,2242761,48,Rent,341514,Loni,Odisha
CUST-2026-D01745,Maya Dhawan,ULXNA7131J,36,F,2,21573,Self-Employed,3,0,0,Personal Loan,893993,24,Own,573990,Panchkula,Sikkim
CUST-2026-D01746,Daksha Jayaraman,SGYRU3816L,36,M,2,69147,Salaried,13,3,17665,Home Loan,8549734,120,Own,822769,Madurai,Odisha
CUST-2026-D01747,Sneha Grover,HLXQR8638I,45,M,1,34110,Homemaker,12,1,14388,Car Loan,834681,48,Rent,178230,Danapur,Nagaland
CUST-2026-D01748,Samarth Deshpande,ILWYF5051S,32,F,3,56519,Salaried,4,1,23322,Education Loan,1138166,120,Own,316910,Tadepalligudem,Haryana
CUST-2026-D01749,Advay Deo,GUYWI6671D,31,F,4,53383,Self-Employed,5,0,0,Home Loan,5820182,300,Rent,407164,Ambattur,Gujarat
CUST-2026-D01750,Alka Pandit,ASVQH5585P,42,F,2,109156,Salaried,12,1,35277,Car Loan,396944,60,Own,945974,Ramgarh,Gujarat
CUST-2026-D01751,Ladli Nanda,IOXXH1646T,38,M,1,71988,Business,8,0,0,Home Loan,11875764,180,Own,773612,Nagercoil,Karnataka
CUST-2026-D01752,Aditya Mangat,BHXRR8159H,40,M,0,21140,Professional,16,3,8038,Personal Loan,222432,60,Family,227461,Avadi,Sikkim
CUST-2026-D01753,Ekantika Walla,YBDNA4125U,47,F,1,136473,Self-Employed,15,1,37553,Car Loan,1733399,84,Rent,189794,Begusarai,Rajasthan
CUST-2026-D01754,Anamika Johal,KMEAP9331F,32,F,2,68478,Self-Employed,2,0,0,Personal Loan,1218423,48,Rent,439416,Bellary,Jharkhand
CUST-2026-D01755,Kashvi Sundaram,JHWMF0303L,60,F,1,38389,Professional,3,1,14636,Personal Loan,245098,60,Rent,952739,Jodhpur,Tamil Nadu
CUST-2026-D01756,Oeshi Mand,STIDP5316P,34,M,1,15000,Self-Employed,7,2,5501,Home Loan,8561126,120,Rent,593376,Motihari,Jharkhand
CUST-2026-D01757,Madhavi Patla,GUSLM1490P,59,M,1,17296,Self-Employed,18,2,7586,Personal Loan,1279454,60,Own,781929,Anantapur,Meghalaya
CUST-2026-D01758,Ronith Chopra,ETKIC8378Q,53,F,2,35117,Self-Employed,5,2,15743,Home Loan,5735252,240,Rent,439061,Bhusawal,Himachal Pradesh
CUST-2026-D01759,Jack Pillai,JRJFG3547B,37,F,0,40874,Business,2,2,10214,Personal Loan,577841,24,Own,963593,Allahabad,Chhattisgarh
CUST-2026-D01760,Oeshi Kari,LZFWR0648Q,30,F,2,47435,Self-Employed,5,0,0,Education Loan,4916672,60,Own,915639,Kozhikode,Chhattisgarh
CUST-2026-D01761,Hema Khosla,FZOAS1381T,56,F,1,36688,Self-Employed,29,1,8738,Business Loan,8893780,12,Rent,400398,Baranagar,Nagaland
CUST-2026-D01762,Ethan Trivedi,ZNOYV4024V,51,M,1,66539,Salaried,16,0,0,Education Loan,1593881,120,Own,207810,Bhatpara,Mizoram
CUST-2026-D01763,Upkaar Sura,CBZRF4755F,54,F,3,62294,Salaried,12,1,13738,Car Loan,829670,84,Rent,194739,Guntur,Karnataka
CUST-2026-D01764,Pallavi Lad,UHCZV7688G,48,M,2,90109,Business,4,0,0,Personal Loan,672726,60,Rent,480865,Khandwa,Sikkim
CUST-2026-D01765,Gaurika Karnik,JTCYJ4413P,39,M,1,209505,Self-Employed,8,3,89328,Marriage Loan,674248,12,Rent,994128,Nanded,Bihar
CUST-2026-D01766,Ekbal Sarraf,CVWCI0344H,34,M,1,72535,Self-Employed,9,1,29394,Business Loan,3015190,36,Rent,903992,Rajpur Sonarpur,Tamil Nadu
CUST-2026-D01767,Arin Agarwal,VOAOT2064N,42,M,1,100766,Self-Employed,0,2,31078,Car Loan,1858470,84,Own,832068,Ambattur,Mizoram
CUST-2026-D01768,Abeer Ghose,PUOXA3094V,44,F,2,29892,Salaried,5,2,4599,Personal Loan,733565,48,Own,243916,Tirupati,Haryana
CUST-2026-D01769,Gayathri Kurian,OWBZS9146B,42,M,1,56710,Self-Employed,4,2,11056,Personal Loan,511016,60,Own,427574,Maheshtala,Jharkhand
CUST-2026-D01770,Shaurya Oak,VBOKZ8269I,54,M,4,25092,Self-Employed,17,1,9383,Personal Loan,1129321,48,Rent,866303,Mumbai,Haryana
CUST-2026-D01771,Daksha Oommen,WKZGF1173S,39,M,2,95499,Self-Employed,15,1,18791,Car Loan,1898268,36,Family,756422,Raebareli,Haryana
CUST-2026-D01772,Niharika Sahni,UIGKM0179F,62,M,2,146805,Business,16,1,39494,Car Loan,1998960,48,Rent,302369,Barasat,Arunachal Pradesh
CUST-2026-D01773,Aradhana Kumar,JPQWE0902D,36,F,2,33978,Self-Employed,0,2,5233,Personal Loan,568860,36,Rent,494621,Sangli-Miraj & Kupwad,Rajasthan
CUST-2026-D01774,Aradhana Ramaswamy,WDAFM3737V,29,F,3,102629,Self-Employed,1,1,21829,Car Loan,2086103,60,Family,594603,Saharsa,Maharashtra
CUST-2026-D01775,Amruta Varughese,TJFYK7593S,25,M,2,31193,Self-Employed,0,0,0,Business Loan,4161876,12,Family,833315,Kolkata,Assam
CUST-2026-D01776,Oviya Raju,QTTQE9938R,30,F,1,237925,Self-Employed,2,2,74879,Personal Loan,954330,60,Family,325515,Kolhapur,Gujarat
CUST-2026-D01777,Chandresh Sibal,HJPPQ8276J,53,F,2,144987,Salaried,10,2,48542,Personal Loan,546792,36,Rent,578804,Vijayanagaram,Nagaland
CUST-2026-D01778,Kala Halder,PDSDD5949J,25,F,1,42049,Salaried,0,3,7072,Marriage Loan,232452,12,Own,863853,Baranagar,Kerala
CUST-2026-D01779,Rudra Mitra,DTZFG9182F,46,M,4,48673,Retired,13,2,8652,Education Loan,4849747,84,Rent,288511,Bahraich,Punjab
CUST-2026-D01780,Teerth Parsa,SWQZR8615A,50,F,1,26183,Professional,10,0,0,Personal Loan,57092,36,Rent,464270,Rewa,Bihar
CUST-2026-D01781,Chaitanya Nanda,TAKMO2819G,35,M,4,38376,Salaried,9,0,0,Car Loan,781965,84,Rent,816695,Dehradun,Andhra Pradesh
CUST-2026-D01782,Gayathri Ghosh,HCUGT0113H,52,M,1,15000,Business,6,0,0,Business Loan,3345844,24,Own,312385,Nellore,Himachal Pradesh
CUST-2026-D01783,Widisha Vyas,VFMIV4713L,33,M,2,28321,Professional,12,3,6918,Personal Loan,1320339,36,Rent,353428,Jalgaon,Manipur
CUST-2026-D01784,Zilmil Sama,WFYTM6203G,29,F,4,45738,Professional,2,0,0,Education Loan,933786,120,Own,311895,Bhiwandi,Assam
CUST-2026-D01785,Liam Gokhale,DSMIP0031M,44,F,1,113191,Self-Employed,21,0,0,Personal Loan,1710445,24,Own,208072,Lucknow,Jharkhand
CUST-2026-D01786,Tanvi Cherian,JRZCO9662I,41,F,2,62988,Self-Employed,7,0,0,Personal Loan,195118,12,Rent,955753,Belgaum,Chhattisgarh
CUST-2026-D01787,Ekanta Doctor,ICKQK4911Q,46,F,3,59008,Self-Employed,15,1,22283,Car Loan,1115088,84,Rent,856736,Mangalore,Kerala
CUST-2026-D01788,Mugdha Chana,BLBDP3918O,29,F,1,105245,Salaried,3,3,23268,Personal Loan,586244,48,Own,430394,Jalandhar,Maharashtra
CUST-2026-D01789,Bakhshi Radhakrishnan,KYWUJ9373Q,47,F,1,151058,Professional,15,0,0,Personal Loan,1262194,12,Own,985369,Bokaro,Tamil Nadu
CUST-2026-D01790,Manthan Thaker,DKUQP6835P,59,M,1,28072,Salaried,15,1,7741,Education Loan,2093070,120,Own,924694,Hindupur,Andhra Pradesh
CUST-2026-D01791,Rachita Ganesan,WNLXL1218X,42,M,1,78800,Self-Employed,0,3,24535,Education Loan,3613015,180,Rent,863788,Dibrugarh,Madhya Pradesh
CUST-2026-D01792,Imaran Bassi,RHYVR6381X,41,M,3,41871,Self-Employed,9,0,0,Home Loan,6228979,180,Rent,176521,Rajkot,Tamil Nadu
CUST-2026-D01793,William Pandit,YOLWX2614I,42,F,2,50123,Self-Employed,19,2,21689,Personal Loan,610630,60,Rent,698565,Phusro,Telangana
CUST-2026-D01794,Aayush Kant,PDBBV2818X,38,F,2,64319,Business,7,1,19833,Marriage Loan,1399690,24,Rent,219111,Jorhat,Sikkim
CUST-2026-D01795,Samesh Dani,MIZGL6852C,34,F,1,69743,Business,13,0,0,Business Loan,6999840,12,Rent,509486,Bhubaneswar,Gujarat
CUST-2026-D01796,Victor Sharaf,HYKQQ6589V,40,M,1,55210,Professional,18,2,20084,Personal Loan,975061,36,Rent,453108,Muzaffarnagar,Uttarakhand
CUST-2026-D01797,Karan Shetty,VOZNY7733F,51,M,0,108851,Self-Employed,26,1,31287,Education Loan,3683980,180,Rent,352395,Purnia,Goa
CUST-2026-D01798,Maanas Kapoor,MKGUX7016R,30,F,1,92588,Self-Employed,3,1,32559,Personal Loan,1757891,24,Rent,291668,Pune,Assam
CUST-2026-D01799,Odika Dass,PLOXV9260X,44,F,1,103451,Self-Employed,6,0,0,Business Loan,2128884,36,Rent,761059,Tezpur,Meghalaya
CUST-2026-D01800,Meghana Mani,YUACV6999N,37,M,5,81997,Self-Employed,14,2,22831,Personal Loan,176032,12,Own,756798,Bongaigaon,Assam
CUST-2026-D01801,Hiral D’Alia,QRRXN4990Z,43,M,4,28355,Self-Employed,22,0,0,Personal Loan,1627519,12,Rent,327587,Bongaigaon,Himachal Pradesh
CUST-2026-D01802,Yamini Bora,LTBXF5235J,30,F,2,92660,Self-Employed,4,3,24875,Home Loan,4636014,240,Rent,206098,Jaipur,Odisha
CUST-2026-D01803,Mekhala Aurora,ZSLYG6325Q,24,F,2,54144,Salaried,1,1,8638,Personal Loan,105315,60,Rent,409890,Ajmer,Kerala
CUST-2026-D01804,Indali Warrior,BDMWC4785B,37,M,2,26053,Self-Employed,16,0,0,Personal Loan,662118,36,Rent,301008,Pimpri-Chinchwad,West Bengal
CUST-2026-D01805,Devansh Zachariah,VRYKF9128N,38,F,2,184708,Salaried,17,2,36658,Business Loan,7659270,24,Rent,423942,Ballia,Chhattisgarh
CUST-2026-D01806,Garima Seth,CUISO3034A,38,M,2,125652,Self-Employed,10,2,20293,Car Loan,834222,36,Rent,521032,Aurangabad,Uttar Pradesh
CUST-2026-D01807,Kala Krishna,SRPBQ1668N,33,M,1,172827,Salaried,10,1,28193,Business Loan,3977638,36,Family,293725,Bhubaneswar,Meghalaya
CUST-2026-D01808,Barkha Solanki,NUREI6268X,43,F,2,69846,Professional,5,1,24482,Personal Loan,1400914,36,Rent,344557,Bihar Sharif,Karnataka
CUST-2026-D01809,Aayush Grover,ONJZY0778P,47,M,3,48216,Salaried,13,2,14471,Home Loan,12583876,120,Rent,193043,Bathinda,Kerala
CUST-2026-D01810,Unnati Nanda,LGQVC2352R,37,M,1,45202,Business,11,1,8134,Business Loan,3239637,24,Rent,222641,Bangalore,Haryana
CUST-2026-D01811,Madhavi Kunda,DOOCI9810K,45,F,2,76411,Business,17,1,32053,Home Loan,6734087,300,Rent,712581,Chennai,Bihar
CUST-2026-D01812,Urvi Shankar,TUYNJ0749S,22,F,4,29419,Self-Employed,1,1,8615,Personal Loan,902521,60,Own,268231,Dewas,Uttar Pradesh
CUST-2026-D01813,Pranav Comar,BKSIN4969G,43,F,1,86089,Salaried,12,1,30196,Car Loan,1850037,84,Rent,664653,Mira-Bhayandar,Goa
CUST-2026-D01814,Alka Barad,FHOIT2425W,32,M,1,117955,Self-Employed,0,2,18749,Personal Loan,1360634,48,Rent,435740,Haridwar,Bihar
CUST-2026-D01815,Azad Dyal,LEGZM2348I,34,F,0,60730,Salaried,10,1,9359,Personal Loan,471278,24,Own,777227,Bharatpur,Jharkhand
CUST-2026-D01816,Eesha Vohra,ORJOA1217G,50,F,1,94083,Salaried,17,0,0,Home Loan,7415009,120,Rent,800374,Bhiwandi,Tamil Nadu
CUST-2026-D01817,Max Bassi,NHHKH1316Y,48,F,4,428091,Business,14,1,127910,Personal Loan,838991,36,Own,973599,Erode,Bihar
CUST-2026-D01818,Yashvi Sachar,CIOLW7177B,53,F,3,27643,Salaried,1,3,7304,Car Loan,1694811,60,Rent,840089,Haldia,Manipur
CUST-2026-D01819,Yutika Sabharwal,KCTLV7218T,40,M,1,15000,Salaried,3,1,2338,Car Loan,2410814,48,Rent,848577,Delhi,Bihar
CUST-2026-D01820,Warda Brar,NTCRP5743H,35,M,2,27083,Salaried,6,1,6631,Personal Loan,773710,48,Family,989494,Begusarai,West Bengal
CUST-2026-D01821,Varsha Chandran,FRYJC7261B,35,F,2,60585,Self-Employed,10,0,0,Business Loan,1085461,12,Rent,592664,Jalandhar,Uttarakhand
CUST-2026-D01822,Isaiah Vala,NBVTB3181R,40,F,1,40885,Salaried,15,1,10663,Personal Loan,454278,12,Rent,443417,Guwahati,Jharkhand
CUST-2026-D01823,Dalaja Bhattacharyya,PVJTX0963D,37,M,3,15000,Salaried,0,1,4414,Education Loan,3657640,120,Rent,369129,Patna,Mizoram
CUST-2026-D01824,Dhruv Gopal,UQLQT2967M,30,M,2,56421,Business,8,1,14806,Car Loan,1731027,60,Rent,929932,Chandrapur,Mizoram
CUST-2026-D01825,Yoshita Pal,DIHLK9568Y,38,M,3,56964,Self-Employed,2,1,12464,Personal Loan,1912054,24,Own,345433,Mira-Bhayandar,Arunachal Pradesh
CUST-2026-D01826,Umang Kakar,CXNBU3313L,49,F,2,132613,Self-Employed,15,2,51935,Personal Loan,1699413,48,Rent,502492,Bikaner,Bihar
CUST-2026-D01827,Bhavani Sidhu,KXKQR3837A,40,F,1,40596,Salaried,10,2,14828,Personal Loan,738730,48,Own,695685,Jaunpur,Haryana
CUST-2026-D01828,Daksh Lad,GIGHH2404M,59,F,4,74572,Salaried,17,2,32349,Personal Loan,810822,24,Rent,753422,Sambalpur,Goa
CUST-2026-D01829,Hiral Rajan,QMROF8818K,43,F,1,33469,Homemaker,5,0,0,Home Loan,9968798,300,Rent,261802,Panvel,Karnataka
CUST-2026-D01830,Michael Nagar,XFGGA8310N,34,F,2,130115,Business,9,1,48939,Car Loan,1665064,84,Own,809724,Kota,Kerala
CUST-2026-D01831,Barkha Raval,GZRQY9692J,34,F,2,57523,Self-Employed,4,1,25574,Marriage Loan,1212804,48,Rent,152296,Chapra,Odisha
CUST-2026-D01832,Omya Chawla,EYURS1061L,44,M,1,51997,Self-Employed,19,1,15389,Education Loan,3186385,60,Own,651079,Saharanpur,Madhya Pradesh
CUST-2026-D01833,Pahal Sandal,SPJAO9058P,39,F,0,35895,Business,0,1,15818,Personal Loan,1918232,48,Rent,438246,Akola,Jharkhand
CUST-2026-D01834,Dayamai Sharaf,JJOEO1869Y,38,F,1,97811,Salaried,15,3,18090,Car Loan,1008510,84,Own,638999,Guna,Uttar Pradesh
CUST-2026-D01835,Yashodhara Kumer,CFXYL2373U,28,F,1,209115,Professional,6,1,64336,Personal Loan,723419,36,Rent,490245,Bikaner,Odisha
CUST-2026-D01836,Bachittar Atwal,IHYFX8831Z,27,M,3,111143,Salaried,5,1,21712,Personal Loan,379357,36,Rent,795054,Serampore,Goa
CUST-2026-D01837,Girish Pandey,RJCUQ7845D,47,M,1,133874,Business,6,0,0,Education Loan,4764216,120,Rent,934475,Ahmedabad,Gujarat
CUST-2026-D01838,Vasana Khalsa,VTIOO2028Z,52,F,2,36896,Professional,18,2,6059,Personal Loan,1380104,48,Rent,544288,Phusro,Uttarakhand
CUST-2026-D01839,Bakhshi Pingle,YQLRR0977R,38,M,2,47148,Self-Employed,12,0,0,Personal Loan,1597490,60,Rent,642642,Pudukkottai,Kerala
CUST-2026-D01840,Krishna Krishna,CEVVO3728M,36,M,0,55190,Self-Employed,1,2,9430,Personal Loan,346131,24,Rent,565863,Saharanpur,Andhra Pradesh
CUST-2026-D01841,Reyansh Wali,UVEAQ5806P,46,M,4,114324,Salaried,11,1,24251,Personal Loan,1730348,24,Rent,421712,Bihar Sharif,Maharashtra
CUST-2026-D01842,Darika Gola,YQHNQ7333I,61,M,0,42467,Homemaker,8,0,0,Education Loan,4035405,180,Own,926833,Chinsurah,Rajasthan
CUST-2026-D01843,Aryan Atwal,TCPNA3326U,49,M,2,25478,Business,15,1,6628,Car Loan,1102807,36,Rent,421550,Bally,Kerala
CUST-2026-D01844,Jagdish Contractor,FPGLS9596G,45,F,1,110677,Self-Employed,12,0,0,Personal Loan,186167,60,Own,838852,Rajkot,Mizoram
CUST-2026-D01845,Yashasvi Wadhwa,YRUOL9881A,43,M,2,107461,Business,7,1,48013,Personal Loan,432877,48,Rent,601534,Sambalpur,Goa
CUST-2026-D01846,Chakradev Sule,WQNCT5360R,39,M,2,92560,Self-Employed,0,0,0,Car Loan,650222,36,Rent,171862,Kottayam,Tripura
CUST-2026-D01847,Adweta Narula,LJXRM1330Y,38,M,1,28120,Business,2,1,5884,Personal Loan,1352016,12,Rent,240668,Jodhpur,Chhattisgarh
CUST-2026-D01848,Isha Om,KPKBM2894B,31,F,4,32561,Self-Employed,7,0,0,Home Loan,6843023,300,Family,933335,Thanjavur,Andhra Pradesh
CUST-2026-D01849,Faris Vala,IKDQN4203A,51,F,4,273593,Self-Employed,17,3,69843,Home Loan,14195342,300,Own,261190,Kochi,West Bengal
CUST-2026-D01850,Yuvraj Ratti,ASODF9197A,39,F,1,59125,Self-Employed,17,3,14681,Home Loan,13164973,240,Rent,488570,Gopalpur,Himachal Pradesh
CUST-2026-D01851,Aadhya Khurana,LXWRD9707L,35,M,1,153893,Salaried,12,0,0,Car Loan,2465623,36,Rent,542567,Tirupati,Madhya Pradesh
CUST-2026-D01852,Chameli Bath,HRPNH0031M,46,M,3,52886,Self-Employed,13,1,15730,Car Loan,1338329,48,Rent,189227,Bhusawal,Assam
CUST-2026-D01853,Pavani Patil,JRCOY0079J,39,M,1,48889,Professional,18,0,0,Business Loan,1372410,60,Rent,478938,Burhanpur,Andhra Pradesh
CUST-2026-D01854,Aarnav Sabharwal,OSRBC8138Z,23,F,1,39485,Self-Employed,2,1,14089,Home Loan,3834658,300,Family,899291,Bellary,Maharashtra
CUST-2026-D01855,Benjamin Yogi,MIWSW3399K,55,M,1,21910,Self-Employed,28,1,7215,Home Loan,9735649,180,Own,987094,Dhanbad,Andhra Pradesh
CUST-2026-D01856,Timothy Dhaliwal,QSZLH7127D,42,M,3,65432,Salaried,16,2,23608,Personal Loan,1275240,60,Rent,452975,Anand,Rajasthan
CUST-2026-D01857,Shravya Mand,IBKBT2307O,34,F,0,31394,Salaried,3,1,10426,Home Loan,11896657,240,Rent,541387,Bhimavaram,Goa
CUST-2026-D01858,Vansha Thakkar,BCNKS1259Q,30,M,0,81371,Self-Employed,8,0,0,Car Loan,358232,60,Own,264857,Allahabad,Meghalaya
CUST-2026-D01859,Chandresh Pal,PRKKI8389R,37,M,1,63413,Salaried,7,1,18564,Personal Loan,1423720,12,Family,312322,Thoothukudi,Odisha
CUST-2026-D01860,Barkha Jani,CYCLW3531H,58,F,2,73281,Self-Employed,14,3,12151,Personal Loan,1229642,60,Own,759259,Kulti,Maharashtra
CUST-2026-D01861,Madhav Mital,MMJAF0507T,50,F,3,81561,Self-Employed,20,3,24090,Business Loan,4994921,36,Own,123968,Haridwar,Rajasthan
CUST-2026-D01862,Owen Narang,DSYMQ0935N,35,F,0,54304,Salaried,13,1,23664,Personal Loan,1195438,60,Rent,502338,Indore,Telangana
CUST-2026-D01863,Wishi Bath,DALVS1422Y,55,M,2,39655,Professional,0,0,0,Education Loan,1503727,60,Rent,418952,Tiruppur,Karnataka
CUST-2026-D01864,Idika Nori,UFEHU5584W,40,M,1,62713,Salaried,3,1,23064,Education Loan,3954707,120,Rent,982387,Guntakal,Assam
CUST-2026-D01865,Balendra Prabhakar,IQLSA0601S,38,M,1,20163,Salaried,15,1,7015,Personal Loan,1723490,12,Family,560369,Bidhannagar,Odisha
CUST-2026-D01866,Rayaan Sahota,HQXGO1205J,36,M,2,134486,Salaried,0,1,43892,Car Loan,1946582,84,Rent,861604,Panchkula,Nagaland
CUST-2026-D01867,Inaya Jaggi,UORCX2373H,41,F,4,65467,Self-Employed,5,2,29376,Education Loan,1982297,120,Rent,416134,Korba,Assam
CUST-2026-D01868,Vedika Wali,CCPZK9410V,31,F,1,149606,Business,5,0,0,Personal Loan,949336,36,Own,127204,Jehanabad,Mizoram
CUST-2026-D01869,Nathaniel Barad,ANHFL1455M,49,M,2,75021,Self-Employed,22,3,26706,Personal Loan,267730,12,Own,699823,Tiruppur,Uttar Pradesh
CUST-2026-D01870,Xalak Edwin,ZIUTH9811M,34,F,1,95640,Business,11,0,0,Personal Loan,1757905,12,Rent,792187,Malda,Odisha
CUST-2026-D01871,Irya Prasad,IHBFS4717T,35,M,1,93003,Business,0,1,34736,Personal Loan,1762409,36,Own,593408,Jaunpur,Punjab
CUST-2026-D01872,Suhani Sant,LBIHC2830G,40,F,2,102541,Professional,19,1,15858,Personal Loan,1474125,12,Rent,598691,Adoni,Odisha
CUST-2026-D01873,Ekani Menon,KMPHI5288B,44,M,2,46997,Self-Employed,17,1,15253,Education Loan,256823,84,Own,224597,Nanded,Gujarat
CUST-2026-D01874,Faqid Boase,IWRHA8603F,47,F,3,358368,Salaried,10,1,127307,Car Loan,2365177,60,Family,983299,Tinsukia,Karnataka
CUST-2026-D01875,Urishilla Sahni,KOLJS6927Y,54,M,1,368295,Self-Employed,9,3,101497,Personal Loan,1182922,24,Rent,951727,Tinsukia,West Bengal
CUST-2026-D01876,Rajata Sibal,SYRRF3883I,37,F,1,32235,Salaried,1,0,0,Personal Loan,1256073,12,Family,948770,Nagaon,Uttar Pradesh
CUST-2026-D01877,Janya Reddy,LFLUL4673T,37,M,2,153167,Self-Employed,15,2,35718,Car Loan,2279167,60,Rent,433271,Visakhapatnam,West Bengal
CUST-2026-D01878,Krishna Manne,GAKWI4959E,40,F,1,74123,Self-Employed,18,3,20964,Home Loan,3741276,300,Rent,722380,Gandhinagar,Nagaland
CUST-2026-D01879,Gaurangi Bala,XTLKP4099S,36,M,1,35239,Business,14,0,0,Personal Loan,887335,24,Own,751395,Bardhaman,Telangana
CUST-2026-D01880,Manbir Sastry,QJJBA1176V,30,M,2,50874,Salaried,5,0,0,Personal Loan,1433689,24,Rent,134615,Ambattur,Nagaland
CUST-2026-D01881,Vansha Walia,JMKOT3846K,47,F,3,47839,Salaried,16,0,0,Business Loan,1538259,36,Rent,914864,Raiganj,Jharkhand
CUST-2026-D01882,Ikshita Gaba,RYHGR5793N,40,F,3,199283,Salaried,12,1,41879,Personal Loan,115137,12,Own,278229,Gandhidham,Mizoram
CUST-2026-D01883,Finn Khalsa,FQZBA7480G,27,F,3,48577,Salaried,1,0,0,Business Loan,8187648,12,Own,840164,Siwan,Uttarakhand
CUST-2026-D01884,Jagvi Arya,PMBVD7868A,41,F,1,118993,Salaried,9,3,22340,Personal Loan,1788521,60,Rent,400952,Gangtok,Karnataka
CUST-2026-D01885,Bimala Dara,TONKR3814B,46,F,2,72041,Professional,0,2,21128,Personal Loan,276350,36,Rent,704293,Nangloi Jat,Madhya Pradesh
CUST-2026-D01886,Dayita Ramakrishnan,ZULWR2460C,32,F,1,15000,Self-Employed,4,0,0,Personal Loan,623610,36,Own,749764,Sambhal,Manipur
CUST-2026-D01887,Edhitha Agarwal,XPQIR6472G,34,F,2,251183,Salaried,5,0,0,Personal Loan,1823599,36,Rent,308929,Motihari,Nagaland
CUST-2026-D01888,Joshua Shenoy,IRRHZ9640N,56,M,0,46230,Professional,28,1,10115,Marriage Loan,1461681,12,Rent,277185,Bhubaneswar,Sikkim
CUST-2026-D01889,Robert Mangal,IWDQR1687B,58,F,1,47945,Professional,5,3,12546,Home Loan,11831311,180,Family,231580,Saharanpur,Goa
CUST-2026-D01890,Chavvi Natarajan,PILFB2124D,44,F,3,34579,Salaried,21,1,6324,Car Loan,1898265,48,Family,230871,Kochi,Punjab
CUST-2026-D01891,Devansh Agate,UWKDW6869J,57,M,3,15000,Self-Employed,22,1,4214,Marriage Loan,461669,24,Rent,361525,Panipat,Himachal Pradesh
CUST-2026-D01892,Daksha Rastogi,FYSOT2630U,54,M,3,54416,Retired,6,2,18669,Personal Loan,1056389,60,Own,687958,Kirari Suleman Nagar,Bihar
CUST-2026-D01893,Anita Gala,APJZZ5893X,54,F,1,292383,Self-Employed,13,0,0,Car Loan,2334080,36,Own,169912,Jehanabad,Assam
CUST-2026-D01894,Dalbir Modi,XGXYM2718B,49,M,2,49336,Business,21,1,17855,Car Loan,2007283,48,Rent,592993,Bulandshahr,Gujarat
CUST-2026-D01895,Ishaan Kadakia,TCQRI1002Y,49,M,1,41406,Self-Employed,18,1,17735,Personal Loan,723950,60,Rent,645067,Thanjavur,Assam
CUST-2026-D01896,Upadhriti Dayal,CGFQI1881Y,38,F,5,139768,Salaried,10,0,0,Car Loan,620231,48,Rent,148125,Thane,Bihar
CUST-2026-D01897,Mahika Yadav,RAIDS5834X,30,M,1,22931,Business,7,0,0,Personal Loan,241445,36,Rent,683580,Bhilwara,Manipur
CUST-2026-D01898,Chakradhar Comar,YLIID6358P,38,M,1,24388,Business,5,1,6585,Car Loan,476274,60,Rent,755735,Aurangabad,Rajasthan
CUST-2026-D01899,Bhanumati Kala,OUEBQ9485Z,48,M,2,103345,Self-Employed,8,1,24163,Business Loan,3987714,24,Rent,960177,Kochi,Tripura
CUST-2026-D01900,Rohan Mangal,VCIFS6228D,41,M,5,71446,Self-Employed,15,0,0,Home Loan,4966898,240,Family,523038,Shivpuri,Uttar Pradesh
CUST-2026-D01901,Mahika Shetty,YXBDB1813H,61,M,4,78724,Self-Employed,4,2,13739,Personal Loan,933987,60,Rent,870462,Kollam,Telangana
CUST-2026-D01902,Rajata Verma,GMAHF7027C,32,M,2,36190,Self-Employed,10,1,13456,Personal Loan,1066481,24,Own,841238,Ahmednagar,Nagaland
CUST-2026-D01903,Rudra Nagarajan,EXYXA6036D,48,F,2,18289,Self-Employed,5,2,7326,Home Loan,13572767,180,Own,123655,Sasaram,Madhya Pradesh
CUST-2026-D01904,Orinder Chad,FXXEC9775W,40,F,2,24056,Salaried,8,1,5915,Personal Loan,470726,48,Own,696387,Imphal,Himachal Pradesh
CUST-2026-D01905,Veer Banik,NKVJF4864D,41,M,1,81044,Business,5,0,0,Personal Loan,377538,48,Family,521407,Alappuzha,Meghalaya
CUST-2026-D01906,Zilmil Chadha,JICIH9840X,41,F,2,155808,Self-Employed,20,0,0,Education Loan,4739650,84,Rent,185731,Bihar Sharif,West Bengal
CUST-2026-D01907,Aahana Gupta,DIMZL4837R,54,F,1,36145,Self-Employed,10,1,15332,Car Loan,570632,48,Own,367458,Berhampore,Uttar Pradesh
CUST-2026-D01908,Alexander Chokshi,FHHVY2410V,63,M,1,22431,Self-Employed,22,0,0,Car Loan,2061016,48,Own,733710,Jalgaon,Haryana
CUST-2026-D01909,Sudiksha Kadakia,GCYPN1416G,34,M,1,44208,Salaried,9,0,0,Personal Loan,1947456,24,Rent,255612,Bidar,Maharashtra
CUST-2026-D01910,Madhav Sibal,XFPJH6647J,33,M,3,43751,Salaried,12,1,9982,Home Loan,12194614,300,Own,827305,Surendranagar Dudhrej,Jharkhand
CUST-2026-D01911,Rushil Banik,PZUJI8358C,35,M,0,58517,Salaried,13,1,17473,Education Loan,3926611,84,Own,764525,Khora ,Assam
CUST-2026-D01912,Ekapad Khalsa,MHDJP7345Q,50,M,1,76095,Salaried,11,2,14084,Personal Loan,1292794,36,Own,962594,Jalgaon,Punjab
CUST-2026-D01913,Dev Mangal,RFTVA4038D,32,M,0,102834,Business,3,2,15614,Car Loan,1326525,36,Rent,162072,Nagpur,Uttar Pradesh
CUST-2026-D01914,Elijah Misra,QGVSB3521B,38,F,2,42257,Salaried,15,0,0,Personal Loan,104752,60,Rent,226294,Bhalswa Jahangir Pur,Nagaland
CUST-2026-D01915,Qushi Ramesh,LBQZU8894G,34,M,2,23727,Business,12,1,4469,Personal Loan,1646734,12,Rent,411748,Davanagere,Odisha
CUST-2026-D01916,Anthony Sarna,LVXRQ6357V,40,M,2,33154,Business,2,1,13939,Home Loan,13588097,300,Rent,769424,Pimpri-Chinchwad,Sikkim
CUST-2026-D01917,Darika Bal,XLJXL1880I,36,F,2,86413,Business,13,0,0,Home Loan,14571608,120,Rent,992898,Purnia,West Bengal
CUST-2026-D01918,Krishna Bhatti,HDRTO7998J,35,F,2,110852,Retired,9,1,49846,Marriage Loan,819016,24,Family,647799,Rajahmundry,Assam
CUST-2026-D01919,Faris Nazareth,WRNJZ5830V,52,F,3,64238,Business,1,0,0,Business Loan,4341782,60,Rent,120570,Gwalior,Goa
CUST-2026-D01920,Lohit Sami,KWKHS6687D,24,F,0,123483,Salaried,0,1,35029,Car Loan,1952279,84,Own,259273,Bilaspur,Bihar
CUST-2026-D01921,Wazir Babu,IFCKR1924F,53,M,0,58212,Self-Employed,23,0,0,Marriage Loan,1268477,24,Rent,542778,Pali,Sikkim
CUST-2026-D01922,Farhan Mani,VXLAZ9122B,38,M,1,141532,Self-Employed,8,0,0,Home Loan,14485990,240,Rent,518640,Raipur,Manipur
CUST-2026-D01923,Harsh Arya,KSVNR7902H,48,M,3,44681,Self-Employed,10,1,11746,Car Loan,1784881,36,Rent,652492,Haridwar,Uttar Pradesh
CUST-2026-D01924,Yagnesh Upadhyay,WFJYG6642U,44,F,2,36730,Self-Employed,2,0,0,Business Loan,2854603,12,Family,586532,Bidhannagar,Madhya Pradesh
CUST-2026-D01925,Yoshita Venkataraman,CMPSG0878W,44,F,4,43955,Self-Employed,6,2,15484,Personal Loan,1261569,48,Own,880789,Sangli-Miraj & Kupwad,Manipur
CUST-2026-D01926,David Arora,TDRVI2650L,37,M,1,15000,Self-Employed,15,1,5686,Business Loan,5895335,24,Rent,782033,Tezpur,Maharashtra
CUST-2026-D01927,Baljiwan Char,MTWJC0604P,24,F,2,58309,Professional,1,0,0,Marriage Loan,832783,24,Own,402407,Shimoga,Madhya Pradesh
CUST-2026-D01928,Oscar Kata,XJLAR0412J,40,F,0,22402,Self-Employed,17,2,3715,Personal Loan,104903,24,Own,662748,Danapur,Uttarakhand
CUST-2026-D01929,Osha Balay,YXXXX6082D,37,M,4,54447,Homemaker,3,3,20159,Home Loan,9153559,300,Rent,948393,Jalna,Rajasthan
CUST-2026-D01930,Riya Mukherjee,EDXVB0958Z,25,M,1,105123,Self-Employed,4,2,24144,Car Loan,2329650,36,Own,541848,Khandwa,Uttarakhand
CUST-2026-D01931,Yash Sridhar,ODMTD1499I,36,M,1,79543,Business,7,1,30650,Home Loan,10533076,180,Family,804903,Saharsa,Haryana
CUST-2026-D01932,Bhavika Warrior,JMSBO6330V,51,F,1,57215,Salaried,27,0,0,Education Loan,1213348,180,Own,665988,Ambala,Chhattisgarh
CUST-2026-D01933,Caleb Malhotra,CCWHH0246X,38,M,1,56385,Business,3,1,11831,Home Loan,4972193,240,Rent,735167,Baranagar,Rajasthan
CUST-2026-D01934,Damini Puri,XXRTC5418I,33,F,2,21091,Self-Employed,8,2,4731,Personal Loan,1503604,60,Family,166013,Ghaziabad,Assam
CUST-2026-D01935,Divya Contractor,YEJGE2216R,34,M,1,84256,Business,8,0,0,Personal Loan,1203149,60,Own,838624,Jamshedpur,Nagaland
CUST-2026-D01936,Vasatika Prashad,ZKRLG0953M,31,F,0,183925,Salaried,0,2,60180,Personal Loan,1918283,60,Family,864729,Karawal Nagar,Goa
CUST-2026-D01937,Janaki Vig,YANZP4925O,41,F,2,169475,Self-Employed,8,0,0,Marriage Loan,1435613,36,Rent,191201,Bangalore,Meghalaya
CUST-2026-D01938,Sudiksha Dara,MVVKJ3664C,36,M,0,39541,Professional,15,0,0,Personal Loan,1382058,48,Rent,290866,Eluru,Tripura
CUST-2026-D01939,Gagan Acharya,WKNEA9860E,37,M,3,33504,Salaried,12,0,0,Education Loan,4816983,60,Own,918998,Dharmavaram,Gujarat
CUST-2026-D01940,Sai Ramesh,DHBGR8563R,56,M,0,37783,Salaried,17,3,11810,Home Loan,13780751,240,Rent,811998,Aurangabad,Chhattisgarh
CUST-2026-D01941,Meera Bhakta,IRWBD3647H,50,M,1,58890,Salaried,16,0,0,Personal Loan,1086434,36,Rent,953546,Latur,Uttarakhand
CUST-2026-D01942,Prisha Subramanian,OFNBK4172T,31,F,3,15000,Salaried,10,0,0,Marriage Loan,1293572,48,Rent,710200,Dehradun,Sikkim
CUST-2026-D01943,Priya Luthra,XDBJX6176M,52,F,2,130390,Retired,22,2,42138,Car Loan,875573,84,Family,426717,Khora ,Maharashtra
CUST-2026-D01944,Oni Saraf,AAEDU1572T,49,F,2,51110,Professional,22,2,18518,Personal Loan,731907,60,Rent,784546,Latur,Uttar Pradesh
CUST-2026-D01945,Ansh Radhakrishnan,SKTGX7070Q,62,F,0,15798,Self-Employed,28,1,6625,Home Loan,9210042,300,Rent,329072,Arrah,Telangana
CUST-2026-D01946,Harini Kar,MSJEX8016B,31,F,0,31425,Self-Employed,10,1,10779,Personal Loan,353867,48,Family,601412,Noida,Uttar Pradesh
CUST-2026-D01947,Naksh Ramaswamy,KYZIQ8435Z,35,F,2,29942,Professional,10,1,7975,Business Loan,9638822,60,Own,424649,Tirupati,Mizoram
CUST-2026-D01948,Janya Oommen,BKOYC3389X,56,F,0,94856,Salaried,27,0,0,Personal Loan,1901535,60,Own,560403,Howrah,Jharkhand
CUST-2026-D01949,Finn Chandran,BFKXM7198D,43,F,2,130169,Self-Employed,9,0,0,Car Loan,1236992,36,Own,619050,Berhampore,Tamil Nadu
CUST-2026-D01950,Yashodhara Karnik,RWYXJ8295Z,40,F,1,157084,Salaried,9,1,45163,Personal Loan,1736154,36,Family,362757,Latur,Uttarakhand
CUST-2026-D01951,Isaac Bali,MLMCI7322W,29,M,1,36720,Self-Employed,7,2,5672,Business Loan,1545069,36,Rent,204813,Farrukhabad,Goa
CUST-2026-D01952,Isaiah Sinha,YLTKG2768M,50,F,2,29298,Self-Employed,3,3,12695,Education Loan,4410814,60,Rent,282647,Dewas,Tripura
CUST-2026-D01953,Joshua Mutti,OEXKD6601Z,55,F,3,56517,Salaried,19,0,0,Car Loan,2337537,48,Rent,327786,Malda,Bihar
CUST-2026-D01954,Aarnav Sidhu,CHISR4940I,50,M,2,208879,Salaried,11,1,69733,Personal Loan,1989212,36,Rent,489888,Bhubaneswar,Manipur
CUST-2026-D01955,Liam Kunda,DKRKT0812O,53,M,3,25356,Salaried,6,1,7103,Education Loan,4799883,84,Own,861473,Hapur,Manipur
CUST-2026-D01956,Naksh Wagle,PZASV8801R,28,M,1,36448,Salaried,5,0,0,Personal Loan,693435,48,Rent,277136,Jehanabad,Meghalaya
CUST-2026-D01957,Jalsa Seshadri,DCGMI1927N,30,M,1,65564,Salaried,4,0,0,Business Loan,5350184,12,Rent,722499,Chandrapur,Karnataka
CUST-2026-D01958,Aarav Varma,INMMP1173U,38,M,0,69897,Salaried,2,2,24394,Business Loan,4631260,12,Family,648232,Madanapalle,Maharashtra
CUST-2026-D01959,Watika Sachdeva,NBRFV0397K,34,M,2,16404,Business,0,0,0,Home Loan,3832534,240,Own,355405,Pudukkottai,Assam
CUST-2026-D01960,Anay Kumar,YCGEU4866Q,35,F,3,17832,Salaried,10,0,0,Home Loan,5447690,240,Rent,627212,Yamunanagar,Assam
CUST-2026-D01961,Nikita Badami,CDZCI2955Z,33,M,1,84804,Retired,1,0,0,Personal Loan,1649329,24,Own,188724,Muzaffarpur,Odisha
CUST-2026-D01962,Falguni Khanna,TMKKL1874F,47,F,3,84910,Business,1,1,13142,Personal Loan,474973,60,Own,642122,Malegaon,Punjab
CUST-2026-D01963,Maanav Prabhu,AWXAQ2979Z,61,F,2,23725,Salaried,29,0,0,Home Loan,8019942,180,Family,451410,Chittoor,Tripura
CUST-2026-D01964,Christopher Munshi,NLWVK7432O,44,M,1,36193,Self-Employed,22,0,0,Home Loan,14450157,240,Own,940082,Rampur,Meghalaya
CUST-2026-D01965,Falak Viswanathan,USUSR0833U,36,F,1,20228,Salaried,2,3,4260,Personal Loan,1788678,24,Own,877936,Visakhapatnam,Bihar
CUST-2026-D01966,Janaki Chand,ABHWC2544S,39,M,2,22213,Salaried,8,1,8076,Personal Loan,1063648,36,Own,983977,Jehanabad,Himachal Pradesh
CUST-2026-D01967,Ekbal Bansal,ZSBFJ8581B,55,F,1,66385,Professional,29,0,0,Personal Loan,723623,48,Family,738200,Yamunanagar,Telangana
CUST-2026-D01968,Reyansh Raghavan,FMVYM4939E,41,M,2,65605,Salaried,20,0,0,Education Loan,2184149,60,Rent,374130,Lucknow,Chhattisgarh
CUST-2026-D01969,Kabir Som,SSEWT8472I,37,F,1,28449,Self-Employed,3,1,5110,Home Loan,8801501,120,Rent,580783,Nagercoil,Gujarat
CUST-2026-D01970,Ayushman Mane,WZARX2467Q,41,F,4,15000,Self-Employed,5,0,0,Education Loan,266230,180,Own,652895,Srikakulam,Manipur
CUST-2026-D01971,Warda Gera,GCALV4790P,54,M,2,100730,Salaried,18,2,22714,Personal Loan,1759456,24,Rent,178071,Deoghar,Uttar Pradesh
CUST-2026-D01972,Bhavya Lala,VWUMB0539V,31,F,2,41188,Self-Employed,8,3,8708,Home Loan,12687050,300,Own,477590,Bhalswa Jahangir Pur,Arunachal Pradesh
CUST-2026-D01973,Vidhi Borde,IKWWG5070H,28,F,1,149700,Self-Employed,1,1,28606,Personal Loan,1999476,36,Family,151435,Loni,West Bengal
CUST-2026-D01974,Max Jani,GIGOA5444R,33,F,1,213771,Salaried,4,2,36589,Car Loan,1170218,48,Rent,895885,Howrah,Assam
CUST-2026-D01975,Advay Nori,GNJEO6418A,36,F,3,48027,Self-Employed,0,1,12077,Education Loan,885966,60,Family,658027,Hajipur,West Bengal
CUST-2026-D01976,Ayushman Kumar,XUTFI6032F,41,M,1,45460,Business,8,1,18609,Business Loan,554830,36,Own,551815,Latur,Nagaland
CUST-2026-D01977,Ishwar Lal,RPUVS6927C,34,F,4,72443,Self-Employed,12,1,28917,Car Loan,2345531,48,Own,876640,Mysore,Goa
CUST-2026-D01978,Warjas Mittal,VFFGK6959J,38,M,1,107818,Self-Employed,7,0,0,Personal Loan,513782,24,Rent,909761,Shahjahanpur,Rajasthan
CUST-2026-D01979,Baljiwan Basu,NKULT6056O,35,F,0,25150,Salaried,11,3,8661,Home Loan,8204935,300,Rent,899929,Alwar,Uttar Pradesh
CUST-2026-D01980,Nilima Jain,LTVTT6025V,53,M,3,53749,Business,17,0,0,Car Loan,503947,84,Rent,687962,Tenali,Punjab
CUST-2026-D01981,Azaan Dewan,YVSUX6255O,50,F,2,53299,Self-Employed,20,0,0,Home Loan,13942035,180,Rent,234308,Suryapet,Himachal Pradesh
CUST-2026-D01982,Balveer Bail,QZJUQ4649D,47,F,1,22806,Self-Employed,1,0,0,Education Loan,4290151,84,Rent,913285,Ujjain,Uttar Pradesh
CUST-2026-D01983,David Rastogi,FRBTN7793H,45,M,2,49295,Self-Employed,2,1,10158,Home Loan,7887520,120,Own,186041,Ballia,Meghalaya
CUST-2026-D01984,Oeshi Natt,TBFEL9019Q,39,M,2,105857,Self-Employed,12,1,16099,Personal Loan,976779,60,Rent,872953,Medininagar,West Bengal
CUST-2026-D01985,Avi Dora,RLGLV2983R,32,M,4,60745,Salaried,5,0,0,Home Loan,13301603,300,Own,406698,Solapur,Odisha
CUST-2026-D01986,Hema Kapoor,DVZIV9142O,34,F,3,69861,Self-Employed,10,1,17615,Personal Loan,1337088,60,Rent,338630,Jammu,Haryana
CUST-2026-D01987,Qasim Wadhwa,QHTQV4783X,40,M,2,39116,Self-Employed,0,1,10058,Personal Loan,182982,48,Rent,599522,Aurangabad,Andhra Pradesh
CUST-2026-D01988,Prisha Vohra,FYYNL5625F,36,F,4,71173,Salaried,4,1,23332,Home Loan,1748757,240,Rent,277369,Alwar,Haryana
CUST-2026-D01989,Yatan Keer,KAVMU9257C,56,F,2,108525,Salaried,4,1,36340,Car Loan,2117662,84,Rent,498391,Ramagundam,Manipur
CUST-2026-D01990,Samar Baria,XZGDQ7909D,35,F,1,91065,Salaried,2,2,39812,Personal Loan,299778,36,Family,988514,Sikar,Chhattisgarh
CUST-2026-D01991,Watika Banik,OBOWL1607Q,38,F,2,73751,Business,17,1,18390,Personal Loan,1726227,36,Family,306474,Proddatur,Meghalaya
CUST-2026-D01992,Anirudh Merchant,SLQBO0757M,46,M,5,53198,Self-Employed,7,3,13024,Personal Loan,1478215,36,Rent,301182,Korba,West Bengal
CUST-2026-D01993,Ria Bhatia,LBKYN7954W,45,M,1,32187,Salaried,6,2,13992,Home Loan,4825758,240,Rent,986633,Jaipur,Haryana
CUST-2026-D01994,Anthony Dhar,WDIIG6545X,27,M,1,44285,Salaried,3,0,0,Personal Loan,1768196,12,Rent,565421,Bhavnagar,Tamil Nadu
CUST-2026-D01995,Kevin Tara,DTNDJ3850B,36,F,1,21178,Self-Employed,7,0,0,Personal Loan,1747151,36,Rent,380786,Thanjavur,Uttar Pradesh
CUST-2026-D01996,Barkha Manne,RTFON6561Z,58,F,2,73425,Self-Employed,0,1,30560,Personal Loan,1928838,60,Rent,919372,Khora ,Andhra Pradesh
CUST-2026-D01997,Ishaan Patil,DVLBB2149T,40,F,2,52661,Salaried,10,0,0,Education Loan,2144043,120,Rent,880449,Junagadh,Maharashtra
CUST-2026-D01998,Reyansh Sidhu,SRSYV0415B,36,F,2,103256,Self-Employed,9,0,0,Car Loan,612136,84,Own,934705,Haldia,Goa
CUST-2026-D01999,Tanish Savant,WBEZT8508B,38,M,2,39407,Self-Employed,8,3,7082,Personal Loan,244066,12,Rent,531890,Naihati,Kerala
CUST-2026-D02000,Qadim Rout,RQBHM8054Y,38,F,3,49757,Self-Employed,10,0,0,Education Loan,4278503,180,Own,496160,Guntakal,Punjab
