customer_id,full_name,pan,age,gender,dependents,monthly_income_inr,employment_type,years_in_current_job,existing_loans,existing_emi_inr,loan_purpose,loan_amount_inr,loan_duration_months,housing_status,pincode,city,state
CUST-2026-00001,Yash Kapoor,POSSK4287F,42,M,3,31069,Salaried,17,0,0,Car Loan,424978,36,Own,639904,Nagpur,Rajasthan
CUST-2026-00002,Pahal Balay,DXCHQ8310V,44,F,1,12000,Salaried,12,0,0,Education Loan,2418961,60,Rent,672276,Bongaigaon,Chhattisgarh
CUST-2026-00003,Yashasvi Bala,NGMHY6237B,31,F,5,34085,Business,2,0,0,Home Loan,5979144,120,Rent,289452,Bellary,Andhra Pradesh
CUST-2026-00004,Thomas Sen,LGGOG5832E,31,M,3,39061,Professional,9,2,9061,Home Loan,9875710,300,Family,784080,Bongaigaon,Nagaland
CUST-2026-00005,Pahal Oak,RCXTT3210X,38,M,3,74003,Salaried,13,1,20008,Car Loan,2263143,60,Family,122039,Chennai,Odisha
CUST-2026-00006,Harsh Chanda,EYXXP4139Z,51,F,4,84034,Salaried,20,0,0,Personal Loan,1327103,24,Own,909551,Thrissur,Himachal Pradesh
CUST-2026-00007,Aishani Bassi,GWLFO7239U,33,M,1,48426,Self-Employed,1,3,13569,Education Loan,1277025,180,Family,283149,Secunderabad,Madhya Pradesh
CUST-2026-00008,Kritika Brar,WBGRF1954Z,34,F,1,26917,Salaried,3,1,2749,Home Loan,12088150,120,Own,142939,Jorhat,Telangana
CUST-2026-00009,Rehaan Boase,IWGEL4229O,37,F,1,18944,Salaried,14,2,2337,Personal Loan,1405137,12,Own,873588,Tadipatri,Nagaland
CUST-2026-00010,Viraj Chaudhuri,UHSSU6412B,48,M,0,73296,Salaried,6,2,9250,Home Loan,1536161,300,Own,932158,Ramagundam,Arunachal Pradesh
CUST-2026-00011,Nicholas Prabhakar,RGDXG5645Q,40,M,3,12346,Salaried,16,0,0,Marriage Loan,268005,24,Own,181263,Malda,Madhya Pradesh
CUST-2026-00012,Onveer Walla,ZBFGY8831R,33,F,1,62380,Salaried,10,1,21220,Car Loan,604267,36,Rent,700342,Shimoga,Kerala
CUST-2026-00013,Ladli Madan,FIRWN2906I,44,M,2,115939,Salaried,4,0,0,Business Loan,9781552,24,Own,744211,Ujjain,Telangana
CUST-2026-00014,Veer Balay,JOLBJ9903V,25,F,3,55442,Self-Employed,4,1,5860,Home Loan,13093385,180,Rent,985137,Anantapur,Rajasthan
CUST-2026-00015,Dominic Kakar,YUKRT2173B,31,M,2,78745,Homemaker,2,2,15631,Business Loan,3470445,60,Own,882344,Rewa,Uttar Pradesh
CUST-2026-00016,Meghana Shanker,ZHQKZ5919F,50,M,1,96055,Business,27,0,0,Home Loan,4740180,300,Own,182793,Rajpur Sonarpur,Odisha
CUST-2026-00017,Adya Sangha,LNURY7149K,40,F,0,52957,Self-Employed,13,1,13674,Home Loan,11173542,180,Own,853216,Kolhapur,Chhattisgarh
CUST-2026-00018,Lakshit Upadhyay,QHOAH4564O,41,M,3,31346,Salaried,12,1,12217,Home Loan,8553918,300,Rent,292481,Mirzapur,Odisha
CUST-2026-00019,Michael Dutta,DBZPT4857M,43,F,3,57892,Self-Employed,19,0,0,Education Loan,2170220,120,Own,318803,Nashik,Meghalaya
CUST-2026-00020,Lekha Raj,MNOIT4884R,37,M,1,68051,Business,16,0,0,Personal Loan,1974074,12,Rent,950347,Kavali,Uttar Pradesh
CUST-2026-00021,Advay Contractor,HHIOD2670N,36,M,3,42571,Salaried,8,1,12797,Car Loan,1303469,60,Own,858207,Dehri,Punjab
CUST-2026-00022,Chaaya Saran,HKXVN7784I,33,F,2,24169,Professional,9,2,2576,Business Loan,6881734,60,Own,478846,Mau,Sikkim
CUST-2026-00023,Xiti Gokhale,DMBJF3737N,36,M,2,121132,Self-Employed,14,2,47117,Home Loan,8110562,120,Own,559434,Delhi,Goa
CUST-2026-00024,Michael Prakash,DDROF6716X,32,M,2,60808,Homemaker,3,1,7399,Education Loan,2274362,84,Rent,761518,Bihar Sharif,Mizoram
CUST-2026-00025,Ekiya Suresh,HRUUO0560U,44,M,4,22029,Homemaker,12,2,3826,Home Loan,13086587,180,Own,920005,Panvel,Tripura
CUST-2026-00026,Wriddhish Bhardwaj,UMVPI2924Y,34,F,3,114752,Self-Employed,6,0,0,Personal Loan,1414108,36,Rent,674316,Mirzapur,Andhra Pradesh
CUST-2026-00027,Ekapad Walia,YCSMT6647C,37,F,1,43908,Salaried,11,1,9966,Home Loan,11501821,240,Rent,651723,Guwahati,Haryana
CUST-2026-00028,Noah Lanka,HGDFD5712P,32,F,2,25433,Salaried,8,0,0,Marriage Loan,1254248,36,Own,585787,Warangal,Tripura
CUST-2026-00029,Devika Rastogi,HYQTC0243B,32,F,5,78244,Salaried,4,0,0,Personal Loan,625272,12,Family,690239,Rajpur Sonarpur,Mizoram
CUST-2026-00030,Jai Kota,DTPUF5448N,32,F,1,15883,Salaried,10,0,0,Home Loan,10942881,240,Own,370248,Bahraich,Sikkim
CUST-2026-00031,Victor Kannan,PHGSS4697U,33,M,2,28430,Self-Employed,2,0,0,Personal Loan,378272,12,Own,832859,Sonipat,Haryana
CUST-2026-00032,Ekansh Balay,RSYNM0043I,40,M,2,51630,Professional,4,0,0,Home Loan,6660869,240,Own,601466,Allahabad,Andhra Pradesh
CUST-2026-00033,Arya Sunder,LVZMK3114P,24,M,4,114659,Homemaker,2,1,22946,Car Loan,2154844,60,Own,723763,Madurai,West Bengal
CUST-2026-00034,Xavier Solanki,MBNQM4021J,32,F,3,49530,Salaried,5,0,0,Education Loan,4516746,60,Rent,678951,Aurangabad,Gujarat
CUST-2026-00035,Gunbir Sankar,VMSNH8925M,36,F,1,30577,Salaried,13,0,0,Marriage Loan,337945,48,Family,789173,Jhansi,Uttar Pradesh
CUST-2026-00036,Chatura Chaudhari,ZMDOI5543G,30,M,3,12338,Salaried,8,0,0,Home Loan,13681114,240,Rent,718094,Bulandshahr,Kerala
CUST-2026-00037,Yuvraj Handa,VZMAN5884Q,59,M,2,12000,Salaried,23,0,0,Business Loan,6895997,60,Family,940885,Sonipat,Arunachal Pradesh
CUST-2026-00038,Qadim Mallick,WJIST8006J,53,M,3,32430,Salaried,15,1,7585,Car Loan,1967165,36,Family,817116,Kolhapur,Gujarat
CUST-2026-00039,Guneet Bedi,HJDNO7108T,63,M,2,12000,Business,14,0,0,Home Loan,1985654,120,Own,168846,Aurangabad,Manipur
CUST-2026-00040,Ojas Ray,ZHZRL3981M,43,F,4,20023,Salaried,8,1,5813,Business Loan,9670395,24,Own,472352,Tiruchirappalli,Rajasthan
CUST-2026-00041,Daniel Gala,FEGTT6106B,40,F,5,57635,Salaried,1,2,22039,Education Loan,2600770,84,Rent,479436,Kakinada,Meghalaya
CUST-2026-00042,Suhani Mangal,VGVMU7319E,33,F,0,36796,Professional,5,1,6556,Home Loan,14695495,240,Rent,395766,Pali,Madhya Pradesh
CUST-2026-00043,Chaman Kalla,CGAWO9208W,46,M,3,20536,Salaried,17,0,0,Car Loan,1399584,84,Rent,499519,Bhatpara,Maharashtra
CUST-2026-00044,Chandresh Sood,EKCMK9034H,33,F,1,22277,Salaried,5,1,8314,Personal Loan,1182865,48,Rent,871895,Satara,Arunachal Pradesh
CUST-2026-00045,Quincy Biswas,QPAUG1507G,50,M,5,12000,Self-Employed,1,0,0,Home Loan,3549499,300,Own,332410,Howrah,Mizoram
CUST-2026-00046,Jagdish Koshy,GIEBT5747Q,40,M,1,27161,Salaried,5,0,0,Business Loan,2711291,12,Own,936731,Noida,Punjab
CUST-2026-00047,Oni Virk,BCPBH6539Q,40,F,2,46515,Homemaker,1,3,18533,Car Loan,752824,84,Rent,575109,Udupi,Odisha
CUST-2026-00048,William Lanka,KSIIG9640C,33,F,0,230049,Self-Employed,12,1,51187,Car Loan,1258371,84,Own,585529,Kurnool,Karnataka
CUST-2026-00049,Diya Bora,BHICN1483R,27,M,3,37204,Salaried,4,1,14697,Home Loan,7432391,300,Family,866087,Dewas,Madhya Pradesh
CUST-2026-00050,Ethan Yogi,AWOKD6072N,34,F,2,64972,Salaried,10,2,15260,Home Loan,6084716,240,Family,478075,Phusro,Andhra Pradesh
CUST-2026-00051,Ekapad Konda,LLPKF5316S,36,M,2,146155,Salaried,2,2,24811,Home Loan,11865604,120,Rent,395321,Mira-Bhayandar,Gujarat
CUST-2026-00052,Chasmum Wadhwa,TEJSN8808B,37,F,0,32405,Salaried,9,2,5488,Education Loan,2628058,120,Own,631547,Sangli-Miraj & Kupwad,Kerala
CUST-2026-00053,Aishani D’Alia,LRJLC4408X,36,F,4,123623,Salaried,13,0,0,Car Loan,1662176,48,Rent,758152,Vasai-Virar,Andhra Pradesh
CUST-2026-00054,Shivansh Oza,FPTRE7477O,34,F,3,12000,Salaried,3,2,2631,Car Loan,919456,48,Own,378403,Darbhanga,Bihar
CUST-2026-00055,Zayan Behl,MAJHQ9053S,43,F,3,53100,Salaried,14,1,18357,Home Loan,2442411,240,Rent,435487,Dibrugarh,Gujarat
CUST-2026-00056,Aarush Nath,BSZNP3937V,39,M,2,129133,Salaried,15,1,16967,Car Loan,1740482,36,Rent,290942,Bally,Assam
CUST-2026-00057,Riya Sane,ZSKPY3378V,40,F,0,17356,Self-Employed,19,2,4465,Home Loan,12633563,180,Family,435302,Firozabad,Tripura
CUST-2026-00058,Manthan Banik,EHUNO7568T,44,M,2,38402,Salaried,5,3,9438,Business Loan,8658272,24,Own,254248,Gorakhpur,Nagaland
CUST-2026-00059,Qushi Datta,TLNIV4839O,28,F,1,12736,Self-Employed,2,1,1451,Car Loan,1296273,84,Rent,898940,Ballia,Uttarakhand
CUST-2026-00060,Ishita Kade,YSNDC1458C,37,F,3,44622,Salaried,6,2,6729,Business Loan,1375431,60,Family,691479,Bharatpur,Arunachal Pradesh
CUST-2026-00061,Niharika Dubey,IDAXM8746C,56,M,3,37446,Salaried,12,3,9886,Home Loan,6846644,120,Rent,791534,Kota,Sikkim
CUST-2026-00062,Aryan Gola,QBVMN6572A,24,M,3,54987,Salaried,0,1,13284,Car Loan,500275,48,Own,942464,Belgaum,Haryana
CUST-2026-00063,Amara Dutta,WBKJT3026D,41,M,2,14303,Salaried,11,0,0,Personal Loan,1113943,60,Rent,519421,Bulandshahr,Telangana
CUST-2026-00064,Upma Kapadia,YAFUX3338P,46,F,1,33922,Self-Employed,24,1,11232,Personal Loan,1751833,24,Own,923895,Eluru,Uttar Pradesh
CUST-2026-00065,Vedant Kapoor,RJUGC4491J,32,M,1,57372,Self-Employed,6,2,20146,Business Loan,6986822,36,Family,630307,Etawah,Gujarat
CUST-2026-00066,Arya Boase,YBQJU6916Z,33,M,1,28483,Self-Employed,2,1,8607,Car Loan,1778740,84,Own,939925,Silchar,Andhra Pradesh
CUST-2026-00067,Garima Bala,ONKQG1743R,36,M,0,75193,Salaried,1,1,29770,Car Loan,1855937,60,Own,190621,Etawah,Tripura
CUST-2026-00068,Balvan Chopra,LCRVI3058F,28,F,3,18340,Self-Employed,7,0,0,Home Loan,2742387,300,Own,858023,Mangalore,Bihar
CUST-2026-00069,Rajata Vaidya,DWBKS4445E,44,M,3,44889,Salaried,4,0,0,Car Loan,1813709,60,Rent,688444,Hapur,Punjab
CUST-2026-00070,Aachal Basu,VNHEY2952C,58,M,2,61695,Business,24,1,12131,Education Loan,1282406,180,Rent,168105,Gangtok,Bihar
CUST-2026-00071,Januja Sankar,BWCYU2256A,32,F,1,26700,Salaried,2,1,7426,Home Loan,12551703,240,Rent,700997,Mumbai,Tamil Nadu
CUST-2026-00072,Charita Tripathi,MIDWI9337Q,38,F,2,32379,Business,12,0,0,Home Loan,2505173,180,Own,617775,Satara,Assam
CUST-2026-00073,Chakrika Datta,VYSEE9484C,39,F,1,19465,Salaried,1,0,0,Car Loan,2053784,48,Family,277458,Khammam,Jharkhand
CUST-2026-00074,Charvi Ravi,CDGJK0053J,56,F,4,26144,Salaried,15,1,9518,Personal Loan,1036892,36,Rent,998325,Nadiad,Gujarat
CUST-2026-00075,Shivansh Sani,PKBBS8518E,26,F,3,56717,Homemaker,3,0,0,Marriage Loan,1269858,36,Rent,318728,Avadi,Nagaland
CUST-2026-00076,Riya Kala,CKHXW6526Y,33,F,1,30844,Business,8,0,0,Personal Loan,1045921,12,Own,816538,Kirari Suleman Nagar,Uttar Pradesh
CUST-2026-00077,Bhanumati Varma,CAIDR4798X,40,M,3,50057,Self-Employed,19,1,11234,Home Loan,12920702,180,Own,844550,Gulbarga,Mizoram
CUST-2026-00078,Dayita Kar,YHHYZ7764P,45,M,2,42545,Homemaker,14,2,9862,Personal Loan,1467399,36,Rent,311604,Tiruchirappalli,Sikkim
CUST-2026-00079,Chakradhar Konda,CYRTF8252D,34,F,1,53806,Business,6,2,21020,Education Loan,1428730,120,Own,858832,Siliguri,Uttar Pradesh
CUST-2026-00080,Robert Rajagopalan,AOYKY8419K,41,M,1,68521,Self-Employed,1,0,0,Car Loan,2281405,36,Rent,254145,Sirsa,Meghalaya
CUST-2026-00081,Abdul Chhabra,YAVUE7820J,32,M,4,13937,Salaried,11,2,1698,Business Loan,3437099,60,Family,294328,Latur,Meghalaya
CUST-2026-00082,Zarna Shetty,CELGE7757F,39,M,4,30852,Self-Employed,16,0,0,Business Loan,8959284,60,Own,958103,Muzaffarnagar,Tripura
CUST-2026-00083,Kiaan Shetty,LGIPO2326O,41,F,3,45256,Self-Employed,5,3,12347,Car Loan,1340384,36,Own,356962,Bhilai,Arunachal Pradesh
CUST-2026-00084,Sanaya Dutt,ZJSXT8876T,33,F,2,126283,Self-Employed,4,0,0,Home Loan,3740912,300,Own,894057,Mango,Sikkim
CUST-2026-00085,Yug Malhotra,EWLRS4840E,51,M,2,46770,Professional,3,0,0,Personal Loan,1110083,24,Rent,267132,Hospet,Telangana
CUST-2026-00086,Ria Brahmbhatt,SOBXZ4211U,38,F,2,55037,Salaried,0,0,0,Education Loan,2027888,60,Own,471265,Mathura,Tripura
CUST-2026-00087,Gautami Nagarajan,DZKDZ8794X,59,F,2,104002,Professional,12,0,0,Personal Loan,1437879,60,Own,474664,Noida,Tamil Nadu
CUST-2026-00088,Vihaan Rajagopal,CAPSB7422Y,39,F,3,27896,Salaried,3,0,0,Personal Loan,1339587,12,Own,180560,Durgapur,Nagaland
CUST-2026-00089,Oeshi Reddy,BYWXQ4499V,26,F,1,144299,Salaried,5,2,29954,Car Loan,900877,48,Own,398520,Kakinada,Tamil Nadu
CUST-2026-00090,Samuel Salvi,OZODG2698C,35,F,2,37897,Salaried,8,0,0,Education Loan,2722759,84,Rent,170424,Vijayanagaram,Karnataka
CUST-2026-00091,Vansha Ahuja,HXFET7796W,39,M,0,30534,Salaried,2,0,0,Education Loan,4887977,84,Rent,459139,Ramgarh,Madhya Pradesh
CUST-2026-00092,Thomas Sura,MVXJK5212S,30,M,2,75675,Salaried,5,0,0,Car Loan,2385732,84,Own,867506,Pali,Kerala
CUST-2026-00093,Ayush Ramachandran,MSTLT3151R,40,F,1,27616,Salaried,7,0,0,Personal Loan,1486227,36,Own,971502,Junagadh,Haryana
CUST-2026-00094,Joshua Walla,AOANH9086Z,61,M,2,52491,Salaried,6,1,11363,Home Loan,12199310,300,Rent,126496,Dehradun,Karnataka
CUST-2026-00095,Fiyaz Sangha,FRWQW7035B,55,M,1,20307,Business,8,1,2677,Car Loan,2003002,84,Rent,841106,Guntakal,Andhra Pradesh
CUST-2026-00096,Abha Raghavan,RHORE8021W,42,M,0,142607,Salaried,3,2,17048,Home Loan,13114660,300,Own,187960,South Dumdum,Chhattisgarh
CUST-2026-00097,Geetika Raghavan,BLVIT9370I,48,M,1,52958,Business,21,2,10730,Car Loan,886995,36,Rent,472660,Malda,Karnataka
CUST-2026-00098,Upma Bahl,SQTIC0332E,47,F,2,34354,Self-Employed,2,1,8274,Education Loan,816618,60,Own,508459,Nizamabad,Himachal Pradesh
CUST-2026-00099,Ekapad Baria,KCXXZ5131J,27,F,2,49565,Salaried,2,1,14736,Personal Loan,730379,48,Own,543912,Etawah,Telangana
CUST-2026-00100,Anmol Dua,HYIQU3388T,32,M,0,38734,Salaried,1,0,0,Business Loan,8818184,24,Rent,252072,Shahjahanpur,Tripura
CUST-2026-00101,Tejas Shroff,GJVKC5556R,29,F,2,69573,Salaried,6,3,16507,Personal Loan,1377292,48,Family,929960,Bhalswa Jahangir Pur,Haryana
CUST-2026-00102,Ishwar Gade,GELJL5559W,24,F,4,12000,Business,0,2,4459,Education Loan,4388458,84,Rent,363778,Arrah,Tamil Nadu
CUST-2026-00103,Devika Prashad,OQQZI7102X,35,M,3,12000,Salaried,10,2,1647,Education Loan,3178029,84,Rent,156449,Adoni,Jharkhand
CUST-2026-00104,Harsh Mitra,DYDIL2444W,38,M,2,24977,Salaried,16,0,0,Marriage Loan,1112444,12,Own,200026,Aurangabad,Madhya Pradesh
CUST-2026-00105,Idika Walia,OYGKE6406G,36,M,1,67571,Business,3,1,12142,Business Loan,4592180,24,Rent,457068,Buxar,West Bengal
CUST-2026-00106,Advik Salvi,RMZIK3134F,36,F,2,60449,Self-Employed,2,1,23636,Home Loan,6969119,180,Rent,385098,Coimbatore,Maharashtra
CUST-2026-00107,Janaki Sharaf,POKMN9911J,48,F,4,61712,Salaried,7,0,0,Home Loan,13133934,180,Rent,548556,Aligarh,Uttarakhand
CUST-2026-00108,Anamika Yohannan,KVMCA7225F,29,F,3,128838,Homemaker,7,0,0,Education Loan,4910891,180,Own,625612,Raebareli,Tamil Nadu
CUST-2026-00109,Amrita Naidu,THZLJ8497H,47,F,2,18010,Salaried,23,0,0,Home Loan,8632912,120,Rent,795425,Kirari Suleman Nagar,Tripura
CUST-2026-00110,Shravya Kohli,ISHGW9609Z,31,F,3,55913,Self-Employed,3,2,7536,Personal Loan,1166273,36,Rent,286557,Chandigarh,West Bengal
CUST-2026-00111,Gayathri Balakrishnan,QQJBU7476L,35,M,5,73484,Business,3,0,0,Car Loan,1338319,84,Rent,715475,Jehanabad,Tripura
CUST-2026-00112,Simon Pant,VIPOM3600Z,36,F,1,125324,Salaried,11,2,47556,Car Loan,2102053,48,Rent,448549,South Dumdum,Meghalaya
CUST-2026-00113,Anya Anne,CJCRQ0677N,49,M,1,95675,Salaried,13,0,0,Personal Loan,326641,36,Own,397331,Mau,Uttar Pradesh
CUST-2026-00114,Niharika Suresh,SMFCU1323Y,42,M,0,42954,Salaried,21,0,0,Home Loan,7264217,120,Family,552829,Guwahati,Mizoram
CUST-2026-00115,Sara Badal,WCCTP3931I,51,M,0,53908,Salaried,11,1,15680,Personal Loan,1979157,48,Rent,573874,Fatehpur,Nagaland
CUST-2026-00116,Yagnesh Mohan,QUUGK2608A,42,M,2,60237,Self-Employed,0,2,15907,Home Loan,11682543,180,Rent,419899,Korba,Assam
CUST-2026-00117,Pavani Narayanan,GBBUN6547C,60,F,1,121039,Salaried,21,0,0,Car Loan,606149,36,Rent,124464,Bhalswa Jahangir Pur,Sikkim
CUST-2026-00118,Zayan Kashyap,SWBCL4637X,42,M,1,27802,Salaried,4,1,9181,Personal Loan,1650597,12,Own,568738,Gopalpur,Kerala
CUST-2026-00119,Qasim Handa,UAUHB7504L,30,M,3,59241,Homemaker,8,1,14419,Home Loan,3629542,240,Rent,233792,Satna,Bihar
CUST-2026-00120,Harish Hari,GMJDY8597N,26,M,2,31958,Salaried,5,0,0,Personal Loan,55386,12,Family,122885,Bally,Gujarat
CUST-2026-00121,Chasmum Atwal,ZYBMH8350G,31,M,2,63767,Salaried,5,0,0,Personal Loan,160461,24,Own,650829,Karimnagar,Jharkhand
CUST-2026-00122,Chatura Master,AOQSA3737J,32,F,3,27191,Homemaker,3,1,7196,Education Loan,2256273,84,Own,539955,Panipat,Tamil Nadu
CUST-2026-00123,Advik Mane,PNQKP0612K,28,M,2,24432,Salaried,3,2,6700,Car Loan,1862344,84,Family,199027,Pallavaram,Tamil Nadu
CUST-2026-00124,Qarin Behl,MKNZF3211V,54,F,3,67133,Salaried,2,2,11173,Education Loan,1114130,84,Own,581405,Gandhidham,Meghalaya
CUST-2026-00125,Nandini Swamy,AKLTG4810Y,33,M,1,73333,Self-Employed,5,0,0,Home Loan,6513715,240,Rent,292314,Raipur,Himachal Pradesh
CUST-2026-00126,Daksha Chada,XLDXV3041S,59,M,1,30316,Professional,2,1,7271,Business Loan,1758076,12,Family,317357,Saharanpur,Assam
CUST-2026-00127,Upkaar Virk,GHKOB2118Q,36,F,2,34695,Salaried,5,0,0,Car Loan,923405,36,Rent,756948,Proddatur,Haryana
CUST-2026-00128,Pushti Mody,IFXUB9579F,31,M,5,75225,Salaried,7,0,0,Personal Loan,724453,48,Own,137330,Mango,Madhya Pradesh
CUST-2026-00129,Sarthak Kakar,SJODY8895F,27,M,1,77150,Business,6,0,0,Home Loan,6835227,240,Family,139577,Phagwara,Odisha
CUST-2026-00130,Oscar Borde,WBDSD1530W,37,M,0,50239,Salaried,10,2,8323,Education Loan,3058494,84,Family,995297,Sangli-Miraj & Kupwad,Himachal Pradesh
CUST-2026-00131,Upma Manne,UFPEH6179S,55,F,2,33198,Homemaker,23,2,11301,Personal Loan,415329,60,Rent,753521,Alappuzha,Goa
CUST-2026-00132,Sudiksha Bobal,EXCSQ8422C,35,M,1,14160,Self-Employed,10,1,5480,Home Loan,14004786,120,Own,445040,Tumkur,Arunachal Pradesh
CUST-2026-00133,Pavani Contractor,UPTFL7002D,34,M,3,16883,Salaried,2,2,5727,Business Loan,6392681,60,Own,612781,Bilaspur,Sikkim
CUST-2026-00134,Lucky Bora,SSGHG0581L,26,M,3,34957,Self-Employed,3,0,0,Home Loan,4948564,180,Own,691029,Jalgaon,Nagaland
CUST-2026-00135,Reva Dash,UMXGQ3331B,22,M,1,72162,Salaried,0,0,0,Personal Loan,221832,48,Rent,433332,Aizawl,Arunachal Pradesh
CUST-2026-00136,Xiti Zacharia,POVVK5848P,32,F,1,112300,Salaried,11,1,16846,Personal Loan,1744876,60,Own,903203,Sambhal,Manipur
CUST-2026-00137,Rachana Naidu,ZVDLZ4968I,33,F,4,74375,Professional,12,1,27762,Home Loan,14203519,300,Own,285285,Jodhpur,Meghalaya
CUST-2026-00138,Veer Bail,DPTYY5125L,33,M,0,51591,Business,8,0,0,Business Loan,9267135,60,Own,266912,Indore,Punjab
CUST-2026-00139,Parth Singhal,RBMGJ3738W,51,F,2,42435,Salaried,8,0,0,Personal Loan,1477768,48,Own,457597,Gangtok,Tripura
CUST-2026-00140,Rajata Swamy,NJBUB7475S,43,M,1,123327,Business,8,1,18183,Home Loan,5046544,300,Rent,906387,Alwar,Mizoram
CUST-2026-00141,Gauri Nagi,LYMOI8280A,24,M,3,35977,Salaried,3,1,14007,Business Loan,1012765,24,Own,732900,Karnal,Assam
CUST-2026-00142,Nisha Tandon,RMDEU2697W,35,M,3,68030,Salaried,3,1,15620,Personal Loan,1126428,12,Family,914859,Nanded,Sikkim
CUST-2026-00143,Suhani Chakrabarti,ZVOPH6432K,42,F,3,96801,Salaried,9,1,36691,Personal Loan,1275758,12,Own,804531,Jamalpur,Jharkhand
CUST-2026-00144,Netra Varkey,MHXKT5983W,50,F,2,20428,Salaried,1,2,6957,Car Loan,1640439,48,Rent,797238,North Dumdum,Karnataka
CUST-2026-00145,Odika Bhagat,VTERI0373Z,31,F,4,67434,Business,10,2,12678,Home Loan,9398392,180,Rent,870414,Hosur,Uttarakhand
CUST-2026-00146,Charan Jani,DRNKW1939O,52,F,1,12000,Salaried,27,1,3576,Business Loan,1694801,60,Family,634789,Panchkula,Gujarat
CUST-2026-00147,Vedhika Dara,MTCPQ4930G,29,M,3,42598,Salaried,0,0,0,Home Loan,14270704,180,Rent,276132,Tumkur,Himachal Pradesh
CUST-2026-00148,Akshay Reddy,NHBBY4554V,45,M,3,85622,Salaried,0,1,16715,Home Loan,7277230,240,Own,512182,Kozhikode,Andhra Pradesh
CUST-2026-00149,Jacob Dube,PEJQA8250B,62,F,5,42310,Salaried,29,2,10840,Home Loan,5263487,180,Own,132978,Raipur,Assam
CUST-2026-00150,Ojasvi Subramanian,CNQSK8562Z,42,M,0,19335,Salaried,8,0,0,Home Loan,13163386,120,Own,803806,Danapur,Meghalaya
CUST-2026-00151,Leela Halder,ACCOM9707I,28,M,2,107459,Salaried,2,0,0,Car Loan,1171131,84,Own,112872,Sirsa,Meghalaya
CUST-2026-00152,Oeshi Oak,WXADQ3892X,42,F,5,28078,Salaried,5,2,7567,Car Loan,1611588,84,Rent,209614,Coimbatore,Punjab
CUST-2026-00153,Chanchal Suri,BYEKP8613L,27,F,1,28394,Business,6,0,0,Business Loan,3298082,12,Own,871698,Delhi,Uttar Pradesh
CUST-2026-00154,Hemani Natarajan,SCRGI6385T,41,M,2,39070,Salaried,2,0,0,Car Loan,1239460,60,Rent,831674,Amroha,West Bengal
CUST-2026-00155,Ranbir Khare,QKGLU4841P,26,M,2,41227,Salaried,3,0,0,Car Loan,1466675,36,Rent,687237,Sirsa,Nagaland
CUST-2026-00156,Caleb Nadkarni,RYJBF4564V,45,M,1,34971,Salaried,2,1,13639,Personal Loan,1916697,60,Rent,796394,Muzaffarpur,Odisha
CUST-2026-00157,Max Tandon,MVTKG1182Z,34,F,1,66180,Salaried,13,1,16185,Personal Loan,834104,12,Own,282130,Eluru,Telangana
CUST-2026-00158,Harish Sarraf,NBYVM5915X,30,F,1,12000,Business,9,0,0,Business Loan,8173695,24,Family,114549,Ambala,Arunachal Pradesh
CUST-2026-00159,Nimrat Dubey,ZLDKS7278W,48,M,2,124158,Salaried,12,0,0,Personal Loan,1502310,24,Own,469514,Kanpur,Bihar
CUST-2026-00160,Mitali Buch,IDJMO6478J,45,M,1,54730,Salaried,21,0,0,Personal Loan,422900,60,Rent,777815,Bilaspur,Assam
CUST-2026-00161,Edhitha Sura,GVRHT0818X,51,F,3,45615,Salaried,21,0,0,Home Loan,14679043,180,Family,826587,Deoghar,West Bengal
CUST-2026-00162,Wahab Mani,IOAGQ7889W,39,M,3,48849,Self-Employed,9,1,5653,Business Loan,7002088,60,Family,828431,Tadipatri,West Bengal
CUST-2026-00163,Harish Sawhney,TDBHG1804E,44,F,3,51079,Self-Employed,6,0,0,Home Loan,12953115,120,Own,292238,Raebareli,Haryana
CUST-2026-00164,Ekta Bhalla,NYNUE5438V,25,F,2,106639,Business,2,0,0,Personal Loan,800959,12,Rent,443300,Bhopal,Goa
CUST-2026-00165,Madhav Konda,XGBXJ7127A,33,F,1,41405,Self-Employed,10,0,0,Personal Loan,984631,24,Family,753513,Dindigul,Jharkhand
CUST-2026-00166,Onkar Gill,NABRU8415W,53,F,2,45271,Salaried,20,0,0,Personal Loan,251235,24,Family,920884,Buxar,Mizoram
CUST-2026-00167,Widisha Dhar,XKLKI3107C,51,F,2,20560,Salaried,2,0,0,Home Loan,5726314,120,Rent,348704,Udupi,Assam
CUST-2026-00168,Aadhya Andra,DKUOY1697X,46,M,3,34161,Self-Employed,14,0,0,Education Loan,458529,180,Own,340546,Rohtak,Haryana
CUST-2026-00169,Ethan Sathe,XIKQN1281F,42,M,2,47830,Salaried,19,0,0,Personal Loan,228523,36,Own,887447,Tumkur,Uttar Pradesh
CUST-2026-00170,Tanmayi Mittal,DRCQX3463S,43,M,3,40002,Salaried,2,0,0,Home Loan,11240778,300,Family,484487,Khandwa,Kerala
CUST-2026-00171,Warjas Raj,UMCQC2881X,29,F,3,15576,Self-Employed,6,0,0,Car Loan,1690675,84,Rent,486168,Karawal Nagar,Gujarat
CUST-2026-00172,Chakrika Bains,JFUTH4535V,52,M,3,103121,Salaried,24,1,40009,Home Loan,5872416,300,Rent,265853,Ramgarh,Odisha
CUST-2026-00173,Chandran Taneja,FMBJB2934O,31,M,3,26538,Salaried,9,1,10580,Home Loan,13780997,300,Family,152384,Panipat,Uttarakhand
CUST-2026-00174,Theodore Gupta,QJQVN3953L,51,M,5,21739,Salaried,26,0,0,Personal Loan,1263478,60,Rent,504957,Berhampur,Uttarakhand
CUST-2026-00175,Balveer More,VSMMF1800S,37,F,3,40387,Salaried,8,0,0,Home Loan,7577092,120,Rent,544754,Durgapur,Punjab
CUST-2026-00176,Karan Chana,LZWEV6781V,40,M,2,21612,Salaried,12,1,6778,Personal Loan,1892366,36,Family,337115,Visakhapatnam,Uttar Pradesh
CUST-2026-00177,Sai Deo,RVPEX5857C,38,M,3,31391,Salaried,7,0,0,Home Loan,1777874,180,Rent,638860,Vijayanagaram,Jharkhand
CUST-2026-00178,Nitesh Kurian,MTJUX8542Y,37,M,4,46501,Professional,13,1,10718,Business Loan,9388846,60,Own,951273,Bettiah,Uttar Pradesh
CUST-2026-00179,Ishwar Sidhu,KCLPG5569M,31,M,1,95330,Salaried,0,1,13394,Personal Loan,836494,24,Rent,441247,Sagar,Uttarakhand
CUST-2026-00180,Jasmit Chana,DFUYC5786V,46,F,2,48250,Salaried,15,0,0,Car Loan,1744335,84,Rent,801309,Kamarhati,Assam
CUST-2026-00181,Jatin Sha,AJZPN7598U,44,M,2,102137,Business,15,2,24479,Home Loan,5913951,180,Own,748614,Kanpur,Uttar Pradesh
CUST-2026-00182,Kamya Chokshi,JRZCH3642A,37,M,1,115933,Salaried,1,1,45052,Personal Loan,535849,60,Own,147813,Bhimavaram,Kerala
CUST-2026-00183,Falak Kant,LKAEN5531Q,45,M,4,55130,Salaried,18,0,0,Marriage Loan,679878,24,Rent,313975,Chittoor,Sikkim
CUST-2026-00184,Nilima Dada,QZRFI9508H,57,F,2,168845,Homemaker,14,1,55342,Business Loan,8586117,12,Own,511262,Madhyamgram,Rajasthan
CUST-2026-00185,Waida D’Alia,TWFFG6119V,32,F,2,119335,Salaried,9,0,0,Business Loan,3690481,60,Rent,356270,Agra,Chhattisgarh
CUST-2026-00186,Lipika Setty,XHFOB7455M,56,F,2,88614,Salaried,15,0,0,Car Loan,1452313,84,Own,911388,Siwan,Bihar
CUST-2026-00187,Oeshi Chaudhary,WEGHY3144Y,50,M,2,17219,Salaried,0,0,0,Home Loan,11247700,120,Own,752545,Dharmavaram,Kerala
CUST-2026-00188,Ati Bali,DYDUE4985X,34,F,1,28497,Salaried,3,2,7271,Education Loan,4858529,180,Family,315588,Tadepalligudem,Uttarakhand
CUST-2026-00189,Sai Keer,LIJOY2018T,33,F,1,52715,Salaried,11,0,0,Home Loan,5766272,300,Rent,210980,Bellary,Tamil Nadu
CUST-2026-00190,Jagrati Bhat,VIQOW0123J,30,M,4,30234,Salaried,7,2,9266,Personal Loan,1022558,24,Family,781698,Navi Mumbai,West Bengal
CUST-2026-00191,Suhani Chand,RYSCE1085A,44,F,1,27383,Salaried,18,1,10115,Car Loan,1071274,36,Own,356025,Jhansi,Madhya Pradesh
CUST-2026-00192,Chandresh Nath,NEAJX8489R,46,M,1,51786,Professional,12,0,0,Home Loan,6267670,300,Rent,247655,Kavali,Sikkim
CUST-2026-00193,Ekapad Johal,ULJGH0883P,36,M,2,36031,Business,13,1,14081,Personal Loan,1956150,36,Rent,348162,Buxar,Haryana
CUST-2026-00194,Manbir Agate,KETKJ2427T,39,F,4,43140,Salaried,9,1,4432,Personal Loan,445462,48,Family,568340,Muzaffarpur,Odisha
CUST-2026-00195,Owen Choudhary,SMIDZ0921O,48,F,1,203988,Salaried,27,0,0,Home Loan,3351472,300,Rent,395354,Bikaner,Himachal Pradesh
CUST-2026-00196,Ishita Khanna,BUBME8881Y,45,M,0,28367,Salaried,11,0,0,Education Loan,2970326,60,Rent,263185,Mira-Bhayandar,Sikkim
CUST-2026-00197,Alka Ben,YESTO1423B,44,F,3,34164,Salaried,14,1,4955,Personal Loan,487145,48,Own,437271,Pune,Odisha
CUST-2026-00198,Devansh Soni,PRREU2463Y,50,M,4,25327,Salaried,25,0,0,Home Loan,14739635,180,Own,154034,Hajipur,Chhattisgarh
CUST-2026-00199,Siya Thakur,TAJSG0755P,41,M,2,18099,Salaried,15,0,0,Marriage Loan,1451920,36,Rent,570031,Anand,Manipur
CUST-2026-00200,Tara Balasubramanian,OLUNT8636K,30,M,2,29783,Business,9,2,5605,Home Loan,4100895,300,Own,386142,Saharsa,Haryana
CUST-2026-00201,Hritik Swaminathan,BYEAC1063P,44,F,1,113462,Salaried,9,0,0,Personal Loan,281660,12,Rent,179919,Rewa,Arunachal Pradesh
CUST-2026-00202,Ekanta Divan,JTXVU0657J,38,F,0,13512,Salaried,6,1,5153,Business Loan,1841452,60,Rent,173649,Srinagar,Tamil Nadu
CUST-2026-00203,Lakshmi Wali,QJLRW1143F,27,M,4,46486,Salaried,1,1,7579,Personal Loan,1220507,48,Rent,913507,Panipat,Assam
CUST-2026-00204,Hardik Contractor,OJOTJ4900J,38,F,4,129866,Retired,11,0,0,Personal Loan,1782572,36,Rent,700501,Dibrugarh,Jharkhand
CUST-2026-00205,Vedant Sachdev,JDJPG8039X,40,M,5,31567,Salaried,10,0,0,Education Loan,2514896,84,Own,592733,Chinsurah,West Bengal
CUST-2026-00206,Girish Munshi,XIWLY1778A,27,F,3,75907,Professional,4,1,8814,Personal Loan,1258554,48,Own,168640,Silchar,Karnataka
CUST-2026-00207,Michael Som,PNFHK1050M,41,F,0,46305,Salaried,10,1,8247,Home Loan,12801723,300,Family,899411,Rohtak,Maharashtra
CUST-2026-00208,Rachana Char,UIYCR4335A,32,F,2,64739,Salaried,8,0,0,Car Loan,1122500,48,Own,389191,Guwahati,Assam
CUST-2026-00209,Forum Das,YYWVA6140G,46,M,5,40894,Salaried,7,0,0,Car Loan,659931,36,Rent,364855,Bikaner,Telangana
CUST-2026-00210,Bhavna Muni,NGBFS2490V,45,M,1,46059,Salaried,23,3,15993,Personal Loan,88563,48,Rent,805760,Bhusawal,Maharashtra
CUST-2026-00211,Mohammed Subramaniam,OSBXH4706L,32,F,3,56014,Salaried,11,0,0,Car Loan,669185,48,Own,590234,Gangtok,Kerala
CUST-2026-00212,Ishwar Mallick,XRCJY6622E,41,M,5,98093,Salaried,8,2,38985,Marriage Loan,161794,36,Own,468389,Etawah,Haryana
CUST-2026-00213,Amara Balakrishnan,DYXIO9138X,36,F,4,28343,Salaried,4,1,6148,Business Loan,5684132,24,Own,917456,Haldia,Odisha
CUST-2026-00214,Indali Ahuja,QPPPG0071T,24,F,3,37222,Salaried,2,0,0,Home Loan,3706973,180,Own,751710,Tirupati,Goa
CUST-2026-00215,Ekaraj Dhar,TZTBY9843O,37,F,1,34308,Salaried,7,0,0,Education Loan,325948,120,Family,343366,Buxar,Goa
CUST-2026-00216,Krisha Saini,LWWGN9037B,52,F,2,35987,Self-Employed,23,1,12382,Personal Loan,1886650,12,Rent,583547,Mysore,Telangana
CUST-2026-00217,Devika Nair,LSCUY6144F,30,F,2,12000,Salaried,6,0,0,Business Loan,9173311,24,Rent,787487,Sangli-Miraj & Kupwad,Manipur
CUST-2026-00218,Nakul Bawa,NJUNY3379S,36,M,3,21416,Self-Employed,5,1,3153,Home Loan,13348518,300,Rent,199451,Faridabad,Tripura
CUST-2026-00219,Panini Sunder,QGLWO0825P,51,M,1,20359,Self-Employed,30,0,0,Personal Loan,296528,24,Family,113705,Darbhanga,Sikkim
CUST-2026-00220,Tanveer Vala,RVHXB4166W,36,F,0,52008,Salaried,6,0,0,Home Loan,12460167,240,Own,144008,Vijayanagaram,Punjab
CUST-2026-00221,Bhanumati Sur,HDSHN5661X,44,M,4,70825,Salaried,9,0,0,Business Loan,1635258,60,Rent,178080,Chinsurah,Bihar
CUST-2026-00222,Megha Bhakta,MVWGH1147X,59,M,2,53703,Salaried,19,0,0,Home Loan,10939437,300,Rent,772551,Ranchi,Mizoram
CUST-2026-00223,Laksh Kumer,IARIS6013K,50,F,2,28168,Self-Employed,0,1,7430,Home Loan,2638100,240,Own,686711,Barasat,Andhra Pradesh
CUST-2026-00224,Widisha Sani,YBNOR5053Z,54,F,4,121465,Salaried,20,0,0,Business Loan,6122207,60,Rent,544062,Jamshedpur,Jharkhand
CUST-2026-00225,Xiti Pandya,SHCWJ8351L,34,M,1,116309,Salaried,6,0,0,Home Loan,14625553,240,Rent,439777,Nadiad,Goa
CUST-2026-00226,Anirudh Sharaf,UCZNZ2038D,47,M,4,41388,Salaried,16,0,0,Car Loan,2327828,60,Rent,260256,Kalyan-Dombivli,Assam
CUST-2026-00227,Nidhi Sahni,QFFHN7621D,22,M,2,50212,Salaried,0,0,0,Education Loan,2821278,60,Rent,437306,Ramgarh,Assam
CUST-2026-00228,Ekta Garg,OBAXB3037S,23,M,1,34072,Salaried,2,2,12812,Home Loan,2695257,240,Rent,465194,Machilipatnam,Jharkhand
CUST-2026-00229,Rajeshri Cherian,XMLRS4228T,41,F,2,12916,Self-Employed,17,0,0,Business Loan,8313071,24,Own,951326,Mirzapur,Uttar Pradesh
CUST-2026-00230,Farhan Randhawa,VHJON4715C,32,F,2,90757,Self-Employed,5,0,0,Home Loan,9474787,120,Own,593647,Giridih,Haryana
CUST-2026-00231,Gauri Ganguly,OGRCY5454R,47,F,2,33719,Salaried,15,0,0,Car Loan,2108367,84,Rent,468824,Sonipat,West Bengal
CUST-2026-00232,Ikshita Panchal,DNKPF6359J,27,F,1,74954,Salaried,5,0,0,Home Loan,3830636,120,Rent,802985,Bettiah,Assam
CUST-2026-00233,Madhav Kunda,VJWWG7333M,54,F,3,57279,Salaried,27,0,0,Home Loan,7694532,120,Own,697235,Noida,Telangana
CUST-2026-00234,Faqid Goel,QDXRZ1188Z,36,M,2,42737,Salaried,11,2,6800,Home Loan,12741843,180,Own,185232,Madanapalle,Gujarat
CUST-2026-00235,Ekantika Mutti,TSHYO0043S,43,F,2,40331,Business,12,0,0,Home Loan,11643056,120,Rent,997939,Madhyamgram,Tripura
CUST-2026-00236,Riya Mitter,UIBIU4547N,37,M,1,42375,Business,2,0,0,Personal Loan,1441957,12,Rent,675390,Jabalpur,Chhattisgarh
CUST-2026-00237,Indira Tripathi,AMDBU2622X,34,F,1,132860,Salaried,0,1,51175,Home Loan,2366037,240,Rent,764644,Gudivada,Uttar Pradesh
CUST-2026-00238,Baljiwan Bhandari,ICDYE4972O,28,M,4,102943,Salaried,2,0,0,Personal Loan,1066947,24,Rent,144698,Surendranagar Dudhrej,Assam
CUST-2026-00239,Yashica Rajagopalan,YXGRK2542Z,45,M,1,68167,Self-Employed,24,2,8537,Home Loan,8189827,300,Own,892396,Solapur,Kerala
CUST-2026-00240,Ekanta Soni,UGPLR2675V,36,F,4,55770,Professional,11,3,19725,Personal Loan,1417481,36,Own,390062,Hospet,Manipur
CUST-2026-00241,Harshil Oza,QBPXF5190T,43,M,1,18375,Salaried,21,0,0,Home Loan,6252935,240,Own,134852,Ghaziabad,Mizoram
CUST-2026-00242,Balveer Kota,HBKZG8109G,28,M,3,60759,Salaried,1,1,15131,Education Loan,2912910,120,Own,187592,Dibrugarh,Tamil Nadu
CUST-2026-00243,Januja Pradhan,SUAMQ0031K,41,M,2,15936,Salaried,19,1,5210,Personal Loan,266608,12,Own,709099,Bahraich,Tamil Nadu
CUST-2026-00244,Charles Natt,UDNZI3096L,53,M,2,125143,Salaried,27,1,17108,Personal Loan,56936,48,Family,967711,Alappuzha,Jharkhand
CUST-2026-00245,Bhanumati Krishnan,RMXLE0092M,39,F,0,36041,Self-Employed,5,1,9898,Personal Loan,676776,48,Family,771250,Bareilly,Assam
CUST-2026-00246,Lohit Palla,DPYAD6490W,26,F,2,33142,Self-Employed,3,0,0,Education Loan,4588245,180,Family,672626,Thoothukudi,Telangana
CUST-2026-00247,Dayita Puri,QBFIV7416R,42,M,1,20328,Self-Employed,14,1,6873,Home Loan,3283941,120,Rent,947996,Bikaner,Jharkhand
CUST-2026-00248,Pallavi Trivedi,BCWPU0401C,29,M,3,52481,Salaried,2,1,8001,Personal Loan,1210580,24,Own,720257,Warangal,Rajasthan
CUST-2026-00249,Pranit Kala,PAEMY6730H,44,F,2,224837,Self-Employed,6,0,0,Home Loan,9056779,300,Own,293028,Mirzapur,Kerala
CUST-2026-00250,Laksh Dubey,MEXBJ2268O,30,M,2,45111,Self-Employed,3,0,0,Home Loan,14864947,180,Rent,607458,Nellore,Karnataka
CUST-2026-00251,Gayathri Deep,FGKFX0504G,25,M,4,43464,Business,3,1,9686,Car Loan,1666021,48,Rent,451975,Salem,Assam
CUST-2026-00252,Pratyush Gandhi,WLEIX6766F,54,F,1,33517,Salaried,11,3,6664,Car Loan,434614,36,Own,226507,Jamnagar,Punjab
CUST-2026-00253,Janya Khanna,GLFYY9840P,40,M,0,102667,Retired,18,0,0,Car Loan,360833,84,Rent,368636,Varanasi,Telangana
CUST-2026-00254,William More,YDHQC4378X,45,M,2,22766,Self-Employed,3,0,0,Home Loan,10869856,120,Rent,536370,Sultan Pur Majra,Manipur
CUST-2026-00255,Ridhi Shenoy,IALHY5770K,40,F,2,12000,Salaried,11,1,4083,Personal Loan,1854353,12,Own,834305,Jammu,Uttar Pradesh
CUST-2026-00256,Neel Iyengar,SOUDI5677W,45,M,2,96195,Salaried,12,0,0,Personal Loan,816658,36,Own,695935,Eluru,Tripura
CUST-2026-00257,Vasana Prabhu,RNHQU9890O,31,M,1,116145,Salaried,0,0,0,Car Loan,2339383,36,Rent,667743,Chandrapur,Uttar Pradesh
CUST-2026-00258,Bhavani Chacko,ODJLQ2082Q,27,F,3,23204,Self-Employed,3,0,0,Home Loan,12023948,120,Own,825552,Hazaribagh,Nagaland
CUST-2026-00259,Yochana Din,HUFJH8129T,42,F,2,106663,Salaried,21,1,38253,Personal Loan,1010510,36,Rent,937692,Darbhanga,Tripura
CUST-2026-00260,Shravya Palla,GEOAI3351J,54,F,1,12000,Professional,25,0,0,Home Loan,2190406,240,Rent,572306,Mysore,Uttarakhand
CUST-2026-00261,Yadavi Prakash,MHYZO1594W,28,M,2,44319,Salaried,5,0,0,Marriage Loan,1245350,36,Rent,419914,Meerut,Andhra Pradesh
CUST-2026-00262,Udarsh Bala,FNUTF0869Q,28,F,4,16910,Salaried,6,1,3496,Car Loan,687893,60,Own,782466,Jodhpur,Haryana
CUST-2026-00263,Laksh Barad,HJZWC7498J,35,F,1,412296,Professional,5,0,0,Personal Loan,946827,36,Own,122783,Thanjavur,Karnataka
CUST-2026-00264,Saumya Ahluwalia,TCKXK5771F,29,F,3,23707,Salaried,2,0,0,Car Loan,1706839,36,Family,729372,Kolhapur,Jharkhand
CUST-2026-00265,Mason Wable,VMQXK4621I,49,F,2,79001,Salaried,14,0,0,Education Loan,1492046,120,Own,781671,Bardhaman,Assam
CUST-2026-00266,Charvi Dara,AGPDL6303U,37,M,2,32223,Salaried,8,1,11021,Marriage Loan,350785,36,Rent,713208,Tumkur,Maharashtra
CUST-2026-00267,Dev Choudhry,VUHSJ5311J,53,F,0,22182,Salaried,6,1,3719,Education Loan,1602037,120,Family,976986,Gurgaon,Arunachal Pradesh
CUST-2026-00268,Yutika Khurana,TCLBV9433O,34,F,2,22421,Business,12,2,7267,Personal Loan,1152373,60,Rent,846379,Kavali,Uttarakhand
CUST-2026-00269,Aarav Pandit,LTCAM4106S,52,F,1,17714,Salaried,4,2,2937,Personal Loan,694723,24,Own,192424,Jalna,Tamil Nadu
CUST-2026-00270,Jalsa Bir,CVYYJ1572S,26,M,4,20224,Salaried,0,1,6951,Home Loan,4855853,180,Rent,140681,Gaya,Haryana
CUST-2026-00271,Caleb Ram,ERCVZ4547K,26,M,2,12000,Salaried,5,0,0,Home Loan,9958992,300,Own,728011,Pali,Mizoram
CUST-2026-00272,Ekansh Pai,IZLOH8108P,28,M,2,44008,Salaried,0,0,0,Car Loan,1913888,60,Rent,881935,Pune,Kerala
CUST-2026-00273,Kiaan Basu,IPZDV7275I,55,F,1,19077,Self-Employed,2,0,0,Car Loan,726653,48,Own,318758,Amaravati,Haryana
CUST-2026-00274,Varenya Gopal,VMAEP3367V,46,F,2,20404,Salaried,15,0,0,Personal Loan,332294,12,Own,165420,Akola,Kerala
CUST-2026-00275,Balhaar Memon,JIJLA5837P,46,F,3,15378,Salaried,8,1,5965,Personal Loan,1652150,12,Family,234922,Rajkot,Uttar Pradesh
CUST-2026-00276,Diya Mukherjee,PJRTH0513Z,36,F,3,43611,Self-Employed,15,0,0,Business Loan,9000764,12,Own,628722,Kollam,Gujarat
CUST-2026-00277,Zehaan Bansal,PXBHI0348S,45,M,3,56535,Salaried,11,0,0,Home Loan,5597480,180,Own,437261,Tinsukia,Mizoram
CUST-2026-00278,Champak Narula,FMVRE2926Z,38,F,1,78523,Retired,12,1,18417,Personal Loan,1745183,48,Own,817906,Baranagar,Tripura
CUST-2026-00279,Mugdha Sarraf,NLJBV5263N,27,M,1,38101,Self-Employed,0,1,13283,Home Loan,7151204,240,Own,950105,Arrah,Himachal Pradesh
CUST-2026-00280,Widisha Pillai,VWXYS0242X,35,F,2,71650,Self-Employed,8,2,26067,Car Loan,2259978,60,Family,668597,Gaya,Madhya Pradesh
CUST-2026-00281,Farhan Sani,GGDAU3494B,43,F,3,20521,Professional,20,0,0,Car Loan,1503952,48,Own,740438,Gwalior,Uttar Pradesh
CUST-2026-00282,Ekani Chauhan,IHBYX6838E,30,F,1,12000,Self-Employed,2,1,1372,Marriage Loan,1118884,12,Own,198007,Bongaigaon,Punjab
CUST-2026-00283,Sanaya Sandhu,GKDEZ4254L,31,M,2,88668,Business,3,1,34201,Education Loan,2962250,180,Rent,890098,Sagar,Assam
CUST-2026-00284,Brijesh Pandit,ATUBX6236W,44,M,1,33239,Homemaker,4,0,0,Personal Loan,1772528,36,Own,745243,Etawah,Goa
CUST-2026-00285,Falan Ravi,XQWTK0889P,34,M,2,25141,Salaried,6,2,10033,Home Loan,3014149,180,Own,278011,Panipat,Punjab
CUST-2026-00286,Raksha Banerjee,TQELQ0235D,45,F,3,161459,Salaried,11,0,0,Personal Loan,1198668,36,Rent,138680,Ludhiana,Kerala
CUST-2026-00287,Janaki Rajagopal,CJKJV5005T,29,M,3,130060,Salaried,7,2,21755,Home Loan,13033780,240,Rent,318315,Noida,Chhattisgarh
CUST-2026-00288,Shivani Prabhakar,DSLXL6171Z,41,M,4,13188,Salaried,12,1,3777,Home Loan,2994200,240,Own,704798,Mahbubnagar,Odisha
CUST-2026-00289,Jeevika Rao,GLGPQ0489M,32,F,2,39975,Salaried,4,1,7099,Car Loan,2013474,48,Own,384517,Solapur,Kerala
CUST-2026-00290,Atharv Grewal,ZPTBG6333R,43,F,3,64939,Salaried,1,0,0,Business Loan,8400934,36,Family,813376,Kulti,Karnataka
CUST-2026-00291,Adweta Lad,BDWVT9286Y,25,M,1,47314,Business,1,0,0,Personal Loan,957919,24,Own,438487,Kishanganj,Meghalaya
CUST-2026-00292,Vritti Iyengar,FAGSL9903W,54,F,2,12000,Salaried,30,0,0,Business Loan,7881800,12,Own,167218,Kakinada,Tamil Nadu
CUST-2026-00293,Orinder Saxena,EXGMC3291L,39,F,2,76085,Salaried,16,2,26064,Business Loan,4063416,12,Rent,708515,Srinagar,Bihar
CUST-2026-00294,Bina Mital,ZXUDW8277R,40,M,3,142406,Salaried,8,1,14620,Car Loan,483907,84,Own,877081,Sri Ganganagar,Assam
CUST-2026-00295,Yashoda Kapur,QYEHU7996L,56,F,0,30124,Self-Employed,12,0,0,Business Loan,3233691,60,Rent,408777,Akola,West Bengal
CUST-2026-00296,Wakeeta Bal,CNZRQ7956C,42,F,2,39785,Salaried,18,1,5456,Education Loan,3288987,84,Own,556712,Kolhapur,Bihar
CUST-2026-00297,Gabriel Bhatti,XNNKM7835Y,32,F,0,74428,Retired,10,2,15589,Personal Loan,669669,60,Own,190251,Bhind,Kerala
CUST-2026-00298,Nimrat Borah,TLVIX8209I,38,M,3,36008,Business,1,0,0,Business Loan,5493696,36,Rent,587101,Nangloi Jat,Jharkhand
CUST-2026-00299,Unnati Varughese,QZJRR3310D,51,M,2,17038,Salaried,20,0,0,Personal Loan,1871964,60,Rent,427509,Srinagar,Chhattisgarh
CUST-2026-00300,Kai Sant,AEDSZ4852S,48,M,3,16420,Self-Employed,13,2,6054,Home Loan,6548564,300,Own,552373,Suryapet,Kerala
CUST-2026-00301,Daksha Gala,NKIBX4449L,49,F,0,218004,Salaried,17,3,24225,Car Loan,2338855,84,Own,173654,Amravati,Mizoram
CUST-2026-00302,Zilmil Mander,SKKYQ3491G,36,F,0,32365,Salaried,7,1,12864,Business Loan,6190043,60,Own,417646,Kamarhati,Goa
CUST-2026-00303,Anvi Dass,WJEVX0046D,32,M,2,25427,Self-Employed,1,1,6586,Car Loan,1178425,36,Family,486216,Chandrapur,West Bengal
CUST-2026-00304,Yadavi Ganguly,UZTZU6815Q,39,F,1,32945,Salaried,17,0,0,Home Loan,13078553,120,Rent,569095,Srikakulam,Rajasthan
CUST-2026-00305,Benjamin Balakrishnan,ZTAVM2127N,28,M,3,28367,Salaried,1,0,0,Car Loan,877859,36,Rent,570439,Tirunelveli,Odisha
CUST-2026-00306,Shivansh Saha,DAUYC3910Y,34,M,1,75089,Salaried,12,0,0,Business Loan,8196599,36,Family,574078,Gangtok,Assam
CUST-2026-00307,Chasmum Subramanian,XAHNX7425Z,25,M,4,94317,Salaried,2,0,0,Business Loan,9788041,36,Rent,438934,Mehsana,Punjab
CUST-2026-00308,Elijah Bhasin,HCONT1075H,41,F,2,38450,Salaried,1,1,10234,Personal Loan,1602001,24,Rent,677060,Bihar Sharif,Haryana
CUST-2026-00309,Ucchal Jani,AIGTP7968H,49,F,3,19095,Self-Employed,11,0,0,Education Loan,1246477,180,Own,882653,Vijayanagaram,Goa
CUST-2026-00310,Hemani Rastogi,LDLKC4120V,34,F,2,107540,Salaried,6,1,18868,Home Loan,10164623,180,Rent,488817,Satara,Karnataka
CUST-2026-00311,Eiravati Khurana,DSWDF4793D,38,F,3,58599,Retired,15,1,19520,Education Loan,1410863,84,Rent,589947,Kottayam,Chhattisgarh
CUST-2026-00312,Yug Dhaliwal,DUKYH2170R,40,F,1,35580,Salaried,3,0,0,Marriage Loan,735982,36,Rent,939638,Shimoga,Manipur
CUST-2026-00313,Omya Kothari,TRDSC6639K,34,M,2,54287,Professional,12,0,0,Education Loan,1314087,84,Rent,593327,Ramagundam,Bihar
CUST-2026-00314,Ranveer Dutta,OTYNT5065A,39,F,3,163932,Self-Employed,18,1,62753,Car Loan,819177,36,Own,758759,Khammam,West Bengal
CUST-2026-00315,Widisha Bajaj,ANJCZ5217E,32,M,1,31355,Self-Employed,6,1,11187,Business Loan,890292,36,Own,545093,Panchkula,Meghalaya
CUST-2026-00316,Wridesh Kale,XBGPG5592K,33,F,2,12000,Salaried,1,0,0,Car Loan,1659867,60,Own,977950,Dibrugarh,Assam
CUST-2026-00317,Baghyawati Talwar,JZUNL9404T,37,F,0,51891,Salaried,4,0,0,Car Loan,651937,48,Rent,259283,Nashik,Odisha
CUST-2026-00318,Hritik Sankar,NBCSV7982Q,32,M,0,121218,Salaried,10,0,0,Car Loan,1192355,60,Own,885090,Baranagar,Punjab
CUST-2026-00319,Jasmit Bath,PAAEO6430U,57,F,3,19789,Salaried,6,0,0,Personal Loan,83291,24,Rent,112147,Ambarnath,Chhattisgarh
CUST-2026-00320,Janani Mani,LFAHX3063W,42,M,3,87910,Salaried,12,2,20520,Car Loan,335363,36,Rent,312366,Jehanabad,Madhya Pradesh
CUST-2026-00321,Ati Dani,OMORO6501C,31,F,4,14812,Self-Employed,9,0,0,Home Loan,12211180,300,Own,400820,Dibrugarh,Assam
CUST-2026-00322,Harinakshi Pau,YQYBY4926O,28,M,3,64782,Business,0,3,23941,Personal Loan,1477490,60,Family,112050,Singrauli,Chhattisgarh
CUST-2026-00323,Xiti Baria,ATZLB2136D,37,M,3,28054,Salaried,14,0,0,Car Loan,1703857,36,Family,956907,Davanagere,Tripura
CUST-2026-00324,Urvi Venkataraman,UYUQT6500B,24,F,3,59715,Salaried,2,0,0,Car Loan,1729427,36,Rent,654919,Durgapur,Arunachal Pradesh
CUST-2026-00325,Falak Nagar,UQLML6166A,34,M,3,40492,Salaried,0,0,0,Car Loan,701941,84,Own,738701,Medininagar,Manipur
CUST-2026-00326,Gayathri Tripathi,UBILY7387E,36,F,2,83214,Business,4,1,16718,Car Loan,2319135,84,Own,254361,Tadepalligudem,Goa
CUST-2026-00327,Vaishnavi Badal,IZQFB1464W,37,F,1,143038,Self-Employed,4,0,0,Personal Loan,1801488,60,Family,552564,Phusro,Uttarakhand
CUST-2026-00328,Darika Bala,QGTYI7219L,33,F,2,39476,Salaried,12,2,12072,Home Loan,1562026,180,Rent,599200,Bhubaneswar,Kerala
CUST-2026-00329,Charan Srinivasan,FGEWG1121V,23,F,0,23123,Salaried,2,2,5260,Home Loan,1998041,180,Own,292606,Bilaspur,Punjab
CUST-2026-00330,Azad Choudhary,DWDEN6346B,29,M,1,23391,Salaried,5,1,6655,Marriage Loan,1406953,48,Family,178554,Siliguri,Goa
CUST-2026-00331,Omya Doshi,MRBNT6544K,46,M,3,33180,Salaried,20,1,5389,Business Loan,8703901,24,Rent,932782,Gandhidham,Gujarat
CUST-2026-00332,David Devi,FLJEV2072Q,44,F,3,43978,Salaried,18,1,7791,Home Loan,4905783,300,Family,525132,Bulandshahr,Maharashtra
CUST-2026-00333,Vanya Vora,GQJCV5679D,34,M,2,57151,Salaried,6,0,0,Car Loan,1445126,84,Own,573144,Kishanganj,Mizoram
CUST-2026-00334,Hema Pandya,SOGUH3998Y,28,F,0,28339,Salaried,4,1,7329,Home Loan,11634009,180,Family,898932,Malegaon,Madhya Pradesh
CUST-2026-00335,Rehaan Koshy,VICVL9448A,42,F,2,78290,Self-Employed,6,0,0,Personal Loan,1698308,60,Rent,867608,Phagwara,Sikkim
CUST-2026-00336,Bhavya Johal,OADZZ5795M,34,M,1,78504,Self-Employed,5,0,0,Car Loan,1991851,60,Own,134369,Kamarhati,Himachal Pradesh
CUST-2026-00337,Ikshita Mahal,OARME0922V,59,M,4,18884,Salaried,10,1,5586,Personal Loan,688887,12,Own,817669,Ratlam,Tamil Nadu
CUST-2026-00338,Megha Pai,KXFWI8615J,38,F,0,45563,Business,13,0,0,Marriage Loan,370821,48,Rent,182104,Chapra,Jharkhand
CUST-2026-00339,Bhavna Brar,THWLS7268F,40,F,1,18553,Business,16,0,0,Personal Loan,1079614,48,Rent,150984,Ramagundam,Tripura
CUST-2026-00340,Tanish Jaggi,HQHXS7249R,35,M,3,74355,Professional,2,1,10565,Car Loan,483142,48,Family,275604,Bardhaman,Kerala
CUST-2026-00341,Laksh Chopra,KFAGS1644C,28,F,0,30317,Salaried,0,0,0,Home Loan,13151536,300,Own,892194,Kishanganj,Uttarakhand
CUST-2026-00342,Upkaar Kaul,TERAH4178R,39,M,3,38510,Salaried,5,0,0,Home Loan,3186363,180,Own,670626,Latur,Punjab
CUST-2026-00343,Urmi Chaudhry,TYJGC4931V,31,M,3,125750,Self-Employed,1,0,0,Car Loan,519845,36,Own,505728,Haridwar,Arunachal Pradesh
CUST-2026-00344,Niharika Soni,YDFJE4334C,26,M,3,71459,Salaried,3,1,17864,Car Loan,1095019,48,Family,524255,Kolkata,Sikkim
CUST-2026-00345,Bhavika Bhargava,PZSRZ6368K,42,F,2,37470,Salaried,9,1,11932,Marriage Loan,313518,24,Own,209347,Tumkur,Meghalaya
CUST-2026-00346,Baljiwan Gill,LGCDM2362X,59,F,0,39125,Self-Employed,16,1,4129,Home Loan,11840614,120,Own,883759,Chapra,Tripura
CUST-2026-00347,Warhi Grewal,IGOXR2676M,40,F,3,33356,Self-Employed,1,1,10132,Personal Loan,654934,12,Own,878474,Vadodara,Maharashtra
CUST-2026-00348,Chanchal Chhabra,LMEFL6359G,38,M,2,23400,Self-Employed,4,2,3368,Home Loan,11442692,180,Own,191962,Agra,Telangana
CUST-2026-00349,Krish Thaman,MTLCX3551M,32,F,0,113895,Salaried,7,0,0,Personal Loan,958969,24,Rent,942107,Malda,Karnataka
CUST-2026-00350,Ganga Gaba,SMYYZ3465N,37,F,1,51212,Salaried,15,0,0,Business Loan,570138,12,Family,875848,Nellore,Manipur
CUST-2026-00351,Akshay Nazareth,SQYTG0866W,52,M,2,48912,Salaried,8,1,17204,Personal Loan,1118726,48,Rent,496066,Bardhaman,Telangana
CUST-2026-00352,Parth Ravi,SJSZC9814W,42,M,1,37508,Salaried,19,1,14606,Education Loan,303493,60,Rent,785700,Tezpur,Uttar Pradesh
CUST-2026-00353,Gabriel Rattan,TYKIZ8006Q,33,F,2,137981,Professional,1,0,0,Personal Loan,1722549,36,Rent,392090,Kottayam,Uttarakhand
CUST-2026-00354,Vansha Naik,EBETG9466U,35,F,3,23564,Self-Employed,3,0,0,Personal Loan,281186,48,Rent,332900,Udaipur,Sikkim
CUST-2026-00355,Warinder Sekhon,UJNZG4763V,29,F,0,41181,Salaried,4,1,4236,Personal Loan,1705087,12,Own,657708,Bhilwara,Haryana
CUST-2026-00356,Advay Lal,WHSVJ6644G,52,F,3,37992,Salaried,10,2,3849,Car Loan,1985306,48,Own,238865,Ozhukarai,Tripura
CUST-2026-00357,Jagat Shroff,LYYZW9721E,22,F,0,37200,Business,1,1,7546,Personal Loan,889207,60,Rent,475255,Noida,Rajasthan
CUST-2026-00358,Jacob Merchant,GFTRC4719M,51,M,1,73879,Self-Employed,17,3,22683,Home Loan,8987448,120,Rent,676932,Machilipatnam,Jharkhand
CUST-2026-00359,Vanya Dua,YBIXT7679N,46,M,3,81831,Professional,20,1,11146,Education Loan,2991738,84,Family,913563,Muzaffarnagar,Kerala
CUST-2026-00360,Tejas Kota,TIPEK4779E,48,M,1,33440,Salaried,18,2,5246,Personal Loan,317213,36,Family,714942,Vijayanagaram,Manipur
CUST-2026-00361,Janaki Brahmbhatt,VAINR2856G,38,M,1,13328,Salaried,7,0,0,Car Loan,1488635,48,Rent,950216,Hajipur,Sikkim
CUST-2026-00362,Mason Gala,ZRWZO3697M,37,F,0,68848,Self-Employed,7,1,8606,Business Loan,3503461,60,Rent,423631,Ghaziabad,Odisha
CUST-2026-00363,Vrinda Chand,DSHDF7707S,26,F,1,47281,Salaried,4,2,5614,Education Loan,2750757,180,Rent,715194,Bhiwandi,Karnataka
CUST-2026-00364,Kevin Varghese,GMRYQ3676Y,28,M,2,31900,Professional,1,3,8735,Personal Loan,361570,48,Own,234574,Pimpri-Chinchwad,Mizoram
CUST-2026-00365,Turvi Morar,OOHTU1464S,37,F,1,59324,Salaried,2,0,0,Personal Loan,1955217,60,Own,725358,Phusro,Maharashtra
CUST-2026-00366,Aarush Kamdar,EOUDD2158B,28,F,0,55986,Salaried,1,1,12396,Marriage Loan,346050,24,Family,838987,Tenali,Telangana
CUST-2026-00367,Hemangini Bhatt,DMIXZ6566B,27,M,2,30956,Salaried,5,0,0,Car Loan,2478702,60,Rent,576533,Ranchi,Odisha
CUST-2026-00368,Azad Mangat,GQELY6912U,31,M,1,76487,Salaried,8,0,0,Car Loan,838934,84,Own,377353,Coimbatore,Nagaland
CUST-2026-00369,Kavya Raja,GHNRK3097E,45,M,3,55104,Salaried,5,0,0,Home Loan,14716823,300,Own,742929,Bhavnagar,Maharashtra
CUST-2026-00370,Kiaan Pall,OHHCB3718V,51,M,1,65340,Salaried,28,0,0,Education Loan,4307218,60,Rent,844481,Gandhinagar,Manipur
CUST-2026-00371,Joshua Kapoor,RKLLJ4295W,58,F,2,45219,Salaried,12,1,8901,Home Loan,13670515,240,Rent,371213,Siwan,Bihar
CUST-2026-00372,Ubika Samra,TOMWZ4574Q,51,M,1,37671,Salaried,2,0,0,Home Loan,3070911,180,Rent,198694,Lucknow,Uttarakhand
CUST-2026-00373,Triveni Pal,YVWNP6968Q,43,M,2,212573,Self-Employed,22,0,0,Personal Loan,773644,24,Family,803292,Berhampur,Nagaland
CUST-2026-00374,Azad Saini,VWWHM2063J,53,M,0,102550,Homemaker,13,0,0,Home Loan,3399743,240,Family,371898,Maheshtala,Chhattisgarh
CUST-2026-00375,Ekalinga Chaudhuri,CNDDM1623J,54,M,4,41445,Salaried,11,2,7194,Car Loan,337177,36,Own,317141,New Delhi,Punjab
CUST-2026-00376,Yash Basu,DKIAR9991P,34,M,2,61990,Salaried,11,0,0,Car Loan,1132420,36,Own,152212,Amroha,Punjab
CUST-2026-00377,Daksh Dey,ARBVL5042C,39,M,1,45670,Business,12,0,0,Marriage Loan,144359,24,Own,634289,Muzaffarpur,Madhya Pradesh
CUST-2026-00378,Ekani Khalsa,VSNEZ5621B,46,M,2,62228,Salaried,3,2,14327,Personal Loan,950011,24,Rent,930739,Muzaffarpur,Mizoram
CUST-2026-00379,Odika Mital,MNQHH2343B,32,M,4,35215,Salaried,0,0,0,Personal Loan,1518339,24,Own,556773,Saharsa,Jharkhand
CUST-2026-00380,Prisha Tandon,CAOWI7375L,30,M,0,64407,Salaried,9,0,0,Home Loan,9742417,240,Own,226947,Proddatur,Himachal Pradesh
CUST-2026-00381,Omaja Rege,YBOIS9270G,31,F,1,12908,Salaried,9,0,0,Personal Loan,1962973,24,Own,577424,Eluru,Arunachal Pradesh
CUST-2026-00382,Urvashi Khosla,SDBOU6736Q,35,F,3,49564,Salaried,10,1,12101,Home Loan,8529723,120,Own,397466,Gandhinagar,Chhattisgarh
CUST-2026-00383,Ubika Bhardwaj,WULSN3275F,58,M,2,45499,Salaried,19,0,0,Home Loan,4184405,180,Rent,119292,Dewas,West Bengal
CUST-2026-00384,Lipika Kibe,QZIYW2182B,31,M,1,32603,Business,0,1,7339,Marriage Loan,540344,12,Own,474341,Erode,Nagaland
CUST-2026-00385,Shivani Prabhakar,PFLIF6834X,41,M,3,367369,Self-Employed,18,0,0,Personal Loan,851072,36,Family,775118,Bathinda,Himachal Pradesh
CUST-2026-00386,Krishna Baral,XVRED4464X,45,F,1,42191,Salaried,5,0,0,Car Loan,1056680,60,Own,280833,Faridabad,Assam
CUST-2026-00387,Varenya Joshi,AZYCT3724S,38,M,2,38186,Business,1,0,0,Education Loan,2445265,84,Family,738766,Maheshtala,West Bengal
CUST-2026-00388,Siddharth Gupta,NVDXA4162V,52,M,1,42894,Salaried,8,1,6305,Home Loan,2247019,120,Rent,217549,Avadi,West Bengal
CUST-2026-00389,Samarth Ranganathan,LIELX6628I,35,M,2,95154,Salaried,5,0,0,Business Loan,1922780,12,Rent,296718,Nangloi Jat,Telangana
CUST-2026-00390,Unnati Walla,SUMBP9209F,53,F,4,161537,Salaried,0,2,25894,Education Loan,1429678,120,Own,578395,Ichalkaranji,Haryana
CUST-2026-00391,Jagvi Varghese,OMNFC7578H,46,F,1,32913,Salaried,25,1,5555,Education Loan,2262826,180,Own,631250,Aizawl,Rajasthan
CUST-2026-00392,Ekaja Jani,WZXGV0197M,44,M,2,32399,Salaried,3,0,0,Car Loan,884473,60,Rent,985826,Navi Mumbai,Meghalaya
CUST-2026-00393,Timothy Dhingra,OVDET7624K,45,F,2,90865,Salaried,19,2,10075,Home Loan,3870243,120,Own,123084,Haridwar,Kerala
CUST-2026-00394,Chakrika Dua,YHCJY7403X,36,M,1,44533,Business,14,1,8680,Business Loan,8920022,36,Rent,554251,Begusarai,Andhra Pradesh
CUST-2026-00395,Yatan Tata,CJUIG1120J,59,M,3,41974,Self-Employed,26,0,0,Home Loan,7732368,300,Own,223667,Berhampur,Gujarat
CUST-2026-00396,Vritti Sharma,YAJHK1779W,30,M,2,20570,Homemaker,9,0,0,Marriage Loan,1114616,12,Own,207739,Bardhaman,Nagaland
CUST-2026-00397,Vrinda Gour,RCQYG2617Q,43,F,2,61238,Business,4,0,0,Education Loan,4200972,60,Own,268899,Gulbarga,Goa
CUST-2026-00398,Falan Bava,PYOZC0738Z,38,F,2,23753,Self-Employed,13,0,0,Personal Loan,1482089,48,Own,750038,Loni,Nagaland
CUST-2026-00399,Vihaan Bir,LZZTL9994L,47,M,2,41549,Salaried,2,0,0,Car Loan,674254,36,Own,919439,Haridwar,Tripura
CUST-2026-00400,Yashasvi Shah,BZBUS5113S,50,F,2,69561,Salaried,16,2,17233,Car Loan,2033062,84,Own,825712,Bangalore,Tamil Nadu
CUST-2026-00401,Vinaya Babu,TFIIZ4742B,35,M,1,172485,Salaried,7,1,47712,Home Loan,4524485,120,Family,526227,Tadipatri,Kerala
CUST-2026-00402,Anvi Wason,WYRHQ0042W,39,F,1,19992,Retired,12,0,0,Education Loan,3808021,180,Own,331767,Ahmedabad,Andhra Pradesh
CUST-2026-00403,Praneel Chhabra,MNUZL9585T,36,F,2,58401,Business,2,2,19882,Car Loan,1545309,48,Own,549460,Ambala,Jharkhand
CUST-2026-00404,Zayyan Pandya,KNALV1490G,30,M,1,134271,Salaried,2,2,23092,Car Loan,1627110,36,Rent,816683,New Delhi,Bihar
CUST-2026-00405,Nidra Sharaf,AXNWS6443R,45,M,2,47399,Salaried,11,0,0,Home Loan,12902269,120,Own,491467,Vijayawada,Himachal Pradesh
CUST-2026-00406,Faris Balay,QYWZU1664P,36,F,1,22447,Salaried,5,1,5369,Home Loan,12566345,300,Rent,846198,Kamarhati,Odisha
CUST-2026-00407,Vamakshi Bhalla,YJUMX6739Z,45,M,2,45287,Self-Employed,13,0,0,Education Loan,4827054,180,Own,602385,Nadiad,Assam
CUST-2026-00408,Xalak Saraf,UVNTI1545M,31,F,1,58403,Professional,6,1,5976,Business Loan,7455106,12,Own,270826,Tirunelveli,Rajasthan
CUST-2026-00409,Brijesh Karpe,SDDPK7981K,30,F,3,104525,Salaried,6,3,16144,Car Loan,1634312,48,Own,214416,Buxar,Rajasthan
CUST-2026-00410,Falan Mand,JGXHN2777V,30,M,0,14898,Salaried,1,1,1696,Personal Loan,323779,48,Rent,925362,Gopalpur,Gujarat
CUST-2026-00411,Amol Johal,XCMJV3400U,26,M,4,67724,Salaried,0,0,0,Business Loan,2558301,12,Own,384722,Mangalore,Nagaland
CUST-2026-00412,Chandani Gaba,MPOET9100Q,27,F,2,69686,Salaried,1,1,27651,Personal Loan,115956,12,Family,473630,Sikar,Odisha
CUST-2026-00413,Garima Rajagopalan,YJOHT4531F,46,M,3,24569,Salaried,7,0,0,Personal Loan,315458,36,Own,318916,Tezpur,Odisha
CUST-2026-00414,Chatresh Chaudhari,JFJXV4892N,30,F,4,50314,Salaried,7,0,0,Car Loan,1439483,60,Rent,746796,Vijayawada,Tripura
CUST-2026-00415,Mekhala Narain,AIMUX5365D,32,F,2,39968,Salaried,3,1,10090,Home Loan,6775644,120,Own,831727,Aurangabad,Maharashtra
CUST-2026-00416,Vedant Parekh,KDEIJ5268A,39,M,2,77079,Salaried,10,0,0,Home Loan,9786841,300,Own,397746,Hospet,Andhra Pradesh
CUST-2026-00417,Lajita Chada,IICUM0294U,53,F,1,48293,Salaried,0,0,0,Home Loan,14963938,300,Rent,398017,Bhiwani,Nagaland
CUST-2026-00418,Fitan Loyal,GUCYB3682F,58,M,3,214022,Salaried,2,0,0,Business Loan,6688771,12,Family,165041,Shahjahanpur,Tripura
CUST-2026-00419,Edhitha Patel,PRZIT2220R,54,F,1,34384,Salaried,27,3,10209,Personal Loan,1451390,12,Rent,362208,Jamnagar,Chhattisgarh
CUST-2026-00420,Sai Parsa,MIVTN3976Q,49,M,2,63308,Salaried,15,0,0,Home Loan,5126151,300,Rent,307046,Kolkata,Bihar
CUST-2026-00421,Gagan Grover,TGXEA6429C,28,M,1,109968,Self-Employed,3,0,0,Car Loan,1588266,36,Own,222380,Kota,Tripura
CUST-2026-00422,Harshil Bal,KPNML6692B,34,M,1,44593,Salaried,4,0,0,Home Loan,7917663,300,Own,308653,Proddatur,Maharashtra
CUST-2026-00423,Ekta Rajan,UJHPT0574J,52,F,1,46782,Business,22,1,11099,Car Loan,1222278,60,Rent,289338,Begusarai,Assam
CUST-2026-00424,Frado Kibe,ZWETA3408P,50,M,1,57610,Salaried,14,0,0,Home Loan,9462478,300,Own,296139,Haridwar,Andhra Pradesh
CUST-2026-00425,Liam Luthra,ZGMJA3787T,28,M,2,46002,Salaried,1,0,0,Education Loan,3015865,180,Rent,477821,Nadiad,Odisha
CUST-2026-00426,Dev Ganesh,QZWRX4952V,37,F,2,55434,Salaried,7,1,19656,Car Loan,674442,48,Family,506130,Kumbakonam,Jharkhand
CUST-2026-00427,Veda Bose,MRMDZ6632Z,34,F,2,34933,Salaried,5,2,5507,Car Loan,2208524,60,Own,118740,Bidar,Maharashtra
CUST-2026-00428,Rohan Shankar,WUNYO9717N,32,F,0,23380,Salaried,4,0,0,Car Loan,302691,36,Own,477231,Shahjahanpur,Kerala
CUST-2026-00429,Meghana Natarajan,RIPRF1530S,40,M,1,17351,Salaried,12,3,2538,Business Loan,5567099,36,Own,566987,Avadi,Bihar
CUST-2026-00430,Gaurika Sani,KKAOY4763H,54,F,2,13353,Salaried,4,1,4178,Car Loan,1799711,84,Own,599216,Ozhukarai,Uttarakhand
CUST-2026-00431,Sai Srinivas,CHZCP8568D,40,F,1,49991,Salaried,12,0,0,Personal Loan,1020578,60,Rent,166987,Dewas,Uttarakhand
CUST-2026-00432,Bishakha Swaminathan,SYUQF0185H,45,M,3,46378,Homemaker,4,0,0,Personal Loan,1837309,24,Own,435993,Sikar,Karnataka
CUST-2026-00433,Avni Ramaswamy,LRDDA1725W,30,F,0,44866,Professional,4,0,0,Marriage Loan,592679,36,Rent,824417,Anantapur,Odisha
CUST-2026-00434,Pranit Bala,DHDKP0664L,39,F,2,33491,Salaried,11,1,9758,Car Loan,750199,84,Own,555470,Phusro,Kerala
CUST-2026-00435,Bishakha Biswas,RJSIS7273M,57,F,3,42172,Salaried,16,2,12461,Home Loan,13348482,300,Rent,292974,Bhagalpur,Telangana
CUST-2026-00436,Chavvi Khurana,JQKBW1019P,26,F,2,40156,Salaried,4,1,12623,Home Loan,13206616,240,Rent,718935,Panchkula,Uttarakhand
CUST-2026-00437,Ethan Sen,CWBTP8936M,33,M,5,177360,Salaried,2,1,42907,Education Loan,3723686,60,Own,372652,Bhusawal,Himachal Pradesh
CUST-2026-00438,Yashawini Sahota,QRFVX3450F,29,M,1,42904,Salaried,2,0,0,Personal Loan,1706758,24,Own,135421,Ballia,Punjab
CUST-2026-00439,Ikbal Kothari,UHDFP3299I,43,F,1,44426,Business,4,2,11632,Car Loan,1877554,36,Rent,243371,Karimnagar,Nagaland
CUST-2026-00440,Mugdha Narula,QAKFX0283Y,35,F,0,13326,Business,14,1,2610,Car Loan,537599,36,Rent,385832,Rourkela,Sikkim
CUST-2026-00441,Guneet Kuruvilla,NQLHW9007Z,42,M,1,60120,Salaried,17,0,0,Home Loan,13635459,120,Own,630720,Aligarh,Uttar Pradesh
CUST-2026-00442,Mahika Sheth,XZJFL0252X,30,F,2,83990,Salaried,6,1,22480,Personal Loan,1202479,24,Own,233725,Amroha,Haryana
CUST-2026-00443,Vasudha Cheema,RRBYF7888O,46,M,5,25666,Salaried,11,1,9860,Home Loan,6405871,180,Rent,611955,Hapur,Tripura
CUST-2026-00444,Lucky Pall,SQHFD9272L,44,F,3,21616,Salaried,8,0,0,Personal Loan,268896,12,Own,540791,Guwahati,Jharkhand
CUST-2026-00445,Vasudha Pall,VCHPM8302F,45,M,0,25126,Self-Employed,3,0,0,Education Loan,2467428,120,Rent,425006,Sirsa,Jharkhand
CUST-2026-00446,Eiravati Bhavsar,LLSTB1376R,42,M,2,70289,Business,8,2,26392,Home Loan,1958775,240,Rent,761722,Bahraich,Meghalaya
CUST-2026-00447,Hemal Chopra,OIKQJ6786D,37,F,1,25325,Professional,4,2,4831,Education Loan,2501773,60,Family,918808,Raipur,Jharkhand
CUST-2026-00448,Nathaniel Narayanan,YHPIB1728E,33,F,3,93946,Salaried,0,0,0,Marriage Loan,1107068,24,Own,717724,Latur,Sikkim
CUST-2026-00449,Nidhi Gour,SBSGG6837T,31,M,1,51484,Salaried,0,0,0,Personal Loan,973394,60,Own,690291,Surendranagar Dudhrej,Nagaland
CUST-2026-00450,Rudra Sengupta,PJZXJ9203J,31,M,0,38638,Salaried,5,1,15020,Car Loan,2088767,60,Own,452403,Tenali,Goa
CUST-2026-00451,Tanish Jha,RDTQY9959U,54,M,1,26784,Self-Employed,23,1,7441,Personal Loan,500612,48,Rent,144184,Pali,Odisha
CUST-2026-00452,Rachit Pau,GTJLT1278L,39,F,2,110353,Self-Employed,16,0,0,Home Loan,11150988,240,Family,454651,Gangtok,Himachal Pradesh
CUST-2026-00453,Adweta Suri,RRPUI1451P,27,M,4,70714,Salaried,3,0,0,Education Loan,1250935,84,Rent,537418,Berhampore,Karnataka
CUST-2026-00454,Manya Comar,DWXXJ4571K,41,M,3,23903,Salaried,15,1,3425,Business Loan,7738024,12,Rent,186562,Kavali,Mizoram
CUST-2026-00455,Chameli Chad,TXYCX5363O,40,M,5,32336,Salaried,14,1,10371,Home Loan,9504511,180,Rent,868863,Berhampore,Kerala
CUST-2026-00456,William Mody,IEDVT9255T,30,F,4,22271,Salaried,9,1,6529,Personal Loan,1820133,48,Own,512725,Satara,Sikkim
CUST-2026-00457,Yasti Rama,CONEP0851P,33,F,1,23604,Salaried,2,0,0,Business Loan,2280388,24,Rent,257853,Dindigul,Bihar
CUST-2026-00458,Pallavi Grewal,MCDHR9872C,49,M,2,37836,Salaried,14,0,0,Home Loan,13350120,120,Own,563264,Ramgarh,Maharashtra
CUST-2026-00459,Vrishti Mani,RWAQA1396I,33,F,1,61205,Self-Employed,11,1,7376,Car Loan,2486477,60,Own,695284,Miryalaguda,Meghalaya
CUST-2026-00460,Chatresh Parmer,SBRPQ2359J,37,F,3,65575,Salaried,2,3,13575,Home Loan,2628456,300,Rent,328678,Satna,Chhattisgarh
CUST-2026-00461,Leena Tiwari,IRDMI1677P,49,F,2,42970,Salaried,17,0,0,Home Loan,3385212,240,Own,578895,Bhavnagar,Andhra Pradesh
CUST-2026-00462,Ojasvi Sawhney,KVLGB4260O,49,F,2,55912,Salaried,6,2,18993,Home Loan,14448632,240,Own,443047,Alappuzha,Rajasthan
CUST-2026-00463,Thomas Master,UIJTB0259R,35,M,2,64687,Homemaker,9,0,0,Personal Loan,91775,12,Rent,204637,Gwalior,Meghalaya
CUST-2026-00464,Om Shankar,MEHFU2217U,35,M,1,23169,Salaried,8,1,2427,Home Loan,1836020,120,Rent,939784,Kamarhati,Arunachal Pradesh
CUST-2026-00465,Ishaan Loyal,UFPII5022I,35,F,3,15893,Self-Employed,11,0,0,Home Loan,10588183,180,Own,726768,Jamalpur,Odisha
CUST-2026-00466,Ridhi Kamdar,SYTSL5074P,58,F,2,39783,Salaried,8,0,0,Business Loan,9445677,24,Own,631179,Hosur,Tripura
CUST-2026-00467,Bachittar Sengupta,OGTGI3135N,39,F,1,24713,Business,15,1,3158,Home Loan,11842960,300,Rent,990437,Shahjahanpur,Maharashtra
CUST-2026-00468,Jacob Khalsa,SJTET1490N,51,F,2,197160,Salaried,10,3,35165,Car Loan,2325833,36,Family,556381,Chandigarh,Himachal Pradesh
CUST-2026-00469,Noah Dewan,XOEHR8936P,37,F,1,96021,Salaried,3,0,0,Home Loan,12852859,240,Rent,754980,Phagwara,Gujarat
CUST-2026-00470,Indali Walia,ZASFC4065C,37,F,4,265913,Salaried,16,1,88702,Home Loan,8484404,180,Own,180305,Tiruppur,Uttar Pradesh
CUST-2026-00471,Bimala Loke,CFEOD5635S,34,M,1,31966,Salaried,12,0,0,Home Loan,10576758,180,Own,269826,North Dumdum,Himachal Pradesh
CUST-2026-00472,Daniel Malhotra,LMHTG3773Q,41,F,1,52109,Salaried,0,0,0,Business Loan,1375589,24,Rent,571048,Bhavnagar,West Bengal
CUST-2026-00473,Madhav Nagy,AJMRS2599M,33,M,3,216431,Salaried,7,1,38062,Personal Loan,1220011,48,Rent,296660,Mira-Bhayandar,West Bengal
CUST-2026-00474,Lucky Luthra,QQKZS2050W,34,M,1,36049,Salaried,5,0,0,Car Loan,1364347,36,Rent,145157,Singrauli,Uttarakhand
CUST-2026-00475,Faqid Chander,CVDLS3828U,54,F,2,34373,Self-Employed,25,0,0,Car Loan,942532,48,Family,248044,Gandhinagar,Rajasthan
CUST-2026-00476,Vinaya Narang,KVRBV5704I,41,M,1,347500,Business,5,2,111669,Personal Loan,818095,60,Own,806774,Arrah,Madhya Pradesh
CUST-2026-00477,Ishita Bhatnagar,ECIQA1064X,41,F,1,275984,Salaried,8,1,43027,Car Loan,661109,84,Own,204961,Tiruchirappalli,Odisha
CUST-2026-00478,Siddharth Talwar,OKVHF9240L,55,F,3,251376,Salaried,24,1,65833,Home Loan,13343271,240,Own,257248,Bellary,Uttar Pradesh
CUST-2026-00479,Kalpit Sundaram,ZLQRH3957I,40,F,3,52171,Self-Employed,5,0,0,Education Loan,3435324,84,Rent,330896,Anantapuram,Himachal Pradesh
CUST-2026-00480,Hardik Sharaf,RXICJ9143D,27,M,1,42613,Salaried,5,1,12046,Home Loan,11345218,240,Own,506268,Nashik,Uttar Pradesh
CUST-2026-00481,Tanmayi Acharya,GJIRH9879Q,30,F,1,42237,Salaried,9,0,0,Personal Loan,962195,48,Rent,365422,Sangli-Miraj & Kupwad,Andhra Pradesh
CUST-2026-00482,Nathan Mahal,UBCUD3346G,28,F,3,110167,Salaried,2,2,24022,Marriage Loan,1291157,24,Own,459331,Mira-Bhayandar,Maharashtra
CUST-2026-00483,Kamya Gandhi,RSXRV7701Y,51,F,1,33650,Salaried,17,2,9496,Home Loan,4173110,240,Own,686538,Chandrapur,Assam
CUST-2026-00484,Pushti Chand,EGJNA5302P,55,F,3,71738,Salaried,2,0,0,Personal Loan,1279830,12,Own,748082,Farrukhabad,Arunachal Pradesh
CUST-2026-00485,Vansha Brahmbhatt,EKNCU3764Z,30,M,1,20054,Salaried,2,0,0,Car Loan,2316000,36,Own,552224,Mumbai,Tamil Nadu
CUST-2026-00486,Aditya Anand,QPULJ4353Z,23,F,1,45555,Salaried,2,3,11136,Car Loan,528636,60,Own,888112,Kadapa,Chhattisgarh
CUST-2026-00487,Kevin Sridhar,HDMJX6232A,30,F,2,28848,Salaried,5,2,7108,Home Loan,11809936,300,Own,597340,Jamshedpur,Tamil Nadu
CUST-2026-00488,Harsh Chauhan,NDDMX3469X,39,M,1,37047,Salaried,1,1,9557,Personal Loan,1164150,48,Own,198130,Yamunanagar,Assam
CUST-2026-00489,Lavanya Deol,HKETS7099Z,48,F,0,35719,Self-Employed,23,1,5227,Car Loan,630363,60,Family,895664,Dewas,Karnataka
CUST-2026-00490,Nitesh Sarraf,ENBKE2027V,30,F,5,59945,Self-Employed,0,0,0,Car Loan,2132682,60,Rent,926117,Coimbatore,Rajasthan
CUST-2026-00491,Saanvi Kalla,VPQIK9033O,28,F,2,115219,Salaried,3,0,0,Car Loan,567271,60,Rent,748915,Saharanpur,Kerala
CUST-2026-00492,Leena Panchal,CTNHT4415T,29,F,1,91682,Salaried,0,1,27888,Marriage Loan,1424108,48,Rent,472073,Kolhapur,Assam
CUST-2026-00493,Aradhana Chad,CFZOE1774N,34,F,2,159490,Salaried,11,0,0,Home Loan,10519309,180,Own,239493,Kolhapur,Maharashtra
CUST-2026-00494,Samesh Vasa,KWMMV4912R,34,M,2,52844,Salaried,1,1,16537,Marriage Loan,1434234,36,Rent,668376,Indore,Haryana
CUST-2026-00495,Chatura Khatri,NCOKA6166L,49,F,2,56624,Salaried,13,3,19106,Home Loan,1987227,180,Own,760034,Katni,Punjab
CUST-2026-00496,Xalak Bobal,XFLGP9795D,24,F,2,23283,Business,1,0,0,Personal Loan,468980,36,Own,177962,Gorakhpur,Meghalaya
CUST-2026-00497,Kevin Ram,WBKGS1765A,48,F,3,84984,Self-Employed,2,0,0,Home Loan,12856034,300,Family,603051,Karimnagar,Mizoram
CUST-2026-00498,Urishilla Bora,DGVTC1439Z,36,M,1,22321,Self-Employed,11,0,0,Business Loan,7882743,60,Rent,218657,Ambarnath,West Bengal
CUST-2026-00499,Tanveer Baral,SOPTD2233J,37,F,0,53327,Business,15,1,17734,Home Loan,6454178,300,Own,582254,Kanpur,Andhra Pradesh
CUST-2026-00500,Yachana Sagar,QAFHP2779M,33,M,2,19589,Self-Employed,2,1,7652,Home Loan,11691310,240,Family,379805,Guna,Arunachal Pradesh
CUST-2026-00501,Arunima Chacko,EXAYI3227Z,37,M,4,67400,Salaried,16,0,0,Business Loan,8641073,24,Family,615469,Gwalior,Maharashtra
CUST-2026-00502,Nachiket Yadav,BONTW9052I,28,M,2,25347,Professional,3,1,5512,Personal Loan,885696,12,Family,642065,Sasaram,Jharkhand
CUST-2026-00503,Dayita Sarkar,TXXDH2274D,47,M,2,56381,Self-Employed,14,0,0,Marriage Loan,657346,36,Own,309245,Dharmavaram,Karnataka
CUST-2026-00504,Gabriel Saraf,OPWCX7186O,39,M,1,54182,Salaried,2,0,0,Home Loan,11388086,180,Rent,424532,Howrah,Telangana
CUST-2026-00505,Dayamai Gill,GHOIL9943Q,61,F,3,56380,Salaried,16,0,0,Home Loan,12325995,240,Own,668042,Pudukkottai,Bihar
CUST-2026-00506,Nihal Taneja,TFNIN1365E,37,M,1,115422,Salaried,14,0,0,Personal Loan,1775028,24,Own,223993,Durgapur,Bihar
CUST-2026-00507,Jonathan Luthra,YVJHS8335Y,33,M,3,51890,Homemaker,7,1,18111,Car Loan,1429874,48,Family,604909,Rourkela,Kerala
CUST-2026-00508,Pushti Magar,HJIUI5125I,35,F,0,32557,Salaried,7,1,3574,Education Loan,1896286,84,Rent,378362,Ludhiana,Telangana
CUST-2026-00509,Watika Shah,QHJYC1737N,28,M,1,454698,Professional,6,1,173143,Home Loan,11678818,300,Own,168841,Firozabad,Mizoram
CUST-2026-00510,Ojas Pillai,AUBUS3894G,49,M,2,54341,Salaried,10,1,17931,Personal Loan,1217430,60,Rent,833067,Pimpri-Chinchwad,Mizoram
CUST-2026-00511,Vedant Upadhyay,LUUVB9359Q,30,F,1,36077,Homemaker,4,0,0,Personal Loan,98524,24,Own,540733,Kota,Goa
CUST-2026-00512,Chakradhar Sodhi,NWOMQ1068O,51,F,3,43366,Self-Employed,23,0,0,Home Loan,10866562,120,Rent,947384,Ahmedabad,Andhra Pradesh
CUST-2026-00513,Balendra Saini,AIDWP7562S,36,M,2,29516,Self-Employed,13,2,9528,Personal Loan,63325,60,Rent,129789,Jalgaon,Kerala
CUST-2026-00514,Ekaja Madan,WYRFE9297A,54,M,1,24082,Salaried,17,1,9327,Home Loan,3636134,240,Family,453368,Kulti,Haryana
CUST-2026-00515,Jagdish Thakkar,DMPTI1973I,29,F,1,40453,Self-Employed,1,0,0,Home Loan,11202323,120,Own,329822,Aurangabad,Uttarakhand
CUST-2026-00516,Zaitra Batra,HZCQK4926K,38,F,0,34599,Homemaker,3,0,0,Business Loan,1595646,60,Family,793674,Mangalore,Sikkim
CUST-2026-00517,Deepa Narang,EYZTV1811P,25,M,1,19635,Salaried,4,2,7377,Home Loan,11860854,300,Rent,549605,Kirari Suleman Nagar,Madhya Pradesh
CUST-2026-00518,Sai Manne,OTSEC3240P,30,F,2,86540,Salaried,0,0,0,Business Loan,1074162,24,Family,158759,Bangalore,Assam
CUST-2026-00519,Jyoti Tak,JPSMT8121E,37,F,3,46674,Self-Employed,0,0,0,Car Loan,1377355,48,Own,676217,Latur,Odisha
CUST-2026-00520,Matthew Ahuja,RNPWT1465B,31,M,3,63801,Self-Employed,3,0,0,Home Loan,12562382,240,Own,594599,Bongaigaon,Tripura
CUST-2026-00521,Aditya Nayak,LGLTR5391K,45,F,2,75238,Salaried,0,1,23377,Business Loan,3649893,60,Rent,335273,Muzaffarpur,Maharashtra
CUST-2026-00522,Samesh Wagle,CZVDS1345C,48,F,3,41853,Business,24,1,5219,Education Loan,3777863,60,Family,242360,Aizawl,Andhra Pradesh
CUST-2026-00523,Lucky Mammen,SZEER6829W,58,M,2,68449,Self-Employed,4,1,24229,Personal Loan,1728266,60,Own,351617,Pallavaram,Haryana
CUST-2026-00524,Kashish Shanker,OIXPY0418Y,29,F,3,95441,Professional,6,2,24879,Car Loan,1558262,36,Own,852750,Ahmednagar,Assam
CUST-2026-00525,Yashasvi Deol,SPRFD2365Q,58,M,2,21940,Salaried,7,2,2771,Home Loan,6134166,180,Family,239470,Amaravati,Telangana
CUST-2026-00526,Radhika De,JXCMP8677H,28,F,1,29231,Salaried,7,0,0,Business Loan,6227358,36,Family,152962,Aurangabad,Rajasthan
CUST-2026-00527,Maya Narain,HGNKV9018H,38,M,5,60441,Salaried,15,2,20215,Car Loan,741199,60,Rent,878022,Bhilwara,Haryana
CUST-2026-00528,Falan Jain,PUYOD7369N,40,M,2,55380,Self-Employed,15,1,17852,Personal Loan,1875347,48,Own,223035,Darbhanga,Karnataka
CUST-2026-00529,Nitesh Sengupta,QIHKA4836L,48,M,1,53346,Professional,26,2,17530,Education Loan,415088,84,Rent,135318,Bhatpara,Chhattisgarh
CUST-2026-00530,Ishita Johal,JVVWI6782J,58,M,1,73451,Self-Employed,20,0,0,Education Loan,1956415,120,Rent,899913,Vellore,Manipur
CUST-2026-00531,Jagdish Chana,XTYIC5975Y,28,M,2,28373,Salaried,6,0,0,Business Loan,8644342,36,Own,569035,Madhyamgram,Manipur
CUST-2026-00532,Tanveer Narang,CYVXH5094B,39,M,2,59466,Salaried,12,2,10722,Personal Loan,1167420,36,Own,513954,Madanapalle,Goa
CUST-2026-00533,Meghana Varghese,GAPVK5548S,31,M,2,25916,Business,3,0,0,Home Loan,12369875,180,Own,421211,Kulti,Chhattisgarh
CUST-2026-00534,Azaan Ravel,IVSUP0997R,35,F,3,72749,Salaried,14,2,14964,Car Loan,1797677,36,Family,251026,Bhilwara,Arunachal Pradesh
CUST-2026-00535,Girindra Shere,PBZAL6847C,33,M,3,92585,Salaried,3,0,0,Personal Loan,161571,48,Rent,631282,Miryalaguda,West Bengal
CUST-2026-00536,David Kapadia,ISHGU5479S,43,M,4,30962,Business,0,1,11137,Car Loan,859338,84,Own,584074,Bhilai,Bihar
CUST-2026-00537,Frado Lad,VAYSI0476Z,33,M,4,70681,Salaried,1,1,12350,Personal Loan,571770,60,Rent,298053,Rewa,Chhattisgarh
CUST-2026-00538,Rudra Sawhney,FZQIT5069B,35,F,1,36021,Salaried,11,0,0,Home Loan,3022272,180,Own,320352,Lucknow,Uttarakhand
CUST-2026-00539,Jason Basak,EQEFI8955O,43,M,1,144683,Salaried,12,0,0,Education Loan,4965389,120,Family,290768,Tiruchirappalli,Uttar Pradesh
CUST-2026-00540,Megha Taneja,ENXMP9999R,44,M,2,87581,Self-Employed,17,2,34764,Business Loan,5728876,36,Own,826212,Gulbarga,Manipur
CUST-2026-00541,Irya Kala,XXVXS8056K,49,F,4,55093,Salaried,4,0,0,Education Loan,1779911,180,Own,171472,Purnia,Andhra Pradesh
CUST-2026-00542,Manthan Banerjee,MMIMK4726B,53,F,3,56369,Salaried,24,0,0,Business Loan,7652449,60,Own,196392,Parbhani,Goa
CUST-2026-00543,Nisha Srinivas,BVWTN1369D,38,M,1,88808,Salaried,10,1,26387,Home Loan,6582589,300,Own,673887,Sagar,Punjab
CUST-2026-00544,Laksh Saini,YAGVV9983M,36,M,3,58404,Salaried,6,1,6350,Home Loan,7900318,180,Family,231982,Parbhani,Arunachal Pradesh
CUST-2026-00545,Lavanya Parmer,KKHXV4663W,25,M,2,54020,Professional,4,1,20181,Personal Loan,479656,36,Own,120725,Tinsukia,Gujarat
CUST-2026-00546,Lipika Madan,YSSHH8273G,46,M,2,17712,Salaried,25,0,0,Home Loan,6992500,180,Family,378959,Hapur,Meghalaya
CUST-2026-00547,Ayushman Mand,BLJTL7659Y,56,F,1,45374,Salaried,3,0,0,Education Loan,1747516,60,Rent,955582,Imphal,Goa
CUST-2026-00548,Viraj Dutta,NFQIS0486J,31,F,0,78921,Salaried,7,0,0,Personal Loan,870640,48,Own,415981,Bettiah,Arunachal Pradesh
CUST-2026-00549,Daksh Kanda,XRAAB3587B,39,M,2,34663,Salaried,16,1,13600,Personal Loan,1568504,36,Own,260457,New Delhi,Bihar
CUST-2026-00550,Patrick Khalsa,GZQMX4822X,39,M,0,93258,Salaried,12,0,0,Personal Loan,993028,24,Rent,752367,Raichur,Odisha
CUST-2026-00551,Indira Dhar,JYKKT4333M,30,F,5,91657,Salaried,4,0,0,Car Loan,1252046,84,Own,766933,Secunderabad,Odisha
CUST-2026-00552,Parth Swaminathan,KMOLX9841K,29,M,1,80136,Professional,5,2,25976,Business Loan,7348595,36,Rent,333886,Kumbakonam,Odisha
CUST-2026-00553,Theodore Bahri,OEKUF4481P,39,M,2,111727,Professional,0,1,36466,Personal Loan,411424,36,Family,823693,Pimpri-Chinchwad,Arunachal Pradesh
CUST-2026-00554,Saksham De,HBQIX4313Z,33,M,2,64661,Salaried,0,0,0,Home Loan,7484371,180,Rent,333360,Mumbai,Mizoram
CUST-2026-00555,Anthony Divan,TDJJE0689S,39,M,1,34632,Self-Employed,8,1,7549,Marriage Loan,1492234,24,Family,211785,North Dumdum,Karnataka
CUST-2026-00556,Elijah Prakash,ZURZI7906Z,40,F,3,89415,Retired,11,0,0,Home Loan,6534918,300,Family,226363,Bhubaneswar,Odisha
CUST-2026-00557,Gayathri Mittal,HLLBT7405E,37,F,5,35717,Salaried,16,2,3955,Car Loan,999953,36,Rent,844544,Dharmavaram,Tamil Nadu
CUST-2026-00558,Vidhi Nadig,NZLSD3212C,51,M,3,17461,Professional,12,0,0,Personal Loan,616825,48,Own,952160,Sangli-Miraj & Kupwad,Karnataka
CUST-2026-00559,Kritika Mohanty,WQEQW4871D,53,M,3,30482,Salaried,18,2,4479,Business Loan,661820,12,Rent,467706,Rajahmundry,Goa
CUST-2026-00560,Aarav Raman,KQFVS4747S,26,M,1,61180,Salaried,0,0,0,Education Loan,2155181,84,Own,193270,Warangal,Telangana
CUST-2026-00561,Timothy Chawla,EWTFK8246G,50,M,2,44796,Homemaker,8,0,0,Personal Loan,447086,12,Rent,189461,South Dumdum,West Bengal
CUST-2026-00562,Wazir Palan,BTLRX4963Y,36,F,3,49330,Homemaker,8,0,0,Home Loan,2533804,120,Rent,878517,Bathinda,Meghalaya
CUST-2026-00563,Sanya Apte,EPBJM4989O,53,F,2,60148,Salaried,11,1,21757,Car Loan,1559327,84,Own,891157,Hubli–Dharwad,Karnataka
CUST-2026-00564,Inaya Kunda,UREPE0313A,51,F,2,40175,Salaried,10,0,0,Business Loan,3006246,60,Own,565482,Kulti,Himachal Pradesh
CUST-2026-00565,Libni Sarma,JCYSP1542P,37,M,1,149182,Salaried,15,1,47629,Car Loan,970336,84,Family,172664,Mumbai,Uttar Pradesh
CUST-2026-00566,Waida Radhakrishnan,RDOMA3296K,23,F,2,33483,Self-Employed,2,0,0,Home Loan,6229448,240,Rent,956332,Rourkela,Telangana
CUST-2026-00567,Umang Gaba,MMANC7604T,41,F,3,51855,Salaried,6,2,10457,Education Loan,2120376,84,Rent,371200,Salem,Kerala
CUST-2026-00568,Anmol Nagar,AJQOU9438G,52,F,0,37633,Self-Employed,22,0,0,Education Loan,695106,180,Own,773822,Visakhapatnam,Manipur
CUST-2026-00569,Onkar Prashad,SWHFH0643Y,49,M,4,50676,Self-Employed,23,2,13644,Education Loan,2569414,84,Rent,553539,Srinagar,Himachal Pradesh
CUST-2026-00570,Hamsini Subramanian,HPIAB3418M,53,M,2,37494,Salaried,10,0,0,Home Loan,6129663,180,Rent,585355,Motihari,Goa
CUST-2026-00571,Radha Dugar,SSMYD1170L,39,F,2,36816,Business,1,1,8989,Personal Loan,1242293,12,Family,168573,Chinsurah,Tamil Nadu
CUST-2026-00572,Ranveer Rout,ETWFB6066P,58,F,0,36246,Salaried,1,1,14139,Education Loan,1500100,60,Rent,580285,Bathinda,Arunachal Pradesh
CUST-2026-00573,Wazir Char,KBFAF4308Q,25,M,3,23403,Salaried,3,0,0,Education Loan,4329101,60,Rent,840989,Ichalkaranji,Tamil Nadu
CUST-2026-00574,Mitesh Bhagat,KQLLZ6721M,52,M,2,66601,Salaried,11,1,11898,Education Loan,2349817,120,Own,382989,Aurangabad,Arunachal Pradesh
CUST-2026-00575,Chaitaly Srinivasan,QOWGN3213P,48,M,1,61920,Business,21,0,0,Personal Loan,686214,36,Rent,789300,Purnia,Kerala
CUST-2026-00576,Onkar Manne,WWQWY9335F,56,F,3,40822,Self-Employed,29,0,0,Personal Loan,648406,24,Own,222472,Indore,Gujarat
CUST-2026-00577,Mitali Sinha,DLYZX1697P,27,F,1,23301,Business,0,0,0,Personal Loan,673839,12,Family,426723,Bhiwandi,Assam
CUST-2026-00578,Qasim Prabhakar,JALME0869I,30,M,0,55076,Salaried,9,0,0,Personal Loan,371482,24,Own,820955,Mysore,Meghalaya
CUST-2026-00579,Chaitanya Lall,WOSUS7203P,44,F,1,18957,Homemaker,6,0,0,Car Loan,308172,36,Family,985973,Gaya,Madhya Pradesh
CUST-2026-00580,Amruta Bhatia,HVTMO3468K,39,F,2,31435,Salaried,11,0,0,Personal Loan,830371,48,Family,914587,Firozabad,Manipur
CUST-2026-00581,Odika Karan,TWOZU8388Q,54,F,2,51395,Business,10,1,19224,Marriage Loan,404192,36,Rent,982429,Guwahati,Chhattisgarh
CUST-2026-00582,Vaishnavi Keer,JYNVF3471U,39,M,2,23035,Professional,7,1,8756,Car Loan,790403,60,Rent,945624,Munger,Nagaland
CUST-2026-00583,Bakhshi Thakkar,HFQYE0228V,42,M,3,79598,Salaried,16,1,24185,Home Loan,2711426,240,Own,535848,Vijayawada,Meghalaya
CUST-2026-00584,Oscar Ganesh,MAIAS8350W,26,F,2,53017,Salaried,2,0,0,Personal Loan,1053360,60,Rent,822107,Jamshedpur,Odisha
CUST-2026-00585,Pallavi Brar,IPMIO7460V,40,F,4,62359,Salaried,2,0,0,Personal Loan,1550739,12,Rent,895439,Cuttack,Gujarat
CUST-2026-00586,Aarna Nagarajan,NELWB6469C,28,M,4,38792,Salaried,6,2,12655,Personal Loan,152162,36,Rent,842134,Panihati,Sikkim
CUST-2026-00587,Mekhala Nanda,VFLSX1179S,30,F,1,26114,Self-Employed,2,1,2970,Car Loan,1237102,60,Family,721918,Chandigarh,Telangana
CUST-2026-00588,Advik Virk,GYJKX9811S,24,F,2,48958,Self-Employed,0,0,0,Home Loan,8819750,300,Own,201481,Saharsa,West Bengal
CUST-2026-00589,Mason Divan,DDSAB7165A,30,M,2,114857,Salaried,1,3,23642,Personal Loan,292954,60,Own,322282,Gorakhpur,Uttar Pradesh
CUST-2026-00590,Bhavika Wason,QWBRW1749C,33,M,1,24529,Salaried,10,0,0,Car Loan,715433,48,Own,774165,Aligarh,Odisha
CUST-2026-00591,Vedika Solanki,FSJLV2949Q,39,M,2,33609,Professional,8,0,0,Education Loan,559945,120,Rent,139010,Bilaspur,Kerala
CUST-2026-00592,Maanas Ratti,JKMUX3533P,52,M,1,46665,Salaried,19,0,0,Home Loan,2923423,180,Rent,151890,Bally,Arunachal Pradesh
CUST-2026-00593,Chandran Soman,QGGHH5399S,38,F,3,119771,Salaried,4,0,0,Home Loan,9715392,240,Rent,756308,Bathinda,Arunachal Pradesh
CUST-2026-00594,Chavvi Mukhopadhyay,URERS5245D,30,F,1,24058,Salaried,9,0,0,Personal Loan,1661271,60,Family,256044,Jaipur,Himachal Pradesh
CUST-2026-00595,Krish Mital,YLIGB1353C,45,F,2,12000,Business,5,2,4516,Car Loan,1330262,84,Rent,393892,Navi Mumbai,Himachal Pradesh
CUST-2026-00596,Omaja Chakraborty,LIDDT9001R,30,F,4,50962,Salaried,3,0,0,Marriage Loan,1417247,48,Rent,609509,Pondicherry,Telangana
CUST-2026-00597,Vedhika Varty,FQOGO8153H,32,M,4,58806,Business,9,0,0,Home Loan,11975022,240,Own,362372,Rajpur Sonarpur,Gujarat
CUST-2026-00598,Dominic Mukhopadhyay,CGIPP3210W,30,F,1,43553,Business,3,0,0,Personal Loan,1920418,24,Family,403047,Pimpri-Chinchwad,West Bengal
CUST-2026-00599,Oscar Hans,MQVPJ7663Z,36,M,3,30934,Salaried,8,0,0,Personal Loan,965722,60,Own,131723,Bhavnagar,Tamil Nadu
CUST-2026-00600,Bachittar Shan,LUKIJ4790I,35,M,1,38112,Salaried,3,0,0,Business Loan,907283,24,Rent,177838,Howrah,Uttarakhand
CUST-2026-00601,Jyoti Shetty,CSBCY4282F,34,F,2,68485,Business,13,0,0,Car Loan,501236,48,Own,276466,Davanagere,Arunachal Pradesh
CUST-2026-00602,Wyatt Pradhan,YPCUG7575L,31,F,1,62306,Self-Employed,2,0,0,Car Loan,2075297,48,Own,956965,Amravati,Mizoram
CUST-2026-00603,Inaya Padmanabhan,DWVOH2112U,44,M,2,34439,Salaried,0,1,4374,Car Loan,1000454,36,Rent,997659,Belgaum,Meghalaya
CUST-2026-00604,Ayaan Raju,STTNK5482T,41,M,0,35095,Self-Employed,12,1,10126,Business Loan,8328588,36,Rent,715524,Mysore,Goa
CUST-2026-00605,Timothy Kar,TLPTD7319O,62,F,1,97351,Salaried,0,0,0,Home Loan,1769132,180,Own,779468,Aurangabad,Arunachal Pradesh
CUST-2026-00606,Yochana Bahri,MKQLP3549P,32,F,2,31093,Salaried,6,3,7129,Business Loan,2199277,36,Own,477584,Agartala,Sikkim
CUST-2026-00607,Oscar Anand,JIJUP8745V,26,F,1,62760,Salaried,1,1,18441,Home Loan,8268131,240,Rent,592651,Bhalswa Jahangir Pur,West Bengal
CUST-2026-00608,Anvi Sampath,KBHYF5481R,47,M,5,21723,Self-Employed,20,0,0,Home Loan,4793942,120,Rent,399156,Narasaraopet,Haryana
CUST-2026-00609,Tejas Shukla,VISJM9559X,39,M,0,25736,Salaried,14,2,3929,Business Loan,8779258,12,Own,591933,Jaunpur,Madhya Pradesh
CUST-2026-00610,Abhimanyu Vaidya,LHYHZ9058I,33,F,2,150776,Salaried,10,0,0,Personal Loan,1930285,24,Own,133305,Bhimavaram,Jharkhand
CUST-2026-00611,Chanchal Chokshi,KICEM9038N,28,M,2,75331,Homemaker,7,2,10763,Personal Loan,1110831,36,Own,529274,Kishanganj,Sikkim
CUST-2026-00612,Ekta Malhotra,LGGUI5581C,35,F,1,42906,Professional,1,0,0,Car Loan,2363013,84,Rent,535007,Naihati,Meghalaya
CUST-2026-00613,Zansi Khosla,DZJRV3508K,47,M,1,19346,Professional,25,2,7242,Home Loan,2361640,120,Rent,144273,Maheshtala,Himachal Pradesh
CUST-2026-00614,Atharv Tank,VBPDM8175P,27,M,5,95710,Salaried,1,2,36578,Marriage Loan,325524,36,Rent,755331,Imphal,Arunachal Pradesh
CUST-2026-00615,Lipika Banik,UWRFL7008E,41,F,0,156749,Self-Employed,14,0,0,Personal Loan,665835,48,Own,356547,Gurgaon,Jharkhand
CUST-2026-00616,Vamakshi Parmer,XRJKI0883P,28,F,1,64397,Salaried,5,1,22219,Car Loan,814299,60,Family,329962,Tiruvottiyur,Odisha
CUST-2026-00617,Chaaya Chatterjee,EGCWI0154I,37,F,3,97839,Business,13,1,34408,Personal Loan,1517702,24,Own,931252,Tirunelveli,Mizoram
CUST-2026-00618,Gautami Chakraborty,RWTHK5591Y,53,M,2,107234,Self-Employed,25,1,21771,Home Loan,9600012,180,Own,458671,Rampur,Meghalaya
CUST-2026-00619,Osha Narula,BVKMW5982I,56,M,2,79300,Salaried,24,0,0,Home Loan,1800562,300,Rent,940303,Rajahmundry,Haryana
CUST-2026-00620,Ubika Dalal,BBUNX9087Y,33,M,3,71760,Salaried,0,1,8504,Home Loan,9037163,180,Own,560899,Bhimavaram,Kerala
CUST-2026-00621,Urmi Hayer,ERALI2409X,42,F,3,65487,Salaried,17,1,15970,Education Loan,2169925,180,Rent,454549,Ballia,Meghalaya
CUST-2026-00622,Odika Bhagat,OBZWW0277I,32,F,2,15092,Salaried,2,0,0,Education Loan,2622449,120,Family,835151,Eluru,Mizoram
CUST-2026-00623,Hema Rout,UJKEY7969Y,57,M,3,30014,Business,17,0,0,Home Loan,12707153,240,Rent,483565,Durgapur,West Bengal
CUST-2026-00624,Pranit Buch,ULUUK1645W,27,M,1,29829,Self-Employed,1,0,0,Business Loan,6395221,12,Own,518188,Asansol,Odisha
CUST-2026-00625,Dalbir Agrawal,ARJIT0341D,26,M,3,50376,Salaried,2,0,0,Home Loan,9098559,180,Own,482687,Belgaum,Meghalaya
CUST-2026-00626,Nathan Suri,LBCYR9689I,40,M,2,41296,Salaried,10,0,0,Education Loan,2859750,84,Own,972103,Bhagalpur,Manipur
CUST-2026-00627,Pushti Raval,WYPWJ0238F,34,F,5,108751,Salaried,11,0,0,Home Loan,6284110,240,Own,207598,Bikaner,Uttar Pradesh
CUST-2026-00628,Baljiwan Walla,HXTBX4620C,40,M,1,12000,Salaried,17,2,1526,Education Loan,4804813,120,Family,799858,Yamunanagar,Maharashtra
CUST-2026-00629,Rayaan Badami,EXSCV4717V,27,M,1,42104,Salaried,4,0,0,Home Loan,10915213,180,Own,286560,Kanpur,Gujarat
CUST-2026-00630,Hemangini Muni,FNIKP9228D,38,F,0,46072,Self-Employed,6,0,0,Home Loan,8709557,180,Rent,517311,Kulti,Sikkim
CUST-2026-00631,Oliver Bhattacharyya,DBZTT6129S,44,F,2,39115,Salaried,6,1,15237,Home Loan,4593012,120,Family,370865,Yamunanagar,Chhattisgarh
CUST-2026-00632,Tamanna Venkatesh,WDKER9242B,22,M,3,24472,Salaried,0,2,5110,Marriage Loan,894243,36,Own,321340,Bihar Sharif,Uttarakhand
CUST-2026-00633,Hema Suri,AUNPJ6462P,32,F,2,16695,Salaried,6,0,0,Home Loan,6255437,240,Own,916412,Raebareli,Punjab
CUST-2026-00634,Anirudh Kari,CWNIK0918I,57,F,1,43404,Professional,16,1,6710,Home Loan,13600444,240,Rent,833421,Dehradun,Kerala
CUST-2026-00635,Yamini Gara,HTGUP6695L,48,M,2,100589,Self-Employed,17,0,0,Car Loan,2317540,48,Own,878207,Rajpur Sonarpur,Haryana
CUST-2026-00636,Aadhya Warrior,ABODK0457D,27,F,2,88787,Business,2,0,0,Home Loan,7094013,300,Own,699757,Agra,Bihar
CUST-2026-00637,Hritik Bahri,PLFIG1875U,43,F,3,28941,Salaried,1,0,0,Business Loan,7364199,12,Family,784255,Hindupur,Punjab
CUST-2026-00638,Lajita Dasgupta,CPYHL3346A,55,M,0,72732,Self-Employed,22,1,23314,Education Loan,2014947,180,Family,214956,Erode,Arunachal Pradesh
CUST-2026-00639,Samesh Andra,WHREB9403R,45,M,2,26502,Salaried,14,0,0,Home Loan,3477634,180,Own,903342,Bhalswa Jahangir Pur,Nagaland
CUST-2026-00640,Laksh Sahota,ORYYX9981T,30,F,1,66359,Salaried,1,0,0,Personal Loan,398523,36,Rent,858393,Salem,Jharkhand
CUST-2026-00641,Barkha Comar,JNYWC6927D,38,M,4,35177,Self-Employed,8,0,0,Personal Loan,1992409,12,Own,419891,Sasaram,Uttarakhand
CUST-2026-00642,Ryan Lall,WOBOC5025F,39,F,4,64162,Salaried,16,0,0,Business Loan,2621094,24,Family,643113,Mehsana,Uttar Pradesh
CUST-2026-00643,Chakrika Dyal,HWATU7687C,25,F,3,17628,Salaried,4,0,0,Car Loan,636202,60,Rent,824436,Secunderabad,Uttarakhand
CUST-2026-00644,Ganga Keer,UNHHE5165J,33,M,0,47790,Self-Employed,11,3,5202,Personal Loan,791001,36,Own,230752,Dhule,Arunachal Pradesh
CUST-2026-00645,Wakeeta Dixit,PAGGI3355M,37,M,1,76712,Self-Employed,1,0,0,Car Loan,2427114,84,Rent,156291,Hubli–Dharwad,Andhra Pradesh
CUST-2026-00646,Vihaan Shan,SOBMK2664L,34,M,1,24922,Salaried,5,0,0,Home Loan,6703057,180,Rent,503558,Salem,Assam
CUST-2026-00647,Harish Ghosh,DONAQ2819P,47,M,3,109313,Salaried,1,0,0,Home Loan,3553706,300,Own,664252,Madhyamgram,Jharkhand
CUST-2026-00648,Dhriti Sandhu,QHEOR7412N,51,M,2,23862,Salaried,2,0,0,Home Loan,12791062,120,Own,529518,Ramagundam,West Bengal
CUST-2026-00649,Aditya Devi,KJTTW0426K,46,M,2,78701,Salaried,9,3,16122,Home Loan,2184155,300,Own,772315,Bareilly,Telangana
CUST-2026-00650,Raksha Loyal,CGSNV2716W,39,M,1,34533,Salaried,9,1,12142,Personal Loan,1975293,12,Rent,876279,Ozhukarai,Sikkim
CUST-2026-00651,Qadim Comar,GISKF1105Q,26,F,0,56277,Business,1,0,0,Home Loan,14335349,240,Own,661774,Serampore,Telangana
CUST-2026-00652,Lekha Sridhar,WWSYX6573M,37,M,2,52027,Salaried,6,0,0,Home Loan,12305000,240,Family,151116,Sirsa,Madhya Pradesh
CUST-2026-00653,Kevin Bhargava,CDPYG3472J,27,F,3,77365,Salaried,1,0,0,Home Loan,1993220,120,Own,545183,Rourkela,Uttar Pradesh
CUST-2026-00654,Vasudha Sarma,DNUHO2348S,48,M,4,186303,Salaried,19,1,27406,Business Loan,1779295,36,Rent,957788,Vasai-Virar,West Bengal
CUST-2026-00655,Kalpit Subramanian,CYSWH5478U,29,F,1,69494,Salaried,8,0,0,Home Loan,6114064,240,Own,190473,Secunderabad,Goa
CUST-2026-00656,Chakradhar Bhatnagar,YYWBX3368Y,24,F,1,110809,Homemaker,0,1,17370,Home Loan,3660678,300,Rent,128842,Bulandshahr,Meghalaya
CUST-2026-00657,Hamsini Venkataraman,WLOXQ9829D,24,M,2,68239,Salaried,0,2,23504,Personal Loan,964862,60,Own,766806,Ahmedabad,Himachal Pradesh
CUST-2026-00658,Vasatika Pal,PDCJR0859S,31,M,3,34618,Business,8,1,12121,Home Loan,2273774,180,Own,502485,Bhiwani,Mizoram
CUST-2026-00659,Advay Dugar,PPSRZ4825L,44,F,1,49976,Self-Employed,22,1,15252,Car Loan,1876504,60,Rent,782923,Jalgaon,Sikkim
CUST-2026-00660,Falan Swamy,EUVHD9459N,40,M,1,49573,Self-Employed,9,1,17938,Marriage Loan,507793,24,Family,223619,Shimla,Mizoram
CUST-2026-00661,Chandresh Tripathi,FPIRX6856R,41,M,5,42028,Salaried,13,3,4702,Personal Loan,414725,24,Own,869590,Bathinda,Karnataka
CUST-2026-00662,Farhan Sharaf,ODRCO5369G,46,F,3,12000,Self-Employed,10,0,0,Education Loan,1435158,180,Rent,486148,Sambhal,Haryana
CUST-2026-00663,Sanya Mutti,PUWHX8817A,23,F,3,75931,Salaried,0,0,0,Home Loan,5980306,300,Rent,362289,Hubli–Dharwad,Manipur
CUST-2026-00664,Netra Sachar,VIZWB0562J,22,F,2,98811,Retired,0,2,34891,Car Loan,1147495,36,Own,312725,Surat,Bihar
CUST-2026-00665,Yashoda Jhaveri,FHAML2174E,41,M,3,29965,Self-Employed,20,1,10259,Personal Loan,1364867,24,Own,496255,Mysore,Arunachal Pradesh
CUST-2026-00666,Chatura Kapoor,ZOYBU0962G,45,F,2,52915,Salaried,2,1,13353,Personal Loan,1782260,48,Family,160012,Mau,Rajasthan
CUST-2026-00667,Januja Sethi,WXECP0172Q,30,F,1,20278,Salaried,5,2,5314,Home Loan,10638304,120,Rent,324872,Bathinda,West Bengal
CUST-2026-00668,Harita Pant,SEPBW2084J,59,F,1,43828,Salaried,3,0,0,Car Loan,1544568,60,Own,161574,Korba,Bihar
CUST-2026-00669,Hitesh Bath,XBVQW8581G,62,M,2,162965,Salaried,17,0,0,Home Loan,9271291,300,Rent,288592,Motihari,Uttarakhand
CUST-2026-00670,Hredhaan Kumar,GCNOZ4354X,32,F,1,54647,Salaried,11,1,19814,Home Loan,8647437,180,Family,675560,Kolhapur,Goa
CUST-2026-00671,Maya Kale,JDREF3603V,24,F,2,43142,Business,3,0,0,Car Loan,914650,36,Own,112361,Maheshtala,Punjab
CUST-2026-00672,Oeshi Batra,DOZTY5562T,34,F,2,41327,Salaried,9,0,0,Home Loan,12427029,180,Own,708337,Sonipat,Manipur
CUST-2026-00673,Yamini Desai,POBCJ6597B,41,F,3,33327,Self-Employed,8,1,8113,Personal Loan,675239,60,Own,881149,Hospet,Rajasthan
CUST-2026-00674,Rachita Subramanian,LJCPS6464R,43,F,0,86273,Salaried,14,0,0,Home Loan,14403479,180,Own,755486,Bettiah,Meghalaya
CUST-2026-00675,Kabir Chawla,KEQGB2083M,29,F,2,60486,Business,5,1,12475,Car Loan,460138,60,Rent,110687,Adoni,Mizoram
CUST-2026-00676,Omya Kothari,YKPFJ8266E,35,F,2,48325,Salaried,4,2,7714,Education Loan,3074201,120,Own,301424,Dibrugarh,Madhya Pradesh
CUST-2026-00677,Sneha Deol,RXETS9193S,43,F,3,73863,Professional,17,3,26148,Business Loan,6207375,60,Own,193474,Tiruvottiyur,Himachal Pradesh
CUST-2026-00678,Dipta Kalla,JAQNY9503P,30,M,3,21824,Self-Employed,5,0,0,Business Loan,8963790,12,Rent,520224,Madanapalle,Chhattisgarh
CUST-2026-00679,Kevin Gokhale,MBNSP2082J,46,F,3,29407,Self-Employed,3,2,11333,Education Loan,825032,60,Family,738099,Ramagundam,Gujarat
CUST-2026-00680,Varsha Sahni,YCULI0691U,27,F,2,32550,Salaried,5,0,0,Personal Loan,499771,48,Rent,996965,Bhiwandi,Mizoram
CUST-2026-00681,Hredhaan Bakshi,HDVNW3113Z,48,F,4,32113,Self-Employed,3,1,11791,Car Loan,552255,48,Rent,117054,Bhusawal,Sikkim
CUST-2026-00682,Ryan Loke,NZXHQ7438Z,53,F,2,52664,Self-Employed,17,0,0,Home Loan,4311691,180,Rent,464304,Meerut,Madhya Pradesh
CUST-2026-00683,Madhav Bhatia,QPWBG6891K,44,F,1,85478,Salaried,4,2,8752,Business Loan,1219322,24,Rent,500599,Baranagar,Tripura
CUST-2026-00684,Jagrati Sethi,NJPZM4892O,51,M,1,29527,Salaried,20,1,5936,Personal Loan,645401,36,Own,655060,Kurnool,Tamil Nadu
CUST-2026-00685,Wazir Vaidya,FYNUE5871C,52,F,3,29017,Self-Employed,4,0,0,Personal Loan,1599267,24,Family,411899,Kishanganj,Bihar
CUST-2026-00686,Lila Saha,ESMAE4504Z,28,M,3,70770,Self-Employed,0,0,0,Home Loan,3007449,180,Own,623318,Nashik,Uttar Pradesh
CUST-2026-00687,Agastya Krishnamurthy,NURLX5735F,30,F,2,18962,Salaried,4,0,0,Car Loan,437127,60,Own,204618,Suryapet,Uttar Pradesh
CUST-2026-00688,Ronith Hari,IEOOP7897Z,44,M,2,21638,Salaried,14,1,8129,Home Loan,10970484,180,Family,140689,Kamarhati,Gujarat
CUST-2026-00689,Rachit Ghose,GDSMT4132A,33,M,2,21920,Salaried,2,0,0,Car Loan,1325596,48,Own,433026,Belgaum,Jharkhand
CUST-2026-00690,Priya Mallick,LEIRP7972W,40,F,3,323259,Salaried,3,0,0,Car Loan,2140443,36,Own,292799,Burhanpur,Telangana
CUST-2026-00691,Aadhya Ahluwalia,WOEWG5698Q,52,F,1,45531,Salaried,21,1,6167,Home Loan,7612061,300,Rent,871381,Bikaner,Nagaland
CUST-2026-00692,Mitesh Naidu,VTZTF2396S,38,F,1,12000,Self-Employed,11,1,2663,Home Loan,12194252,300,Family,947490,Bhatpara,Karnataka
CUST-2026-00693,Vritti Parmar,YTRCF2850G,50,F,1,26574,Self-Employed,28,2,3423,Home Loan,4003418,180,Rent,875216,Tadepalligudem,Punjab
CUST-2026-00694,Qarin Verma,WYYKT1176D,53,F,5,44337,Salaried,12,0,0,Home Loan,4046569,120,Own,233816,Hajipur,Assam
CUST-2026-00695,George Palla,TFHFJ2016V,28,F,1,51316,Salaried,5,1,20294,Personal Loan,967791,24,Own,763236,Vijayanagaram,Assam
CUST-2026-00696,Jalsa Memon,RZDHD8573L,48,M,1,67199,Salaried,0,1,19655,Personal Loan,344883,36,Family,714431,Bathinda,Haryana
CUST-2026-00697,Ishwar Pal,DEYOO3718I,44,M,3,50327,Self-Employed,18,0,0,Home Loan,3130209,180,Family,234414,Kishanganj,Gujarat
CUST-2026-00698,Balveer Nagi,ZLWAF1269K,55,M,0,38333,Salaried,7,1,8386,Home Loan,11550673,120,Own,866598,Srikakulam,Manipur
CUST-2026-00699,Barkha Bakshi,YOTLL7635Y,33,M,3,82354,Salaried,11,2,9296,Home Loan,3592029,120,Rent,535240,Kharagpur,Madhya Pradesh
CUST-2026-00700,Vidhi Bassi,DUDFU7424I,63,F,1,12000,Salaried,25,0,0,Car Loan,763723,36,Rent,916520,Kottayam,Mizoram
CUST-2026-00701,Gopal Ganesh,CIBCN4107K,46,M,2,40312,Salaried,3,2,15011,Car Loan,750477,48,Rent,864758,Pondicherry,Jharkhand
CUST-2026-00702,Tanay Samra,JWRLS5425K,27,M,3,129705,Salaried,3,0,0,Personal Loan,101988,12,Rent,300554,Amritsar,Tripura
CUST-2026-00703,Ekbal Dube,KLIIP7705V,30,M,2,40572,Salaried,1,1,6321,Personal Loan,1046154,12,Own,388926,Tiruppur,Uttarakhand
CUST-2026-00704,Gagan Borah,ZBUBP5828P,37,F,0,66542,Salaried,2,2,25099,Education Loan,2461201,60,Own,810145,Bathinda,Andhra Pradesh
CUST-2026-00705,Vedant Kuruvilla,PTCXY1494S,54,F,3,47529,Salaried,2,0,0,Personal Loan,1486875,12,Rent,510789,Chandrapur,Arunachal Pradesh
CUST-2026-00706,Rachita Mutti,ZLASX1496A,32,M,3,77586,Salaried,11,3,29703,Personal Loan,656298,60,Rent,229474,Hospet,Maharashtra
CUST-2026-00707,Dev Bath,YUGRT5587O,31,M,2,102324,Salaried,1,0,0,Education Loan,430094,120,Own,682258,Kochi,Andhra Pradesh
CUST-2026-00708,Bimala Mitra,ZYXHD7483Q,53,M,0,41430,Business,16,1,8890,Business Loan,9026474,12,Rent,184040,Secunderabad,Tamil Nadu
CUST-2026-00709,Lakshmi Rana,MCVVJ0506C,45,M,2,38359,Salaried,0,1,4846,Education Loan,2376849,60,Own,445753,Ichalkaranji,Punjab
CUST-2026-00710,Thomas Deshpande,YMQGP2190S,55,F,2,74663,Salaried,13,1,24003,Home Loan,13683705,300,Rent,812836,Bhalswa Jahangir Pur,Uttarakhand
CUST-2026-00711,Maanas Misra,JULUU6320T,36,F,2,43690,Salaried,15,0,0,Business Loan,9781346,24,Own,505719,Bongaigaon,Telangana
CUST-2026-00712,Jatin Barman,AOCDZ3784R,54,F,3,31960,Self-Employed,29,1,3615,Home Loan,10084911,240,Own,575512,Hyderabad,Sikkim
CUST-2026-00713,Dalaja Kade,DGMZT4546C,39,M,2,67582,Salaried,17,0,0,Personal Loan,528050,60,Own,567083,Siwan,Andhra Pradesh
CUST-2026-00714,Yauvani Dhar,SCFSX3902R,27,M,1,115553,Self-Employed,5,0,0,Personal Loan,1307641,24,Family,324509,Rajpur Sonarpur,Telangana
CUST-2026-00715,Rishi Contractor,AOKBT4977E,38,F,1,30294,Salaried,3,1,10056,Car Loan,432396,48,Rent,396891,Korba,Goa
CUST-2026-00716,Elijah Mannan,IEKJG4669W,44,M,2,100428,Salaried,3,0,0,Car Loan,2035181,36,Rent,990526,Jamalpur,Goa
CUST-2026-00717,Rudra Sur,ZUBDD5187L,59,F,2,48360,Salaried,18,0,0,Business Loan,2014913,36,Own,383908,Chandrapur,Sikkim
CUST-2026-00718,Harish Mane,GZQCP3530A,31,F,3,42063,Self-Employed,3,2,13017,Education Loan,4857685,180,Own,439660,Warangal,Karnataka
CUST-2026-00719,Vedika Seshadri,EVYIW4450O,40,F,3,59976,Professional,17,1,20131,Car Loan,509725,60,Rent,384865,Jammu,Punjab
CUST-2026-00720,Janya Mutti,EKSBK3620W,47,F,3,45238,Salaried,7,2,10577,Home Loan,8285319,300,Rent,774308,Bhimavaram,Karnataka
CUST-2026-00721,Yatin Kant,TPKCE7039Q,55,F,1,28115,Salaried,30,1,10215,Car Loan,2306407,84,Own,250863,Kolkata,Maharashtra
CUST-2026-00722,Krish Narula,ZDWEP9470Z,48,F,2,45867,Salaried,24,2,13381,Home Loan,9462220,300,Rent,628557,Bally,Tamil Nadu
CUST-2026-00723,Dalaja Sur,GTWIL6785O,32,M,5,38214,Salaried,6,0,0,Personal Loan,1978376,24,Own,664448,Amroha,Meghalaya
CUST-2026-00724,Avni Dey,UZGAY2624X,39,M,2,24799,Salaried,3,1,8170,Education Loan,4423351,120,Family,489616,Akola,Nagaland
CUST-2026-00725,Faqid Bahl,KFRQR1118R,29,M,3,53675,Self-Employed,7,1,15538,Personal Loan,227978,48,Own,921130,Firozabad,Nagaland
CUST-2026-00726,Simon Bansal,IQAPU2751T,34,M,3,92869,Salaried,8,0,0,Education Loan,3446599,84,Rent,377314,Amaravati,West Bengal
CUST-2026-00727,Manthan Pau,ZHGRJ2058L,52,F,3,167882,Salaried,22,2,45659,Car Loan,1502111,36,Rent,472116,Tinsukia,Nagaland
CUST-2026-00728,Krish Shetty,YNGOK6595Y,43,F,2,14064,Salaried,0,1,4031,Home Loan,11495134,120,Own,588668,Giridih,Madhya Pradesh
CUST-2026-00729,Yadavi Anne,VWZOZ7112R,29,M,1,136404,Self-Employed,7,0,0,Education Loan,1353687,120,Own,148199,Sikar,Mizoram
CUST-2026-00730,Yoshita Dey,YOZNN0591D,42,F,1,21260,Salaried,3,3,7528,Personal Loan,113089,48,Family,274749,Srikakulam,Sikkim
CUST-2026-00731,Veda Parmer,MKACH3729H,25,M,0,34822,Salaried,0,1,13826,Personal Loan,1869983,60,Family,819609,Mangalore,Manipur
CUST-2026-00732,Dev Lalla,KZIRC0794Y,52,F,4,73244,Salaried,16,1,23137,Home Loan,14637203,180,Own,434357,Morbi,Arunachal Pradesh
CUST-2026-00733,Zarna Patel,LZRKC0692C,35,M,0,75249,Salaried,11,1,21861,Education Loan,2980047,60,Family,158316,Kalyan-Dombivli,Kerala
CUST-2026-00734,Balveer Naik,UTLOH1556F,44,M,5,31203,Business,18,0,0,Personal Loan,137991,60,Rent,495126,Malda,Madhya Pradesh
CUST-2026-00735,Krisha Radhakrishnan,JJPEL0436H,35,F,3,47713,Salaried,8,2,14040,Home Loan,10377472,300,Rent,186177,Firozabad,Bihar
CUST-2026-00736,Krisha Kapoor,JDBLI3944W,28,M,1,14367,Self-Employed,2,0,0,Car Loan,629921,36,Rent,709408,Hazaribagh,Kerala
CUST-2026-00737,Vidhi Subramaniam,KDGEP4500W,27,M,2,37448,Salaried,4,1,14311,Personal Loan,637896,12,Rent,730989,Nagercoil,Mizoram
CUST-2026-00738,Ria Gandhi,NAPDW4059B,51,F,3,12000,Salaried,17,0,0,Home Loan,9655514,120,Own,927368,Orai,Punjab
CUST-2026-00739,Siddharth Doctor,ZNXPX8204U,26,F,1,64384,Salaried,0,0,0,Home Loan,3781909,240,Rent,602834,Kottayam,Haryana
CUST-2026-00740,Victor Sachdeva,BJOSY0596O,56,M,1,26303,Salaried,13,0,0,Business Loan,9597360,36,Own,179113,Mirzapur,Goa
CUST-2026-00741,Varenya Srinivas,DBMVP6049U,52,M,5,58402,Salaried,23,2,17725,Home Loan,14820188,300,Own,707177,Raipur,Uttar Pradesh
CUST-2026-00742,Yagnesh Bassi,GYTKT9751P,27,F,2,33074,Business,1,1,11857,Car Loan,1194806,84,Own,734090,Bulandshahr,Gujarat
CUST-2026-00743,Manan Bhalla,MHZUS4582E,30,F,3,59350,Salaried,0,0,0,Education Loan,3582972,84,Rent,182059,Guntur,Chhattisgarh
CUST-2026-00744,Anirudh Mander,NOZIF9768M,35,M,2,24343,Salaried,6,0,0,Personal Loan,509337,36,Family,678268,Bokaro,Goa
CUST-2026-00745,Vasatika Garde,POITC4676T,53,M,1,35166,Salaried,2,0,0,Car Loan,1163984,48,Rent,120206,Sultan Pur Majra,Assam
CUST-2026-00746,Qabil Vaidya,SJGVY6010C,28,M,0,18768,Salaried,7,1,2318,Personal Loan,421505,24,Rent,535851,Ghaziabad,Haryana
CUST-2026-00747,Ekapad Karpe,FSEWZ6626T,43,M,2,14985,Salaried,1,0,0,Business Loan,1351844,12,Own,463644,Tiruvottiyur,Himachal Pradesh
CUST-2026-00748,Amol Jain,TRQXR8092V,34,F,1,130389,Self-Employed,11,0,0,Home Loan,11481780,120,Family,852704,Mira-Bhayandar,Madhya Pradesh
CUST-2026-00749,Peter Soni,ZIPXY3723S,41,F,3,98198,Salaried,9,0,0,Personal Loan,1364622,60,Family,342136,Jalgaon,Mizoram
CUST-2026-00750,Girik Subramaniam,UXZNS1821J,34,M,2,57634,Salaried,6,2,7689,Home Loan,7990389,300,Rent,156231,Katihar,Punjab
CUST-2026-00751,Raagini Vig,VBFJG8115F,33,F,3,17188,Salaried,12,2,3005,Car Loan,333763,48,Own,474841,Madanapalle,Sikkim
CUST-2026-00752,Veer Subramaniam,OQXVB2695N,40,M,2,65848,Salaried,7,0,0,Business Loan,1670110,12,Rent,143501,Varanasi,Maharashtra
CUST-2026-00753,Pavani Desai,OZLWW0554F,38,M,0,34526,Self-Employed,0,0,0,Personal Loan,1986781,48,Own,699901,Etawah,Uttar Pradesh
CUST-2026-00754,Bhanumati Rege,CMMAP0403F,35,M,4,17186,Business,12,0,0,Personal Loan,1009600,36,Own,305600,Muzaffarpur,Himachal Pradesh
CUST-2026-00755,Jacob Venkatesh,SROLU5235C,31,M,1,12000,Salaried,9,1,1900,Home Loan,10298524,120,Rent,622579,Kolkata,Himachal Pradesh
CUST-2026-00756,Nilima Pathak,IGNVP2539Q,45,F,2,12000,Salaried,22,0,0,Personal Loan,143233,12,Rent,920683,Tiruppur,Andhra Pradesh
CUST-2026-00757,Advika Wason,MAEFH1991E,53,F,3,73410,Homemaker,9,2,28881,Home Loan,10122040,180,Own,900619,Purnia,Bihar
CUST-2026-00758,Mekhala Jani,PSSRT7169I,26,M,1,43425,Salaried,1,2,12941,Personal Loan,188493,48,Family,487385,Pudukkottai,Maharashtra
CUST-2026-00759,Veda Kulkarni,XTNKX4309B,55,M,1,12000,Salaried,27,2,4048,Business Loan,4588595,36,Rent,153442,Mangalore,Maharashtra
CUST-2026-00760,Jagat Karpe,EPKWR7436F,34,M,4,38816,Salaried,9,0,0,Personal Loan,326864,12,Rent,793422,Sikar,Jharkhand
CUST-2026-00761,Yashoda Rattan,UFDMN3538M,40,M,1,70619,Business,17,2,9252,Personal Loan,871836,24,Own,195103,Salem,Manipur
CUST-2026-00762,Naveen Ramachandran,LLZRP1240U,37,M,2,15935,Salaried,11,0,0,Personal Loan,1683268,36,Own,147936,Jamalpur,Uttar Pradesh
CUST-2026-00763,Urishilla Saran,DVIRS2168U,41,M,2,25967,Salaried,3,0,0,Marriage Loan,636297,24,Rent,807791,Mysore,Rajasthan
CUST-2026-00764,Kamala Buch,IVCPR2232E,52,M,2,23967,Homemaker,19,0,0,Personal Loan,904723,24,Rent,869542,Firozabad,Assam
CUST-2026-00765,Bhavini Bhandari,VWNKJ7347W,44,F,4,37375,Salaried,7,0,0,Business Loan,1082747,24,Own,850721,Yamunanagar,Punjab
CUST-2026-00766,Advaith Jaggi,JMWKY5590G,39,F,2,80332,Self-Employed,8,1,28864,Car Loan,1136211,60,Family,567794,Shimla,Tripura
CUST-2026-00767,Yashvi Varty,TPIYO3818H,53,M,0,32900,Salaried,29,0,0,Car Loan,1584922,36,Rent,304370,Jammu,West Bengal
CUST-2026-00768,Balendra Parsa,QPGXY8333W,23,F,1,25306,Retired,1,0,0,Home Loan,6296861,120,Family,387634,Srikakulam,Tamil Nadu
CUST-2026-00769,Anya Ratta,VXDDJ5092F,48,F,2,12000,Salaried,21,2,1322,Personal Loan,1489188,12,Rent,666616,Sangli-Miraj & Kupwad,Haryana
CUST-2026-00770,Zarna Aurora,WYRRK3719O,31,F,3,44900,Salaried,10,1,15610,Car Loan,771559,84,Own,281548,Machilipatnam,Kerala
CUST-2026-00771,Ijaya Palan,LNAYI5909P,36,F,2,34183,Salaried,3,0,0,Home Loan,2282511,240,Rent,963197,Mysore,Telangana
CUST-2026-00772,Suhani Raval,USMEA1337Q,50,M,3,33226,Salaried,13,0,0,Car Loan,817652,48,Rent,664788,Kamarhati,Uttarakhand
CUST-2026-00773,Niharika Toor,RXDDS8268T,46,M,4,56737,Salaried,7,0,0,Personal Loan,1340524,36,Rent,801299,Bhilwara,Odisha
CUST-2026-00774,Harini Dada,ZMCBZ0167D,41,M,1,174937,Business,7,1,32271,Home Loan,8600568,300,Own,477011,Ambala,Bihar
CUST-2026-00775,Saanvi Purohit,RVLSG8743Y,46,M,3,36585,Business,17,0,0,Marriage Loan,1274867,24,Rent,626943,Siwan,Uttar Pradesh
CUST-2026-00776,Tara Sharma,ORTEV9617L,32,M,1,58134,Homemaker,11,1,9290,Education Loan,2649783,120,Family,472919,Latur,Odisha
CUST-2026-00777,Aarna Bir,CBKUH8062R,35,F,1,32517,Salaried,6,0,0,Business Loan,8532737,24,Own,789220,Ongole,Odisha
CUST-2026-00778,Nitara Pandit,MJBSU0357U,56,M,2,56740,Salaried,12,1,22343,Education Loan,3549541,84,Rent,865075,Berhampur,Madhya Pradesh
CUST-2026-00779,Bhavna Chander,IOJEM0124F,42,F,0,60503,Salaried,18,2,9042,Personal Loan,838477,60,Family,729640,Firozabad,Mizoram
CUST-2026-00780,Vamakshi Murthy,XQMOL0940N,42,M,2,54283,Self-Employed,2,0,0,Home Loan,4885396,180,Rent,560884,Aurangabad,Madhya Pradesh
CUST-2026-00781,Qadim Gupta,QFQOX6266M,37,F,1,22649,Salaried,0,0,0,Car Loan,2292941,84,Own,991496,Chapra,Kerala
CUST-2026-00782,Alka Jhaveri,JAJUH2672A,33,M,0,46843,Salaried,5,0,0,Home Loan,2266394,180,Own,182618,Noida,Meghalaya
CUST-2026-00783,Nachiket Chhabra,XCVKJ6080N,44,M,1,126680,Salaried,17,1,41193,Car Loan,1548828,84,Rent,434545,Kulti,Haryana
CUST-2026-00784,Brijesh Subramaniam,OJOJI0340L,31,F,2,42739,Self-Employed,4,1,14373,Home Loan,9291390,300,Own,775835,Kumbakonam,Bihar
CUST-2026-00785,Vritti Goswami,VTPJH6297J,34,M,2,38650,Salaried,3,3,9009,Personal Loan,1971337,60,Rent,696774,Kumbakonam,Kerala
CUST-2026-00786,Kabir Bhagat,HLFWW2566R,45,F,3,230121,Salaried,3,0,0,Business Loan,4603508,24,Rent,381035,Sikar,Tripura
CUST-2026-00787,Yadavi Palan,CAXOD6140K,30,M,0,31075,Self-Employed,7,1,6687,Marriage Loan,1218156,36,Own,275354,Morena,Mizoram
CUST-2026-00788,Zarna Sharma,HOWJB7200X,33,F,1,91641,Salaried,7,2,13486,Business Loan,2608240,12,Own,154996,Berhampore,Madhya Pradesh
CUST-2026-00789,Ladli Chaudhuri,MAYZC5207R,51,M,1,31986,Business,16,1,9614,Home Loan,11270216,240,Rent,990367,Ahmedabad,Karnataka
CUST-2026-00790,Rachit Lall,ERDWF4146A,33,F,2,37815,Salaried,8,1,4568,Business Loan,5476514,24,Own,537186,Pudukkottai,Karnataka
CUST-2026-00791,Jasmit Gour,ISDWJ5086U,33,F,3,29983,Self-Employed,10,0,0,Education Loan,435052,60,Rent,792755,Chittoor,Haryana
CUST-2026-00792,Kashish Patla,UJBEO9434K,42,F,2,27419,Salaried,1,0,0,Education Loan,690275,84,Own,942506,Bhagalpur,Meghalaya
CUST-2026-00793,Pranit Deep,FFGMB6644A,45,M,1,53837,Salaried,4,0,0,Personal Loan,276087,24,Own,120445,Parbhani,West Bengal
CUST-2026-00794,Warinder Sankaran,BYEGP7810I,36,F,1,41500,Self-Employed,10,0,0,Personal Loan,413983,36,Rent,330840,Salem,Odisha
CUST-2026-00795,Mason Solanki,YRDBJ4848V,44,M,0,48489,Professional,18,2,17908,Marriage Loan,134362,12,Rent,280965,Thiruvananthapuram,West Bengal
CUST-2026-00796,Xalak Desai,KQFWL7415C,51,F,3,41017,Salaried,26,0,0,Home Loan,14697960,180,Family,162478,Belgaum,Uttar Pradesh
CUST-2026-00797,Zashil Batta,TYMQL7011C,30,F,2,106475,Self-Employed,6,0,0,Personal Loan,1544454,36,Family,869911,Morbi,West Bengal
CUST-2026-00798,Tanveer Kumar,UYPJP6235X,59,M,2,61642,Self-Employed,1,1,8586,Car Loan,507549,84,Own,147806,Ujjain,Madhya Pradesh
CUST-2026-00799,Abha Patel,WDCER6283G,52,M,2,28051,Salaried,12,1,6897,Home Loan,9123625,180,Own,488239,Hospet,Meghalaya
CUST-2026-00800,Nisha Dara,MPXAM8036Y,53,M,2,71426,Salaried,9,0,0,Business Loan,810742,36,Rent,653755,Hapur,Kerala
CUST-2026-00801,Bhavani Pant,REWTK2443F,38,F,0,70634,Self-Employed,14,0,0,Personal Loan,1945350,24,Own,775491,Gangtok,Kerala
CUST-2026-00802,Lakshmi Mangat,BYYTF1377M,29,F,2,34054,Salaried,2,0,0,Car Loan,961307,48,Rent,232711,Amroha,Karnataka
CUST-2026-00803,Oviya Ravel,QARIF7258B,31,M,2,60635,Salaried,9,1,11957,Home Loan,7824728,120,Own,381801,Rourkela,Manipur
CUST-2026-00804,Hemal Kari,KMKXC5525M,32,M,3,76080,Salaried,10,2,11299,Personal Loan,1178952,24,Family,679839,Vijayawada,West Bengal
CUST-2026-00805,Megha Madan,GIITK4933X,33,F,3,153422,Salaried,6,0,0,Business Loan,8852168,60,Rent,613780,Jalna,Karnataka
CUST-2026-00806,Odika Ganesh,HBHPN7179S,28,F,3,16437,Salaried,2,1,5215,Education Loan,1701944,60,Own,127939,Dharmavaram,Manipur
CUST-2026-00807,Zayan Buch,SCOBW4061A,46,M,0,97434,Business,13,1,29209,Marriage Loan,682347,12,Rent,648641,Cuttack,Goa
CUST-2026-00808,Girish Bhatt,HXXOA3698T,26,F,4,84655,Salaried,3,0,0,Home Loan,6898328,120,Own,298178,Sikar,Gujarat
CUST-2026-00809,Fiyaz Chawla,PKUYF4903D,30,M,0,29599,Salaried,7,1,6957,Business Loan,3474774,24,Family,635968,Indore,Meghalaya
CUST-2026-00810,Dayamai Karnik,EXSDR8728O,51,F,1,41272,Salaried,30,1,4140,Marriage Loan,498190,24,Rent,939531,Guwahati,Himachal Pradesh
CUST-2026-00811,Karan Vyas,JPAXN1627T,45,M,2,114327,Salaried,15,0,0,Home Loan,2228949,300,Rent,868490,Mango,Haryana
CUST-2026-00812,Ishanvi Nanda,ZVDKJ9331L,28,F,4,63651,Salaried,3,1,16159,Car Loan,2386576,48,Rent,127445,Bhopal,Uttarakhand
CUST-2026-00813,Sai Deshmukh,QTTXP6461T,40,M,1,40543,Salaried,18,2,6716,Car Loan,1237492,60,Rent,768794,Bhind,West Bengal
CUST-2026-00814,Radhika Viswanathan,GJQOK0588J,35,F,0,36472,Salaried,8,0,0,Education Loan,4035978,120,Rent,632223,Gudivada,Tamil Nadu
CUST-2026-00815,Utkarsh Chakraborty,HPAHA6653A,28,F,1,103369,Self-Employed,3,0,0,Personal Loan,1745394,60,Own,509320,Sri Ganganagar,Rajasthan
CUST-2026-00816,Abha Dugal,NUAWO1604V,33,M,1,17626,Salaried,0,0,0,Personal Loan,617404,60,Rent,485988,Ambarnath,Manipur
CUST-2026-00817,Hemangini Mangat,UXBFR7745Y,48,M,2,65213,Business,3,1,20152,Marriage Loan,596107,12,Own,578796,Mumbai,Jharkhand
CUST-2026-00818,Chandani Andra,VZLON4701P,40,M,0,106412,Salaried,17,0,0,Personal Loan,1781131,48,Family,807268,Pallavaram,Meghalaya
CUST-2026-00819,Abhimanyu Prakash,DPBMR9598L,29,M,0,54050,Salaried,1,0,0,Home Loan,6459788,240,Family,374310,Jalna,Tripura
CUST-2026-00820,Megha Krish,EYEPI2664A,29,M,2,65834,Salaried,5,1,20876,Business Loan,2797254,36,Family,915431,Kishanganj,Gujarat
CUST-2026-00821,Adya Buch,VGFAV9272F,32,F,2,33154,Self-Employed,5,0,0,Home Loan,8832874,240,Own,999301,Burhanpur,Goa
CUST-2026-00822,Bhavani Wali,DZMLH6765W,44,M,0,31402,Salaried,2,2,4253,Business Loan,8423903,24,Family,781186,Hazaribagh,Maharashtra
CUST-2026-00823,Ekapad Gopal,IJCBI0803C,43,F,1,51327,Self-Employed,11,0,0,Business Loan,2201262,60,Own,636760,Haridwar,Uttar Pradesh
CUST-2026-00824,Sneha Magar,LJHUO1292K,32,F,1,38374,Self-Employed,5,1,8712,Car Loan,1540660,36,Rent,995108,Bhubaneswar,Chhattisgarh
CUST-2026-00825,Anirudh Doshi,NNXVO3151J,31,M,1,24934,Salaried,1,1,4456,Education Loan,4571854,84,Own,149253,Maheshtala,Tamil Nadu
CUST-2026-00826,Baghyawati Luthra,VUBNW3612M,49,F,1,61225,Salaried,22,0,0,Car Loan,1192157,60,Rent,616076,Gaya,Arunachal Pradesh
CUST-2026-00827,Gautam Dora,GJUGX0550B,37,F,2,37284,Business,2,3,7405,Home Loan,8144679,180,Rent,713552,Bangalore,Chhattisgarh
CUST-2026-00828,Osha Muni,HHQKT5569V,28,F,2,54090,Salaried,5,0,0,Personal Loan,1183096,60,Own,657428,Bellary,Andhra Pradesh
CUST-2026-00829,Azad Narayanan,TVBDL5768U,41,F,2,37440,Business,15,0,0,Personal Loan,780919,60,Own,653491,Serampore,Uttar Pradesh
CUST-2026-00830,Manya Bora,YVUUF4853Q,49,M,1,50749,Professional,14,2,12645,Home Loan,7005715,240,Family,385453,Pimpri-Chinchwad,Assam
CUST-2026-00831,Zashil Raj,HXOXA7688S,28,M,3,54723,Salaried,6,2,9210,Education Loan,2261598,180,Rent,193663,Bokaro,Nagaland
CUST-2026-00832,Lekha Savant,CVINT7477V,41,M,3,37974,Salaried,4,1,10763,Business Loan,3985061,24,Rent,501821,Bhilai,Uttarakhand
CUST-2026-00833,Girindra Verma,WJGLO6351Q,33,M,2,24382,Salaried,0,0,0,Business Loan,2608060,60,Own,787714,Davanagere,Haryana
CUST-2026-00834,Devika Naidu,DLFJS4237B,44,M,1,23358,Salaried,10,2,8848,Education Loan,4362337,84,Own,531588,Bhalswa Jahangir Pur,Sikkim
CUST-2026-00835,Zehaan Srivastava,JPOJU1329T,44,F,2,91111,Salaried,9,0,0,Home Loan,12416288,240,Family,970264,Jamalpur,Goa
CUST-2026-00836,Charles Kamdar,XHNJG0740D,25,M,3,112868,Salaried,0,2,38930,Marriage Loan,1463477,48,Own,469783,Davanagere,Rajasthan
CUST-2026-00837,Alexander Ganesh,EOAMF2421Q,41,F,4,12000,Salaried,20,2,2877,Education Loan,559482,120,Family,149294,Raebareli,Bihar
CUST-2026-00838,Meghana Kibe,UKKSW6699S,51,F,2,65351,Salaried,18,0,0,Car Loan,1186737,36,Rent,713071,Bhimavaram,Uttar Pradesh
CUST-2026-00839,Mohammed Prabhu,DMLXA9899Z,30,F,4,46480,Business,5,0,0,Personal Loan,1793064,36,Rent,585713,Amaravati,Andhra Pradesh
CUST-2026-00840,Xalak Chand,TFHMA2200D,28,F,3,33002,Salaried,1,1,6667,Personal Loan,979431,36,Family,343251,Kulti,Tripura
CUST-2026-00841,Ishani Dube,XPSJM0700W,55,F,1,26481,Salaried,5,3,10216,Home Loan,12492579,180,Family,353945,Allahabad,Sikkim
CUST-2026-00842,Viraj Nadig,YDHYA7513I,37,F,0,27746,Retired,7,2,4007,Home Loan,9598717,240,Own,775104,Cuttack,Tamil Nadu
CUST-2026-00843,Ansh Purohit,NQAHN0300R,51,F,1,44053,Salaried,9,0,0,Education Loan,1995035,84,Own,223123,Bahraich,Nagaland
CUST-2026-00844,Vedhika Sarma,YPAMP0023Z,35,M,0,19038,Self-Employed,6,2,5295,Personal Loan,196965,60,Own,539151,Chandrapur,Kerala
CUST-2026-00845,Ranveer Grover,OTMBK1182W,39,M,0,39319,Salaried,1,1,6743,Home Loan,3331351,180,Rent,509167,Hosur,Nagaland
CUST-2026-00846,Anvi Dyal,WYDJC3119I,46,F,3,128051,Salaried,8,0,0,Car Loan,906914,48,Rent,417376,North Dumdum,Nagaland
CUST-2026-00847,Adya Peri,JCXMC4870V,46,M,4,74939,Business,5,0,0,Home Loan,12814603,180,Own,765895,Hospet,Assam
CUST-2026-00848,Qasim Bahl,PVELW9778N,29,F,3,30702,Salaried,0,0,0,Home Loan,12697362,120,Own,673111,Guna,Manipur
CUST-2026-00849,Ekani Bhatnagar,ATLRZ9102S,32,F,3,121570,Salaried,3,0,0,Marriage Loan,120282,36,Own,381391,Udupi,Punjab
CUST-2026-00850,Mitesh Mandal,IFONH9012Q,28,F,1,12588,Self-Employed,3,0,0,Marriage Loan,1411406,24,Rent,933576,Jhansi,Sikkim
CUST-2026-00851,Gopal Virk,FBANG2742D,35,F,2,12000,Self-Employed,11,0,0,Home Loan,7017245,120,Family,908347,Pondicherry,Karnataka
CUST-2026-00852,Pranav Balay,JTQVD4975R,41,M,2,65401,Retired,3,0,0,Car Loan,311115,36,Rent,206832,Varanasi,Sikkim
CUST-2026-00853,Hardik Balay,LZKBA5852H,56,F,3,55892,Salaried,23,0,0,Personal Loan,1817155,12,Family,684215,Shivpuri,Gujarat
CUST-2026-00854,Chandran Peri,TZIZE2803K,31,M,3,63221,Salaried,1,1,9112,Car Loan,1849292,60,Own,258397,Unnao,Odisha
CUST-2026-00855,Vyanjana Buch,LSCOG6017C,46,F,2,19301,Professional,19,1,4251,Personal Loan,1526507,36,Family,562925,Ahmedabad,Haryana
CUST-2026-00856,Jyoti Bhardwaj,NBGID2961J,43,M,4,64640,Salaried,9,3,11355,Marriage Loan,920158,24,Own,473490,Karimnagar,Manipur
CUST-2026-00857,Ekavir Modi,RYQUZ3068D,29,M,1,41974,Salaried,1,3,13372,Marriage Loan,1256915,36,Own,231840,Dehri,Uttarakhand
CUST-2026-00858,Harrison Kashyap,XFXOZ6000I,51,M,2,40520,Salaried,17,0,0,Home Loan,2954012,120,Own,891858,Kadapa,Assam
CUST-2026-00859,Yuvraj Gola,ZKFQJ9102L,56,F,0,73173,Salaried,30,2,15789,Car Loan,492952,60,Rent,261338,Jhansi,Nagaland
CUST-2026-00860,Tara Sane,TTDLY3958W,38,M,4,12000,Salaried,11,1,2927,Home Loan,8375845,180,Own,443291,Aligarh,Nagaland
CUST-2026-00861,Yamini Nazareth,MVRPQ3091Q,48,F,4,80050,Salaried,19,2,21399,Business Loan,7915493,36,Rent,417707,Bokaro,Bihar
CUST-2026-00862,Indira Murty,CULGT3351M,33,F,5,32595,Salaried,0,0,0,Car Loan,1887140,48,Family,268142,Deoghar,Sikkim
CUST-2026-00863,Qushi Naik,GWLHI5285F,42,F,3,53532,Salaried,21,1,13431,Education Loan,4786068,60,Rent,596120,Serampore,Nagaland
CUST-2026-00864,Keya Kumar,CVJFT0720W,44,F,2,40189,Salaried,8,2,4317,Car Loan,712466,36,Family,300574,Phusro,Punjab
CUST-2026-00865,Aadi Banerjee,FBSCL8690C,35,F,2,113573,Business,3,0,0,Home Loan,13747045,300,Own,171294,Sultan Pur Majra,Kerala
CUST-2026-00866,Chasmum Ahuja,CQKYT9667B,48,M,4,42864,Salaried,22,0,0,Home Loan,9328832,300,Own,895609,Kadapa,Jharkhand
CUST-2026-00867,Anthony Majumdar,IIEDM1584X,44,F,0,140045,Self-Employed,16,0,0,Car Loan,339533,36,Own,568804,Kakinada,Jharkhand
CUST-2026-00868,Triveni Parekh,ZEXRW5924D,22,M,3,50294,Salaried,0,2,6762,Car Loan,2447423,36,Rent,602812,Bareilly,Nagaland
CUST-2026-00869,Zaid Kaul,OUMZA1281Y,39,F,1,24490,Salaried,3,2,2506,Home Loan,6311637,120,Rent,861114,Bilaspur,Chhattisgarh
CUST-2026-00870,Teerth Brahmbhatt,LRBQD5996E,29,F,4,38698,Retired,6,1,11338,Home Loan,12680031,300,Own,949749,Tiruchirappalli,Himachal Pradesh
CUST-2026-00871,Vinaya Chandran,HFTCN2152C,27,M,3,83707,Salaried,0,0,0,Car Loan,2492286,60,Family,274145,Karawal Nagar,Telangana
CUST-2026-00872,Farhan Bhalla,JSTSZ6472T,31,M,1,19523,Business,1,2,4543,Business Loan,1286024,24,Own,184731,Agra,Punjab
CUST-2026-00873,Omaja Dara,ITXCO0448E,50,M,1,29372,Salaried,16,2,9891,Business Loan,2551509,36,Rent,688615,Karnal,Tripura
CUST-2026-00874,Lavanya Bhagat,JDULT9744E,31,F,3,44223,Salaried,2,0,0,Business Loan,1265283,60,Own,880024,Madanapalle,West Bengal
CUST-2026-00875,Eta Thakkar,BCIZN7820J,25,M,2,92245,Salaried,2,1,24975,Personal Loan,1394730,24,Rent,867765,Imphal,Jharkhand
CUST-2026-00876,Maya Sehgal,ENHBK2063G,38,F,3,61969,Salaried,5,0,0,Education Loan,3508695,180,Family,582770,Jamnagar,Tamil Nadu
CUST-2026-00877,Bimala Ramesh,LNMBX6759M,29,M,3,20415,Professional,7,0,0,Home Loan,11629110,180,Own,664712,Korba,Tripura
CUST-2026-00878,Vamakshi Bawa,KCXPL9736X,40,M,1,127944,Self-Employed,8,0,0,Education Loan,4602562,84,Rent,715774,Naihati,Chhattisgarh
CUST-2026-00879,Mohini Thaker,GUGVM8717F,33,F,0,41024,Salaried,11,0,0,Home Loan,8820472,120,Rent,138963,Firozabad,Nagaland
CUST-2026-00880,Rudra Sura,CEUEW3284R,26,M,1,61863,Salaried,0,2,18342,Personal Loan,1077805,48,Rent,625711,Bhavnagar,Maharashtra
CUST-2026-00881,Xavier Bora,UAZXE3404A,31,F,1,19385,Salaried,3,1,3405,Home Loan,4522966,300,Family,706262,Kishanganj,Madhya Pradesh
CUST-2026-00882,Isaiah Sachdev,EVEXJ2181I,51,F,2,38219,Business,1,2,15048,Home Loan,2051939,240,Rent,328816,North Dumdum,Himachal Pradesh
CUST-2026-00883,Ekani Padmanabhan,FPDSZ4508D,47,F,4,20685,Self-Employed,24,2,4198,Home Loan,7368570,240,Own,742945,Karnal,Maharashtra
CUST-2026-00884,Inaya Sathe,OHZPG7507Q,48,M,1,50665,Salaried,13,1,12480,Car Loan,1688850,48,Rent,284278,Farrukhabad,Punjab
CUST-2026-00885,Vivaan Iyengar,VHVQH5951F,50,F,1,59145,Homemaker,27,0,0,Home Loan,4623427,120,Family,924356,Gandhidham,Punjab
CUST-2026-00886,Isaiah Bhagat,FIISX2455R,34,M,1,31929,Salaried,5,2,8621,Car Loan,549055,36,Rent,874817,Bhatpara,Sikkim
CUST-2026-00887,Hemal Choudhry,AOTZF1922F,32,M,2,66569,Business,4,2,19570,Business Loan,7659756,24,Own,673509,Tumkur,Haryana
CUST-2026-00888,Garima Kadakia,KBLPH0017I,51,M,2,26946,Salaried,27,1,7730,Home Loan,2446936,120,Own,630527,Chittoor,Jharkhand
CUST-2026-00889,Vasudha Dhaliwal,MDWQK3810T,42,M,4,38724,Salaried,15,0,0,Personal Loan,318663,48,Family,397383,Kurnool,Telangana
CUST-2026-00890,Aadhya Garde,BRWJI2715D,36,F,3,61614,Business,8,0,0,Home Loan,2524826,180,Own,221039,Gandhinagar,Tamil Nadu
CUST-2026-00891,Chatresh Shroff,WDCOS2739Z,33,M,2,18995,Salaried,2,0,0,Personal Loan,316023,36,Rent,373533,Kollam,Arunachal Pradesh
CUST-2026-00892,Anika Parsa,TPZLC8914R,28,M,3,99478,Salaried,7,0,0,Car Loan,1903078,48,Family,355869,Jabalpur,Rajasthan
CUST-2026-00893,Libni Kashyap,SSMKE7246Y,42,F,1,88510,Salaried,11,1,26231,Home Loan,13895297,180,Family,446215,Surat,West Bengal
CUST-2026-00894,Gaurang Grewal,WACES6618J,30,F,4,147351,Salaried,5,0,0,Personal Loan,403942,60,Own,302484,Satna,Madhya Pradesh
CUST-2026-00895,Balveer Kota,ASKES0409K,36,F,1,53796,Professional,5,0,0,Home Loan,6323005,180,Rent,936342,Kishanganj,Gujarat
CUST-2026-00896,Maya Dugar,TCFJF6124C,49,M,4,36073,Salaried,26,0,0,Home Loan,13532224,180,Rent,162327,Thoothukudi,Mizoram
CUST-2026-00897,Chasmum Keer,MLDHS7303O,56,M,2,19292,Salaried,12,0,0,Home Loan,12993858,300,Rent,167560,Nagercoil,Andhra Pradesh
CUST-2026-00898,Lila Balan,YQHCL1203J,30,F,2,39512,Salaried,3,1,7319,Marriage Loan,515712,48,Own,784145,Ghaziabad,Mizoram
CUST-2026-00899,Harita Ramaswamy,UPEZV8848D,28,M,2,39071,Salaried,5,0,0,Car Loan,432733,84,Family,328553,Kamarhati,Nagaland
CUST-2026-00900,Utkarsh Sahni,UCMFI7753I,38,F,0,61711,Salaried,5,0,0,Home Loan,10901312,180,Own,389560,Chandigarh,Sikkim
CUST-2026-00901,Forum Sen,LSBAY5286K,36,M,1,36244,Business,4,0,0,Personal Loan,639035,48,Own,650770,Purnia,Haryana
CUST-2026-00902,Samaksh Devi,RBMQK0259I,37,F,1,36984,Salaried,0,2,4230,Personal Loan,512158,48,Rent,384570,Tiruppur,Nagaland
CUST-2026-00903,Nakul Nadkarni,RKGOV9068C,32,F,0,59756,Self-Employed,10,3,17489,Business Loan,4801799,60,Rent,247756,Chinsurah,Jharkhand
CUST-2026-00904,Madhav Balan,VOAZJ7430W,38,M,4,19868,Self-Employed,3,0,0,Personal Loan,751542,12,Rent,791378,Udaipur,Assam
CUST-2026-00905,Chavvi Savant,ODTKX4520A,31,F,4,51363,Salaried,7,1,16045,Home Loan,8287248,300,Rent,236084,Haridwar,Tripura
CUST-2026-00906,Hredhaan Deep,KHVSS8543X,46,F,2,44920,Salaried,10,1,17735,Education Loan,3448159,180,Rent,710458,Saharanpur,Telangana
CUST-2026-00907,Vihaan Kata,CWRLK2874F,49,F,3,138256,Salaried,4,2,43670,Home Loan,12370154,300,Rent,911996,Pudukkottai,Goa
CUST-2026-00908,Vansha Desai,DESZU7207A,40,M,2,157744,Salaried,16,2,21022,Personal Loan,1238351,60,Family,624367,Secunderabad,Haryana
CUST-2026-00909,Lila Swamy,RGIRQ6135N,38,F,2,17059,Salaried,6,1,6549,Personal Loan,1444330,24,Family,201329,Dindigul,Mizoram
CUST-2026-00910,Upkaar Bali,GXTHU8676X,36,F,2,20046,Salaried,6,0,0,Home Loan,11688101,180,Family,394746,Ujjain,Meghalaya
CUST-2026-00911,Tristan Jain,NWTXC6279V,27,M,2,45846,Salaried,3,3,9025,Personal Loan,1471451,12,Own,786542,Gopalpur,Maharashtra
CUST-2026-00912,Reva Suri,LBAQA6884M,29,M,1,23059,Salaried,7,0,0,Personal Loan,377314,48,Rent,154598,Amritsar,Tripura
CUST-2026-00913,Prisha Ravel,NPIOQ4205N,29,M,2,39178,Business,4,2,12544,Car Loan,426629,36,Rent,651422,Berhampore,Tamil Nadu
CUST-2026-00914,Dhriti Ramesh,AQLQU9468I,55,M,3,93972,Salaried,25,0,0,Car Loan,365246,36,Rent,991509,Narasaraopet,Tripura
CUST-2026-00915,Siya Shan,HRRHR3400E,32,F,3,29503,Self-Employed,5,3,10888,Business Loan,1862695,24,Own,892635,Saharsa,Punjab
CUST-2026-00916,Balveer Ram,HJDTR0364Q,57,F,2,26592,Business,29,1,4706,Personal Loan,1411104,48,Own,900852,Sambalpur,Uttarakhand
CUST-2026-00917,Ria Rao,OZGJY4111N,46,F,3,70551,Salaried,7,2,15967,Education Loan,4478364,84,Own,861672,Jhansi,Mizoram
CUST-2026-00918,Pahal Menon,XDBGP3146A,25,F,3,61944,Salaried,2,1,10432,Car Loan,1601962,84,Family,808957,Surendranagar Dudhrej,Jharkhand
CUST-2026-00919,Ubika Seth,OMZOM4637A,35,F,0,19720,Salaried,2,0,0,Car Loan,947264,48,Own,898001,Hazaribagh,Punjab
CUST-2026-00920,Maya Sachdev,CZKAX2096M,33,M,1,19447,Business,4,2,3967,Home Loan,4857826,180,Family,738612,Bokaro,Assam
CUST-2026-00921,Sudiksha Jaggi,FVMDQ5155U,29,M,4,22625,Salaried,0,2,8251,Business Loan,1686433,24,Own,127494,Nagpur,Karnataka
CUST-2026-00922,Nihal Dasgupta,GVAYZ4919R,33,F,1,106304,Self-Employed,4,2,21427,Personal Loan,1537763,24,Own,301524,Chandrapur,Manipur
CUST-2026-00923,Frederick Viswanathan,CRGYL4155P,53,F,1,105257,Homemaker,26,0,0,Marriage Loan,875991,48,Rent,114524,Hospet,Assam
CUST-2026-00924,Kritika Rai,IKAMM6093H,29,F,3,125004,Salaried,2,0,0,Marriage Loan,1477091,24,Rent,758726,Sasaram,Tamil Nadu
CUST-2026-00925,Nicholas Dhillon,BHEHZ2450I,35,M,4,23464,Self-Employed,13,1,8262,Home Loan,4826518,300,Own,591949,Thanjavur,Arunachal Pradesh
CUST-2026-00926,Dayamai Sehgal,UPUQZ6890W,37,M,2,113929,Salaried,7,0,0,Home Loan,1586205,300,Own,189919,Gurgaon,Goa
CUST-2026-00927,Samaksh Aggarwal,AJTSV3827T,31,M,3,50076,Salaried,3,3,5613,Personal Loan,203877,60,Rent,643604,Kochi,Jharkhand
CUST-2026-00928,Widisha Tara,XDHAT6751Z,35,F,1,15200,Salaried,0,0,0,Personal Loan,1921206,12,Rent,444426,Ahmedabad,Punjab
CUST-2026-00929,Wazir Kalla,TRNAK1609J,39,M,2,38097,Professional,1,0,0,Car Loan,1974954,60,Rent,837055,Narasaraopet,Nagaland
CUST-2026-00930,Riya Buch,NNBTL0764B,43,M,3,66581,Salaried,6,0,0,Home Loan,9358829,240,Own,131669,Malda,Odisha
CUST-2026-00931,Sarthak Bawa,RXVJC5553Z,40,M,4,84673,Self-Employed,17,2,31167,Personal Loan,641706,24,Own,319393,Sambalpur,Punjab
CUST-2026-00932,Balhaar Dhillon,XRMYJ2467R,35,M,2,12000,Salaried,7,1,3953,Marriage Loan,407736,12,Own,739796,Pimpri-Chinchwad,Goa
CUST-2026-00933,Garima Chahal,DKGSO9391M,43,M,4,67752,Self-Employed,19,1,14766,Personal Loan,933371,48,Rent,538002,Gangtok,West Bengal
CUST-2026-00934,Neel Mane,BGKGV3156U,26,F,0,19749,Professional,0,0,0,Car Loan,1983110,36,Own,962074,Erode,Arunachal Pradesh
CUST-2026-00935,Balendra Chander,JAGEF9756L,41,F,3,63625,Salaried,6,1,10237,Marriage Loan,223107,24,Rent,260117,Sirsa,Punjab
CUST-2026-00936,Ladli Bir,VZPDI7922K,31,M,2,46257,Business,7,0,0,Education Loan,4335555,120,Rent,380312,North Dumdum,Tripura
CUST-2026-00937,Brinda Sinha,EEUJD6063H,31,M,1,84784,Salaried,5,1,17764,Business Loan,5247786,36,Own,535874,Jamalpur,Tripura
CUST-2026-00938,Odika Vohra,AFUBN0310O,58,F,1,39669,Salaried,0,0,0,Home Loan,12243239,180,Rent,535832,Panipat,Chhattisgarh
CUST-2026-00939,Ikbal Wadhwa,FPHOB3272V,31,M,2,76302,Salaried,8,0,0,Home Loan,3663397,180,Own,188700,Pudukkottai,Gujarat
CUST-2026-00940,Prisha Nadig,ZYWKF3851K,48,F,2,29673,Salaried,23,0,0,Personal Loan,1150402,60,Rent,565845,Mahbubnagar,Assam
CUST-2026-00941,Zinal Tank,MMTOG0651T,44,F,1,64814,Salaried,0,0,0,Car Loan,1079030,48,Family,837780,Bikaner,Himachal Pradesh
CUST-2026-00942,Bina Hari,EODGE3893S,34,F,1,78933,Salaried,12,1,14785,Personal Loan,1854832,48,Own,151858,Phagwara,Meghalaya
CUST-2026-00943,Jacob Johal,RACRA4171I,42,F,1,42537,Professional,5,0,0,Personal Loan,759147,24,Own,359875,Nagpur,Andhra Pradesh
CUST-2026-00944,Gauri Palla,IGIXB9356C,32,M,4,44049,Salaried,2,2,4552,Education Loan,4253974,120,Rent,198190,Haridwar,Uttar Pradesh
CUST-2026-00945,Baghyawati Kumar,FBXNY9424Z,30,M,1,29522,Self-Employed,6,3,5418,Business Loan,8767193,60,Rent,338951,Hyderabad,Nagaland
CUST-2026-00946,Yashawini Naik,SAMSS1406N,36,M,2,18678,Salaried,10,0,0,Personal Loan,688028,24,Rent,198935,Aizawl,Uttar Pradesh
CUST-2026-00947,Harita Randhawa,ENZQU9879X,37,F,2,38212,Salaried,0,2,10861,Education Loan,315707,60,Own,534504,Raipur,Tripura
CUST-2026-00948,Ganga Nigam,ZUGXN0788A,26,F,1,61207,Salaried,4,2,21992,Personal Loan,1808761,60,Rent,993021,Akola,Telangana
CUST-2026-00949,Laban Subramaniam,DEOSW8081T,51,M,1,20300,Salaried,4,0,0,Home Loan,11406570,240,Family,216357,Bhalswa Jahangir Pur,Sikkim
CUST-2026-00950,Turvi Sachdev,EXQIS7605Q,32,F,1,22161,Self-Employed,2,0,0,Home Loan,11425038,240,Family,424753,Jorhat,Chhattisgarh
CUST-2026-00951,Diya Wason,ZFSOJ3755I,38,M,1,47496,Salaried,10,1,18639,Home Loan,8008433,120,Own,190778,Saharsa,Telangana
CUST-2026-00952,Irya Bhatti,WLFUB5510M,35,F,2,80461,Salaried,12,0,0,Business Loan,9586148,24,Family,761057,Gangtok,Andhra Pradesh
CUST-2026-00953,Keya Warrior,TXJZE4203O,29,M,2,34433,Salaried,8,0,0,Home Loan,9876230,300,Own,898118,Ludhiana,Chhattisgarh
CUST-2026-00954,Rachit Dada,WGUPM2182Q,33,F,3,81051,Salaried,1,0,0,Car Loan,1663551,36,Own,379157,Aurangabad,Uttarakhand
CUST-2026-00955,Anita Sachdev,NKEUI0650T,35,F,0,73498,Homemaker,6,0,0,Business Loan,5504627,36,Own,332467,Satna,West Bengal
CUST-2026-00956,Siya Mittal,XXWDH9513T,46,F,3,15685,Salaried,24,0,0,Home Loan,11690514,300,Rent,995663,Patiala,Assam
CUST-2026-00957,Kavya Barad,QYORX5651N,32,M,1,112245,Salaried,6,1,43477,Home Loan,10046975,120,Rent,632470,Akola,Gujarat
CUST-2026-00958,Yashawini Bakshi,VAEIB0764R,21,F,1,114239,Salaried,0,3,34607,Business Loan,2847334,36,Rent,750181,Tiruchirappalli,Tripura
CUST-2026-00959,Ranveer Oak,UNKNY1427F,36,F,2,27666,Salaried,8,3,5370,Home Loan,9903040,180,Rent,445545,Orai,Uttar Pradesh
CUST-2026-00960,Guneet Varty,CZFAK8299C,58,F,0,82308,Salaried,19,1,13661,Car Loan,2315638,60,Family,329978,Khammam,Meghalaya
CUST-2026-00961,Tripti Ram,AKDDS2445S,34,M,2,44405,Salaried,6,2,10008,Personal Loan,918890,60,Rent,986584,Tiruppur,Sikkim
CUST-2026-00962,Chaitanya Chahal,HMLIG6443S,24,M,3,16017,Salaried,0,1,5110,Car Loan,1443923,84,Own,689013,Kolkata,Tamil Nadu
CUST-2026-00963,Devika Bajaj,ZTQEV2254Q,38,M,3,77378,Salaried,2,0,0,Personal Loan,1219846,60,Own,644699,Ranchi,Karnataka
CUST-2026-00964,Sai Hans,TOUCY6568Z,24,M,4,64208,Salaried,3,1,12331,Home Loan,12096433,120,Rent,459952,Bhagalpur,Odisha
CUST-2026-00965,Ridhi Dalal,DOKPG2768V,46,M,3,16488,Self-Employed,19,0,0,Home Loan,9128291,180,Own,927193,Katihar,Jharkhand
CUST-2026-00966,Ishwar Aurora,ZEJLU4778V,33,F,4,28225,Salaried,5,0,0,Personal Loan,1858273,60,Rent,346230,Sangli-Miraj & Kupwad,Himachal Pradesh
CUST-2026-00967,Eiravati Madan,NQRTN7203Q,52,M,1,25404,Self-Employed,24,0,0,Personal Loan,118649,36,Own,208162,Tiruppur,Punjab
CUST-2026-00968,Onveer Bobal,KZCQK9500U,39,M,4,31964,Salaried,1,1,4873,Education Loan,2102718,120,Family,318093,Chapra,Chhattisgarh
CUST-2026-00969,Chandresh De,OHXZV4898C,36,F,2,63496,Salaried,9,2,15098,Car Loan,2449069,60,Own,606007,Panvel,Jharkhand
CUST-2026-00970,Leela Bhagat,PSDLC3577E,36,M,2,40112,Salaried,6,2,9828,Personal Loan,1094841,36,Rent,277948,Dhanbad,Andhra Pradesh
CUST-2026-00971,Sanaya Parekh,JOQGG4399J,39,M,1,25937,Salaried,5,3,4450,Home Loan,6534606,120,Own,882159,Katni,Assam
CUST-2026-00972,Udyati Deep,GYYCB0011Q,32,F,3,66880,Self-Employed,5,1,25441,Car Loan,1488814,36,Family,620716,Davanagere,Jharkhand
CUST-2026-00973,Dayita Shroff,FMLAZ5714V,42,F,2,12000,Business,21,0,0,Personal Loan,172837,60,Own,699775,Jalandhar,Assam
CUST-2026-00974,Aarna Patla,DTZKY0979I,42,M,4,89687,Self-Employed,12,1,15101,Home Loan,4664310,300,Own,592010,Rajahmundry,Meghalaya
CUST-2026-00975,Sudiksha Sura,SZOXM6044C,30,M,1,71730,Self-Employed,3,0,0,Personal Loan,133084,12,Family,328898,Bathinda,Madhya Pradesh
CUST-2026-00976,Indali Srinivas,XLHWJ0527M,33,F,1,37815,Salaried,2,0,0,Education Loan,3139887,60,Rent,524663,Fatehpur,Andhra Pradesh
CUST-2026-00977,Joshua Trivedi,VHBFW7839X,31,F,3,222489,Self-Employed,5,1,42950,Personal Loan,1069147,48,Own,385470,Ichalkaranji,Manipur
CUST-2026-00978,Ekavir Mittal,XFAMG2233X,48,F,0,62114,Professional,8,1,14593,Business Loan,7199648,60,Own,669358,Aligarh,Bihar
CUST-2026-00979,William Kohli,PIBWA0324N,43,F,2,12000,Salaried,2,0,0,Personal Loan,1283880,48,Rent,599221,Rewa,Nagaland
CUST-2026-00980,Dominic Oak,CCBFM4690Z,36,M,0,46833,Salaried,3,1,13463,Car Loan,1320091,36,Own,720583,Ongole,Nagaland
CUST-2026-00981,Warinder Ghose,QAWVR2809F,39,F,0,55967,Salaried,13,0,0,Car Loan,2204807,36,Own,684532,Raebareli,Gujarat
CUST-2026-00982,Ishwar Sheth,CHDKM1035E,44,M,0,39209,Self-Employed,10,2,4229,Personal Loan,1969968,24,Own,886891,Chapra,Sikkim
CUST-2026-00983,Darika Ravi,BJRCR6007I,24,F,2,45552,Business,2,0,0,Marriage Loan,586764,24,Own,294656,Raiganj,Karnataka
CUST-2026-00984,Falak Talwar,IWRIF1372O,38,M,1,23849,Salaried,5,1,3340,Education Loan,1528116,84,Rent,376510,Kavali,Assam
CUST-2026-00985,Liam Acharya,QMXVH5636H,36,M,1,52904,Salaried,5,1,17245,Education Loan,3191455,84,Own,585862,Mysore,Rajasthan
CUST-2026-00986,Bishakha Ramakrishnan,YJGQB9414L,34,M,1,23665,Homemaker,5,2,6975,Education Loan,2444045,180,Rent,519036,Jalgaon,Tripura
CUST-2026-00987,Edhitha Mistry,PRYDQ7532J,31,F,3,58851,Business,4,2,18789,Car Loan,1632869,48,Own,698454,Thiruvananthapuram,Punjab
CUST-2026-00988,Gaurav Anand,YIFRK3725N,30,F,2,51948,Salaried,1,0,0,Car Loan,2054677,48,Rent,683626,Raebareli,Odisha
CUST-2026-00989,David Pingle,RNCXN1400Z,47,F,3,16725,Salaried,7,1,6147,Education Loan,847298,180,Own,345514,Warangal,Punjab
CUST-2026-00990,Imaran Manda,AXKHF1127S,31,M,2,42574,Business,0,2,8744,Personal Loan,938379,48,Family,856145,Mumbai,Nagaland
CUST-2026-00991,Meera Nadkarni,XECDY8580M,46,F,2,33061,Salaried,18,3,6000,Car Loan,1543769,60,Rent,325079,Noida,West Bengal
CUST-2026-00992,Radhika Kakar,KXFIP0913Y,48,F,2,12000,Self-Employed,12,1,3523,Car Loan,2019656,84,Family,136818,Machilipatnam,Tamil Nadu
CUST-2026-00993,Raghav Rajagopalan,FXKMU9272S,40,M,2,81365,Salaried,18,0,0,Education Loan,1833156,84,Own,395105,Fatehpur,Sikkim
CUST-2026-00994,Bhavya Dass,PRUBI8191R,39,F,0,36391,Salaried,8,2,5132,Home Loan,1674850,240,Rent,854885,Erode,Uttarakhand
CUST-2026-00995,Maanas Sur,YUGXY3210K,49,F,3,104640,Salaried,1,1,12834,Business Loan,1163631,24,Own,237920,Madurai,Chhattisgarh
CUST-2026-00996,Laksh Sagar,MWWUD8706A,30,F,0,12000,Salaried,9,0,0,Business Loan,6911540,12,Own,935444,Bhavnagar,Sikkim
CUST-2026-00997,Pranit Sha,IXYBY2483M,62,F,4,144253,Business,2,0,0,Home Loan,10452619,300,Family,423602,Mahbubnagar,West Bengal
CUST-2026-00998,Leena Pant,ZEQDH0703K,32,F,1,13997,Homemaker,0,2,5489,Car Loan,766401,84,Own,715653,Suryapet,Mizoram
CUST-2026-00999,Wishi Khalsa,DJMVY4572Q,25,F,4,60433,Salaried,2,0,0,Personal Loan,1601040,36,Family,112115,Khandwa,Haryana
CUST-2026-01000,Bahadurjit Barad,SILYX2358F,53,F,2,57205,Retired,19,0,0,Home Loan,7694890,120,Rent,769207,Bulandshahr,Tamil Nadu
CUST-2026-01001,Vasatika Buch,CWRHV0859N,36,M,2,38070,Self-Employed,12,0,0,Home Loan,1634133,300,Own,154915,Arrah,Odisha
CUST-2026-01002,Gaurang Korpal,RZUCD1415D,50,F,0,68442,Business,28,0,0,Marriage Loan,963712,48,Rent,171861,Kirari Suleman Nagar,Chhattisgarh
CUST-2026-01003,Chatresh Oza,FZPHA0754Z,28,M,1,26809,Salaried,2,0,0,Personal Loan,1037847,36,Family,661561,Panvel,Meghalaya
CUST-2026-01004,Yauvani Singh,NDVUL1769R,28,F,3,17764,Business,5,0,0,Marriage Loan,1029030,24,Own,784370,Nandyal,Nagaland
CUST-2026-01005,Chaitaly Mann,TCRHO7281B,59,F,2,12000,Professional,7,0,0,Personal Loan,1877850,24,Rent,645339,Bidar,Odisha
CUST-2026-01006,Abha Bhat,DDFRS7292X,30,M,0,26658,Retired,8,1,10595,Home Loan,5314207,300,Rent,920664,Kavali,Goa
CUST-2026-01007,Charan Manne,EXAKZ5028Q,35,M,1,32919,Salaried,7,1,12996,Personal Loan,1513545,12,Rent,401774,Adoni,Rajasthan
CUST-2026-01008,Fitan Date,KYKOH8036Q,41,F,0,30504,Salaried,8,0,0,Business Loan,1892414,60,Own,575735,Baranagar,Uttar Pradesh
CUST-2026-01009,Kevin Mand,AHETX1300C,32,F,3,52361,Self-Employed,6,0,0,Car Loan,2392526,48,Own,961016,Alwar,Mizoram
CUST-2026-01010,Owen Dora,YJVOJ1142Y,36,M,1,66288,Professional,12,1,17363,Personal Loan,711285,48,Own,723375,Kanpur,Himachal Pradesh
CUST-2026-01011,Advika Keer,BAVPK9664D,31,M,2,27274,Salaried,3,2,5366,Personal Loan,1982782,24,Rent,347356,Uluberia,Sikkim
CUST-2026-01012,Hemal Chad,PMZAF1302H,37,M,2,17583,Professional,5,2,4700,Personal Loan,1288033,24,Family,511028,Dehri,Meghalaya
CUST-2026-01013,Leela Khanna,CBBAS6431K,40,M,1,32868,Salaried,18,0,0,Home Loan,7769172,180,Rent,620881,Shimla,Chhattisgarh
CUST-2026-01014,Hemani Bhagat,DGZQM9503J,34,F,3,28615,Salaried,7,1,5197,Home Loan,6292490,240,Rent,337746,Rourkela,Sikkim
CUST-2026-01015,Oliver Shetty,LMZSI3667C,36,F,3,32553,Salaried,9,2,9034,Home Loan,11805888,120,Family,812630,Bhiwandi,Rajasthan
CUST-2026-01016,Vivaan Raghavan,BCMOY0644K,28,M,2,132769,Salaried,0,0,0,Home Loan,13602433,120,Own,367852,Barasat,Madhya Pradesh
CUST-2026-01017,Maanav Wali,KXCHD3007O,31,M,1,42799,Salaried,1,2,10481,Education Loan,4535372,120,Rent,495493,Bhalswa Jahangir Pur,Sikkim
CUST-2026-01018,Saumya Raja,QWJFZ7524R,49,M,2,72666,Salaried,7,1,9662,Home Loan,5856256,300,Own,800703,Ahmedabad,West Bengal
CUST-2026-01019,Gunbir Wali,VUELH4888L,30,F,2,90760,Salaried,3,2,13645,Home Loan,3150237,240,Rent,141808,Bettiah,Sikkim
CUST-2026-01020,Gautami Madan,NNPEH8231J,26,M,2,116141,Business,5,0,0,Business Loan,6974375,60,Family,382817,Bhiwani,Rajasthan
CUST-2026-01021,Triya Khurana,DLKMP2304Y,35,M,1,117307,Salaried,14,0,0,Home Loan,12777104,120,Family,913121,Rohtak,Himachal Pradesh
CUST-2026-01022,Pranit Munshi,LZRWR6234S,31,F,3,13251,Salaried,10,0,0,Home Loan,3972026,180,Own,627397,Saharsa,Telangana
CUST-2026-01023,Advik Sabharwal,OVYYU1686S,37,M,2,82192,Self-Employed,14,0,0,Home Loan,11750277,180,Own,584778,Bangalore,Nagaland
CUST-2026-01024,Theodore Mander,WZNFC9880B,44,F,1,68325,Salaried,23,0,0,Car Loan,2007065,48,Rent,999929,Amroha,Bihar
CUST-2026-01025,George Bhandari,RJYNY6647C,52,F,2,28164,Salaried,30,2,6150,Home Loan,14128849,180,Own,583285,Visakhapatnam,Himachal Pradesh
CUST-2026-01026,Jagdish Chadha,XHSBW1670S,44,F,0,24060,Self-Employed,9,2,9587,Business Loan,2732725,12,Rent,498468,Khora ,Punjab
CUST-2026-01027,Indrajit Gour,SXQOB9757X,54,F,0,235908,Salaried,3,2,61833,Car Loan,2293105,60,Rent,666371,Gandhinagar,West Bengal
CUST-2026-01028,Sudiksha Malhotra,RHQML3006D,25,F,2,27567,Salaried,4,0,0,Personal Loan,1798265,36,Own,775118,Bhind,Himachal Pradesh
CUST-2026-01029,Neel Borah,URKPS6274D,54,F,2,39214,Business,17,0,0,Home Loan,11703876,120,Own,595061,North Dumdum,Tripura
CUST-2026-01030,Gaurangi Bhasin,KMBIA9532U,34,F,2,15091,Salaried,13,0,0,Car Loan,2486558,48,Rent,277596,Eluru,Himachal Pradesh
CUST-2026-01031,Ekaraj Swamy,KRCXS3065I,39,F,2,40735,Salaried,11,3,8127,Personal Loan,1294171,60,Own,276957,Mangalore,Himachal Pradesh
CUST-2026-01032,Ikbal Dhawan,MMJPV2368W,54,F,2,51991,Business,24,0,0,Home Loan,10147622,240,Own,975843,Mangalore,Gujarat
CUST-2026-01033,Riya Lad,NOMXV6728F,26,F,1,64784,Salaried,1,0,0,Personal Loan,1765857,24,Family,118026,Bellary,Nagaland
CUST-2026-01034,Zashil Sehgal,BLCBV7216P,56,F,2,44434,Salaried,23,0,0,Personal Loan,867754,24,Own,741809,Srinagar,Bihar
CUST-2026-01035,Baljiwan Ramakrishnan,QCJPJ3740T,31,M,1,156331,Self-Employed,7,3,21789,Education Loan,3783556,60,Rent,720863,Jalgaon,Andhra Pradesh
CUST-2026-01036,Aarush Varma,RJUQY1857H,44,F,2,28353,Salaried,0,1,8842,Home Loan,6223607,180,Family,508315,Ozhukarai,Himachal Pradesh
CUST-2026-01037,Netra Boase,ASBKV1051L,60,M,2,35176,Self-Employed,13,0,0,Home Loan,9768512,120,Own,454723,Morena,Tamil Nadu
CUST-2026-01038,Vasatika Dara,PCOMC2285N,39,M,2,104941,Professional,6,0,0,Home Loan,9895212,180,Own,203595,Delhi,Nagaland
CUST-2026-01039,Nandini Bhakta,LDNIO2899P,60,F,3,58836,Salaried,28,0,0,Business Loan,8802292,24,Rent,537472,Thoothukudi,Odisha
CUST-2026-01040,Faris Sharaf,TUIPO3218M,43,F,0,147423,Self-Employed,21,0,0,Personal Loan,1442657,12,Own,808918,Ambarnath,Rajasthan
CUST-2026-01041,Balveer Rajagopalan,VFAXB0085C,56,M,3,198377,Salaried,7,0,0,Car Loan,1210459,84,Rent,909673,Panihati,Tripura
CUST-2026-01042,Hredhaan Parmer,BOYTQ0702H,39,M,3,76001,Business,1,0,0,Personal Loan,533689,36,Rent,402217,Dewas,Sikkim
CUST-2026-01043,Logan Banik,QNJZT3462O,41,F,2,26082,Salaried,20,0,0,Education Loan,890780,84,Family,817138,Bahraich,Meghalaya
CUST-2026-01044,Vrinda Ramachandran,RPMKW6718N,50,F,4,58080,Salaried,14,1,15317,Marriage Loan,298525,12,Rent,256729,Guntakal,Gujarat
CUST-2026-01045,Amol Bansal,RASKU6445F,37,M,2,36453,Salaried,16,1,7196,Car Loan,1290642,84,Rent,807095,Panchkula,Assam
CUST-2026-01046,Nidra Dani,XPXNP4523R,36,F,2,100596,Salaried,6,0,0,Car Loan,1957477,60,Own,687029,Naihati,Karnataka
CUST-2026-01047,Viraj Bora,AABSY1487K,28,F,1,42088,Salaried,7,0,0,Home Loan,4653461,240,Family,668054,Jorhat,Gujarat
CUST-2026-01048,Urishilla Bath,JBSEH7195P,37,M,2,87529,Salaried,14,0,0,Home Loan,6673587,300,Own,793135,Unnao,Arunachal Pradesh
CUST-2026-01049,Chandresh Mohanty,BNVAH5946L,34,F,5,67836,Self-Employed,9,0,0,Home Loan,13765594,180,Own,123834,Kanpur,Haryana
CUST-2026-01050,Devansh Cherian,QADGE3717S,29,M,1,90405,Salaried,1,1,9553,Car Loan,475522,36,Rent,632689,Sirsa,Uttarakhand
CUST-2026-01051,Dev Jain,YJKUM0397L,36,M,2,116172,Retired,10,0,0,Education Loan,971933,120,Own,805568,Hindupur,Bihar
CUST-2026-01052,Jai Devan,FTGFH7293R,42,F,4,26792,Salaried,12,1,10021,Personal Loan,1175036,48,Own,649087,Rewa,Maharashtra
CUST-2026-01053,Gautami Bhatnagar,LJMYX2184Z,56,M,3,73763,Homemaker,26,0,0,Car Loan,947002,36,Family,960819,Ranchi,Karnataka
CUST-2026-01054,Om Pingle,UIBZA1247A,41,M,2,57273,Business,13,3,16776,Business Loan,1031397,36,Own,869232,Ajmer,Bihar
CUST-2026-01055,Banjeet Deol,IQXRZ0504K,25,M,1,90864,Self-Employed,3,0,0,Personal Loan,1952086,24,Rent,728965,Bahraich,Nagaland
CUST-2026-01056,Vidhi Buch,RGFMW7177D,39,F,1,18689,Salaried,10,0,0,Home Loan,9284547,240,Rent,830020,Sangli-Miraj & Kupwad,Bihar
CUST-2026-01057,Bhanumati Saha,RXUIR5455V,28,M,2,50312,Business,6,0,0,Business Loan,4932413,24,Rent,991321,Mangalore,Andhra Pradesh
CUST-2026-01058,Luke Madan,MXHVI6669N,34,F,1,12000,Salaried,0,1,4574,Business Loan,1855962,24,Own,192201,Cuttack,Tamil Nadu
CUST-2026-01059,Owen Barad,MZSTT7217A,29,M,2,18666,Salaried,4,0,0,Marriage Loan,394434,12,Rent,980796,Bulandshahr,Mizoram
CUST-2026-01060,Charvi Pall,VXPYL4037X,38,M,2,81656,Salaried,1,0,0,Home Loan,11625173,300,Own,938480,Panchkula,Punjab
CUST-2026-01061,Rehaan Dalal,VNOYI3966B,41,M,4,12000,Self-Employed,14,0,0,Education Loan,1653270,84,Own,350284,Proddatur,Maharashtra
CUST-2026-01062,Yashica Kanda,JJEPC3576G,29,M,2,14198,Salaried,2,1,3364,Home Loan,5784090,180,Rent,914372,Tadipatri,Mizoram
CUST-2026-01063,Rishi Chowdhury,QIKRC6419K,52,M,2,12000,Salaried,1,1,4705,Home Loan,11318962,300,Rent,821149,Bally,Manipur
CUST-2026-01064,Patrick Dutta,EPGOB3247D,48,F,1,28078,Salaried,21,1,3684,Personal Loan,1075867,24,Rent,273180,Bhalswa Jahangir Pur,Uttar Pradesh
CUST-2026-01065,Bhavani Kadakia,GIAZA7382P,46,F,1,45720,Salaried,20,0,0,Business Loan,1858537,36,Family,169224,Meerut,Sikkim
CUST-2026-01066,Caleb Chawla,GUHPS2466J,39,M,3,67901,Salaried,1,0,0,Car Loan,1976736,84,Rent,159526,Thanjavur,Maharashtra
CUST-2026-01067,Nakul Balakrishnan,IGHBO1026F,41,M,1,36884,Salaried,7,2,14583,Home Loan,4394458,120,Own,896792,Siwan,Telangana
CUST-2026-01068,Sai Nanda,ANRRQ7976O,34,M,1,155213,Self-Employed,1,2,59568,Car Loan,809853,84,Own,991954,Madurai,Meghalaya
CUST-2026-01069,Imaran Nanda,XLLGJ7768K,45,F,2,39919,Salaried,11,0,0,Home Loan,13533816,120,Rent,606909,Anantapur,Maharashtra
CUST-2026-01070,Ryan Prashad,PDKIV6442O,28,M,2,46074,Salaried,1,1,17690,Personal Loan,808764,36,Family,550733,Patiala,Haryana
CUST-2026-01071,Chatura Sarin,VYLFA3205Q,45,M,2,67674,Self-Employed,13,0,0,Car Loan,746910,48,Rent,912069,Chittoor,Haryana
CUST-2026-01072,Pranav Ram,FFHRB4761V,37,F,3,16574,Self-Employed,9,1,2220,Car Loan,1939898,84,Own,554872,Phagwara,Chhattisgarh
CUST-2026-01073,Jagrati Madan,KJZKN4035H,28,M,1,19491,Retired,6,0,0,Business Loan,4894487,60,Own,372409,Berhampore,Kerala
CUST-2026-01074,Darpan Mand,USYCQ4032C,22,F,2,42569,Self-Employed,1,1,15562,Education Loan,3090004,84,Rent,262009,Warangal,Gujarat
CUST-2026-01075,Omya Garg,FCCSU9684V,25,F,0,112135,Salaried,0,1,22376,Home Loan,4131979,240,Rent,653786,Kirari Suleman Nagar,Chhattisgarh
CUST-2026-01076,Naksh Garde,HWUZJ7551A,36,F,3,42680,Self-Employed,1,0,0,Business Loan,2761935,12,Rent,225741,Muzaffarnagar,Tripura
CUST-2026-01077,Vrinda Kalita,VLEWK4344R,36,F,1,84021,Business,3,3,14959,Education Loan,1610653,180,Family,494328,Chandigarh,Odisha
CUST-2026-01078,Akshay Sangha,QABZJ7612W,38,M,2,119524,Self-Employed,1,0,0,Marriage Loan,449573,12,Own,327246,Surendranagar Dudhrej,Odisha
CUST-2026-01079,Radha Kapadia,BMEJH5326H,30,M,3,24720,Business,5,0,0,Home Loan,2261836,240,Rent,985345,Shahjahanpur,Telangana
CUST-2026-01080,Omisha Basu,TIWBT9924N,43,M,1,17657,Salaried,10,1,4566,Home Loan,6068923,120,Rent,844595,Chapra,Odisha
CUST-2026-01081,Pavani Wali,SOICK7607P,52,M,3,39439,Self-Employed,12,0,0,Personal Loan,800796,36,Own,328009,Dibrugarh,Arunachal Pradesh
CUST-2026-01082,Warhi Khosla,XAZPW7468K,40,F,3,67407,Salaried,9,0,0,Education Loan,4716253,180,Own,401049,Navi Mumbai,Madhya Pradesh
CUST-2026-01083,Kevin Parmer,DRSZS1111I,42,M,2,44827,Salaried,19,0,0,Business Loan,8097080,12,Rent,252696,Vellore,Assam
CUST-2026-01084,Varsha Mody,HZWHR6128Y,27,M,3,14097,Salaried,2,2,2180,Business Loan,2175675,36,Own,286367,Mysore,Jharkhand
CUST-2026-01085,Suhani Sheth,POCMF5784K,34,F,2,12000,Salaried,10,1,2944,Personal Loan,755404,48,Family,118457,Aurangabad,Goa
CUST-2026-01086,Kamala Shetty,IIGTP1614W,33,M,1,35169,Self-Employed,0,1,6450,Car Loan,619158,36,Own,319332,Machilipatnam,Tripura
CUST-2026-01087,Gaurangi Wali,UERVU7326E,35,F,2,95678,Salaried,8,0,0,Personal Loan,244752,12,Rent,678083,Madurai,Tamil Nadu
CUST-2026-01088,Sarthak Buch,FJYTJ9204Z,32,F,2,12000,Salaried,3,0,0,Home Loan,10180402,180,Family,379856,Purnia,Arunachal Pradesh
CUST-2026-01089,Charan Choudhry,VAWET5956L,34,F,1,22293,Salaried,9,2,6771,Car Loan,387340,84,Own,466543,Pimpri-Chinchwad,Punjab
CUST-2026-01090,Jasmit Peri,WKBLU5077K,41,F,3,79574,Salaried,19,2,21783,Home Loan,5015318,240,Rent,990287,Kirari Suleman Nagar,Madhya Pradesh
CUST-2026-01091,Lakshit Natt,PGASL8688N,32,F,1,30388,Self-Employed,10,0,0,Car Loan,2118810,84,Own,675072,Kishanganj,Goa
CUST-2026-01092,Umang Nagi,VKSAI5596M,40,M,3,216541,Salaried,6,1,38739,Education Loan,3958355,60,Own,613773,Morena,Haryana
CUST-2026-01093,Aradhana Bhagat,AZYIX6747Z,37,F,1,192101,Salaried,6,3,43323,Personal Loan,1391466,48,Rent,453583,Ambala,Kerala
CUST-2026-01094,Vedika Thaker,HADBW8589N,56,F,1,66640,Salaried,17,0,0,Car Loan,1003882,60,Rent,240414,Hapur,Assam
CUST-2026-01095,Siya Pillai,RFNFS0781R,45,F,3,18502,Self-Employed,16,1,6543,Home Loan,14060347,300,Family,164286,Nandyal,Mizoram
CUST-2026-01096,Gagan Buch,JMXKK0142V,40,F,0,126404,Salaried,9,1,45651,Business Loan,2973460,60,Rent,659644,Maheshtala,Uttar Pradesh
CUST-2026-01097,Ikbal Gala,LKMVX4214I,32,F,2,76257,Self-Employed,3,0,0,Personal Loan,1464036,24,Own,498795,Tumkur,Madhya Pradesh
CUST-2026-01098,Matthew Jayaraman,XPVGM7322H,51,F,2,33990,Business,12,0,0,Car Loan,1613495,36,Rent,691193,Siliguri,Himachal Pradesh
CUST-2026-01099,Kevin Som,KMAWA8433O,55,F,1,35727,Self-Employed,25,0,0,Education Loan,430656,84,Rent,598355,Durg,Mizoram
CUST-2026-01100,Bishakha Gulati,OHAKK7177K,34,F,0,29279,Salaried,12,0,0,Personal Loan,172030,12,Rent,158771,Raiganj,Kerala
CUST-2026-01101,Nisha Oza,TWAMW5002J,31,F,2,39215,Homemaker,3,2,6053,Business Loan,7711473,12,Rent,813707,Ahmednagar,Assam
CUST-2026-01102,Tanvi Modi,RIFZU2433O,40,F,3,12487,Self-Employed,16,1,4261,Car Loan,1618513,36,Own,216748,Shivpuri,Rajasthan
CUST-2026-01103,Abha Karan,VODPT7336L,36,M,2,75817,Salaried,0,0,0,Car Loan,2026412,84,Rent,929959,Farrukhabad,Odisha
CUST-2026-01104,Manbir Pandit,IVRQK9000C,23,M,1,26219,Salaried,2,0,0,Personal Loan,1090983,48,Family,128192,Tumkur,Meghalaya
CUST-2026-01105,Bhavika Gopal,HHDEP2088F,38,F,0,42882,Salaried,17,1,5767,Home Loan,13801597,240,Own,587320,Rourkela,Jharkhand
CUST-2026-01106,Jackson Barman,MCCFJ5115G,53,M,3,43057,Salaried,2,1,16555,Personal Loan,1632892,48,Own,631039,Nanded,Goa
CUST-2026-01107,Kala Gour,OIWUB5387C,32,F,3,46396,Salaried,9,2,17350,Personal Loan,1387344,24,Rent,622712,Gandhidham,Karnataka
CUST-2026-01108,Manbir Pradhan,CXTTZ9023I,54,F,1,36502,Salaried,17,0,0,Business Loan,4196679,36,Rent,709723,Ratlam,Gujarat
CUST-2026-01109,Jairaj Bakshi,IMFCC7023U,28,M,1,12000,Business,7,1,2191,Marriage Loan,209098,12,Own,650028,Deoghar,Manipur
CUST-2026-01110,Ekaja Dugal,XQXKP3734W,34,M,3,98672,Salaried,0,2,19593,Home Loan,8897931,120,Rent,214657,Ulhasnagar,Madhya Pradesh
CUST-2026-01111,Bimala Din,HCQTC4163U,36,F,1,640658,Salaried,3,0,0,Business Loan,4977850,36,Own,547232,Sagar,Andhra Pradesh
CUST-2026-01112,Varenya Baria,VYDCV3617T,35,M,0,206315,Self-Employed,2,1,29412,Education Loan,1235975,180,Rent,547680,Sonipat,Uttar Pradesh
CUST-2026-01113,Neelima Kannan,QYQMT5471A,39,F,4,23296,Professional,2,1,2420,Car Loan,1266344,48,Rent,774950,Aizawl,Chhattisgarh
CUST-2026-01114,Christopher Hayer,CIXVI9880E,25,F,4,29054,Salaried,1,0,0,Home Loan,9269203,120,Own,476633,Tiruchirappalli,Manipur
CUST-2026-01115,Arin Chacko,GYKZZ0520Q,53,F,0,36234,Salaried,25,2,6603,Home Loan,8521416,240,Rent,610282,Alwar,Odisha
CUST-2026-01116,Robert Swaminathan,NMNNS3499T,58,F,2,93979,Salaried,28,0,0,Personal Loan,793270,48,Rent,341272,Chandigarh,Nagaland
CUST-2026-01117,Manbir Sane,SFJXM5648Y,49,M,1,54258,Self-Employed,28,2,19242,Personal Loan,1905394,12,Family,948195,Karimnagar,Karnataka
CUST-2026-01118,Bhavani Pai,ESHBS1450L,40,M,1,18669,Self-Employed,8,2,6134,Personal Loan,1654943,36,Rent,697328,Serampore,Kerala
CUST-2026-01119,Tanveer Sawhney,DSMVG5585Y,31,F,1,27232,Salaried,6,0,0,Personal Loan,1769818,60,Own,341802,Amroha,Kerala
CUST-2026-01120,Nihal Samra,SXTCF2245K,35,F,2,71291,Salaried,12,1,24653,Personal Loan,1880053,24,Rent,282753,Mango,Telangana
CUST-2026-01121,Maanas Johal,MGHIO3032P,36,F,2,96146,Salaried,15,1,29629,Business Loan,5173157,36,Rent,339440,Kolhapur,Telangana
CUST-2026-01122,Dominic Prashad,ZBQZK8943D,33,F,2,83061,Salaried,8,1,24314,Home Loan,13387287,300,Family,201212,Loni,Jharkhand
CUST-2026-01123,Oeshi Gill,ICKNL9085G,49,M,3,56834,Salaried,8,1,17335,Education Loan,803488,120,Rent,567002,Alappuzha,Assam
CUST-2026-01124,Ryan Grewal,THREJ5552U,34,M,0,86590,Self-Employed,2,0,0,Home Loan,3618168,240,Rent,940347,Tezpur,Nagaland
CUST-2026-01125,Brijesh Mittal,JWKZM9328L,43,M,3,12000,Salaried,9,1,1494,Education Loan,2998807,84,Own,363767,Ramagundam,Uttarakhand
CUST-2026-01126,Udarsh Bala,YWHOC6783O,31,M,3,43247,Self-Employed,6,1,6581,Car Loan,501652,60,Rent,524280,Kumbakonam,Uttarakhand
CUST-2026-01127,Charita Sodhi,MIIDX3426M,45,M,3,37419,Retired,11,3,14374,Education Loan,2024589,84,Family,816298,Jamnagar,Uttar Pradesh
CUST-2026-01128,Vyanjana Konda,LJBOR2761G,37,F,1,35362,Self-Employed,0,2,9162,Home Loan,14607646,120,Rent,177816,Erode,Bihar
CUST-2026-01129,Ekalinga Pathak,JUPAA3727G,43,F,4,52846,Self-Employed,7,1,15836,Car Loan,2295938,60,Own,565474,Bally,Andhra Pradesh
CUST-2026-01130,Aarna Soni,PTWBK9283L,42,F,1,88393,Self-Employed,3,0,0,Car Loan,1032834,48,Rent,980390,Buxar,Odisha
CUST-2026-01131,Aashi Gaba,XGNDJ3932H,40,F,1,22501,Salaried,14,2,8529,Home Loan,5909566,180,Rent,968414,Dindigul,Tamil Nadu
CUST-2026-01132,Triya Deshmukh,JJOVR5937J,34,F,1,36661,Self-Employed,7,0,0,Personal Loan,368030,24,Family,672464,Ulhasnagar,Odisha
CUST-2026-01133,Jalsa Saini,EFTUQ4342Z,49,F,4,19592,Salaried,25,2,6308,Education Loan,2401937,60,Rent,540488,Meerut,Kerala
CUST-2026-01134,Bishakha Wagle,NFYJT0418D,40,F,2,43417,Self-Employed,7,3,6380,Personal Loan,1546620,36,Rent,153768,Nashik,Rajasthan
CUST-2026-01135,Qadim Chandra,HAOSE5309E,24,F,1,82971,Salaried,0,0,0,Home Loan,7929324,300,Rent,787596,Kottayam,Rajasthan
CUST-2026-01136,Diya Mitra,ZJRJN4441R,28,F,2,121126,Self-Employed,6,0,0,Personal Loan,790170,24,Rent,620455,Tinsukia,Punjab
CUST-2026-01137,Maanas Arya,EQZFK6247S,31,M,4,27053,Salaried,3,1,3314,Home Loan,2290682,300,Family,434941,Jalandhar,Himachal Pradesh
CUST-2026-01138,Nisha Oak,QVODV5939V,35,M,4,12000,Homemaker,10,0,0,Home Loan,9155056,180,Rent,921786,Serampore,Chhattisgarh
CUST-2026-01139,Yahvi Kant,DFUBQ1880D,35,F,3,67475,Salaried,12,1,20809,Business Loan,2239566,12,Rent,814873,Bellary,Goa
CUST-2026-01140,Omisha Sharma,VHYCC7589K,40,M,3,26240,Salaried,8,1,4859,Car Loan,1861545,48,Own,829786,Karaikudi,Uttarakhand
CUST-2026-01141,Varsha Pall,LHCUH4031A,27,F,4,57680,Salaried,6,1,9053,Personal Loan,503798,48,Rent,867363,Mira-Bhayandar,Assam
CUST-2026-01142,Hema Gera,FNWKH9059V,56,F,2,29544,Salaried,1,2,4777,Home Loan,4335080,180,Family,121973,Kolhapur,Jharkhand
CUST-2026-01143,Tristan Dave,YMBOV3025S,42,F,1,55964,Salaried,19,0,0,Car Loan,2324927,36,Rent,304555,Bhopal,Tamil Nadu
CUST-2026-01144,Jeremiah Kadakia,CASRF6397S,31,M,3,62045,Salaried,5,1,14615,Personal Loan,1029932,36,Own,752646,Ambattur,West Bengal
CUST-2026-01145,Faras Bahl,OCKOP4021K,25,F,2,30524,Business,0,1,10435,Personal Loan,308752,60,Own,501920,Khandwa,Chhattisgarh
CUST-2026-01146,Ronith Chokshi,LTTON3208T,54,M,2,58366,Salaried,27,0,0,Home Loan,14852823,120,Own,228575,Chinsurah,Tripura
CUST-2026-01147,Zehaan Bassi,WMIGO7718X,31,F,2,263755,Salaried,9,1,26933,Car Loan,2181709,48,Family,452121,Nandyal,Arunachal Pradesh
CUST-2026-01148,Jatin Jha,YITPC9040B,27,M,4,64527,Salaried,1,0,0,Car Loan,2452630,84,Rent,122515,Hyderabad,Assam
CUST-2026-01149,Ayush Chana,TQPFL5157M,34,F,4,87377,Salaried,11,0,0,Car Loan,1944839,60,Rent,353122,Udaipur,Odisha
CUST-2026-01150,Indira Dyal,FEPKV7374I,36,F,3,85492,Salaried,14,1,30447,Education Loan,871331,180,Rent,156775,Adoni,Chhattisgarh
CUST-2026-01151,Hardik Atwal,VEBPW8358Z,62,F,1,62811,Retired,23,2,10117,Personal Loan,772339,48,Own,467465,Dibrugarh,West Bengal
CUST-2026-01152,Onveer Yogi,OLERF5290G,37,M,1,51555,Business,11,0,0,Personal Loan,927296,36,Rent,646595,Nellore,Mizoram
CUST-2026-01153,Jeevika Goyal,SKFDK5074O,40,F,4,16077,Self-Employed,0,2,4711,Personal Loan,1578643,60,Own,791527,Kakinada,Andhra Pradesh
CUST-2026-01154,Ladli Samra,WVXBU0423E,52,F,2,37943,Salaried,18,2,10450,Home Loan,5238318,300,Rent,302663,Bokaro,Manipur
CUST-2026-01155,Dipta Dasgupta,FPFHA4708M,39,F,1,54146,Salaried,5,0,0,Home Loan,4731163,180,Own,260049,Vellore,Gujarat
CUST-2026-01156,Warhi Patel,IMVAJ9285J,39,F,3,65449,Salaried,14,1,19382,Car Loan,889613,60,Own,640421,Saharsa,Manipur
CUST-2026-01157,Fitan Narang,UIZKZ9384N,38,F,1,14866,Self-Employed,16,1,3582,Home Loan,7373086,240,Family,665124,Proddatur,Tamil Nadu
CUST-2026-01158,Tanmayi Muni,QSIKK2551Z,39,F,2,20033,Salaried,3,0,0,Home Loan,9562053,120,Family,207550,Kharagpur,Meghalaya
CUST-2026-01159,Bina Sangha,OCXPI1011R,37,F,1,111366,Business,2,0,0,Home Loan,6696158,240,Rent,292118,Kamarhati,Sikkim
CUST-2026-01160,Praneel Arya,SRASM2902P,38,F,0,21861,Salaried,15,0,0,Personal Loan,364704,12,Own,276945,Fatehpur,Gujarat
CUST-2026-01161,Raksha Virk,ROGEB8349K,41,M,0,97170,Salaried,14,0,0,Personal Loan,1685608,12,Own,535464,Vasai-Virar,Sikkim
CUST-2026-01162,Megha Rattan,LUWIZ1142V,32,M,1,50992,Homemaker,2,2,16384,Personal Loan,884449,60,Rent,120975,Jamshedpur,Sikkim
CUST-2026-01163,Januja Issac,QJOBW1732W,38,M,2,42078,Salaried,3,1,12339,Personal Loan,1826336,48,Rent,139055,Gulbarga,Tamil Nadu
CUST-2026-01164,Jason Kaul,XXVCV8606A,29,F,3,113209,Business,7,1,44449,Home Loan,3230412,240,Rent,772316,Hindupur,Karnataka
CUST-2026-01165,Anjali Ratta,KICYG0359Z,53,F,1,94034,Business,25,3,15416,Home Loan,9347442,180,Rent,276149,Panchkula,Uttarakhand
CUST-2026-01166,Vedhika Vaidya,QIHXN1934K,53,F,1,109096,Self-Employed,15,0,0,Education Loan,2691978,84,Rent,317150,Madanapalle,Kerala
CUST-2026-01167,Jason Krishna,AHHPK0002T,53,F,1,47512,Salaried,5,1,14112,Home Loan,5298268,240,Family,788717,Malda,Himachal Pradesh
CUST-2026-01168,Ayushman Chaudhary,DAKPB7728B,26,F,2,43026,Business,3,0,0,Education Loan,1361159,84,Own,732749,Ahmednagar,Meghalaya
CUST-2026-01169,Avi Gola,AABGX7235X,53,F,1,18781,Business,12,0,0,Home Loan,9743355,240,Own,936236,Jabalpur,Telangana
CUST-2026-01170,Gopal Bose,YZGPU1713X,32,F,1,56900,Business,10,1,19362,Personal Loan,1961750,48,Rent,945978,Jamnagar,Madhya Pradesh
CUST-2026-01171,Chaaya Tank,QHLMV7360J,47,F,1,50426,Salaried,20,0,0,Car Loan,2201205,84,Own,991550,Kirari Suleman Nagar,Sikkim
CUST-2026-01172,Andrew Balay,YRKAI2751W,30,M,1,63374,Self-Employed,0,1,20849,Marriage Loan,661280,24,Rent,430631,Hosur,Meghalaya
CUST-2026-01173,Divya Puri,HGXRB9411J,34,F,2,24016,Salaried,12,2,3208,Business Loan,4631780,12,Family,353735,Yamunanagar,Maharashtra
CUST-2026-01174,Peter Mitter,KDVIV4093P,46,F,0,50739,Self-Employed,14,0,0,Home Loan,7319022,120,Own,186151,Vadodara,Manipur
CUST-2026-01175,Krish Muni,QJJCI5897C,26,F,2,61553,Salaried,5,2,15957,Business Loan,7097980,36,Own,732573,Pallavaram,Tamil Nadu
CUST-2026-01176,Vritti Zacharia,MTJYX3715U,40,M,3,93386,Self-Employed,9,1,17658,Business Loan,1647253,60,Own,835622,Morbi,Tamil Nadu
CUST-2026-01177,Yashawini Bhalla,AULYI2066Q,28,F,2,20466,Business,1,1,6440,Personal Loan,1920192,48,Own,247808,Fatehpur,Odisha
CUST-2026-01178,Ira Mane,ABXTK0021Q,48,F,2,42137,Salaried,6,1,11134,Home Loan,9975621,120,Rent,731660,Shimla,Madhya Pradesh
CUST-2026-01179,Kabir Peri,MNJNR9903B,38,M,2,27195,Homemaker,12,1,5880,Business Loan,9809049,12,Own,642946,Bhopal,Karnataka
CUST-2026-01180,Gunbir Sangha,MVSZC6846O,42,F,1,33851,Self-Employed,12,0,0,Personal Loan,75231,48,Family,859245,Mau,Kerala
CUST-2026-01181,Daksh Konda,TPZJQ3254C,31,F,1,42091,Self-Employed,0,3,7845,Home Loan,8216629,300,Family,655710,Bulandshahr,Kerala
CUST-2026-01182,Dominic Mody,LJBRU8239C,32,F,1,16526,Salaried,11,0,0,Car Loan,1716107,84,Family,198082,Bijapur,Haryana
CUST-2026-01183,Eshana Barad,MUAFJ6451N,38,F,1,18708,Business,11,0,0,Education Loan,1994558,84,Rent,847680,Gulbarga,Bihar
CUST-2026-01184,Amara Bahri,PAZSR5528M,28,F,2,23254,Salaried,5,3,4701,Car Loan,399719,36,Family,420156,Tezpur,Manipur
CUST-2026-01185,Edhitha Purohit,RAPHI6620W,41,M,2,42713,Salaried,6,0,0,Education Loan,2566413,84,Rent,919970,Giridih,Tamil Nadu
CUST-2026-01186,Vrinda Chaudhry,PJDEU6012E,58,F,1,57056,Salaried,24,0,0,Personal Loan,1091300,24,Own,657220,North Dumdum,Odisha
CUST-2026-01187,Yadavi Nori,XWEWW0040R,31,F,0,34000,Business,1,0,0,Home Loan,7690164,120,Rent,217258,Naihati,Tamil Nadu
CUST-2026-01188,Saksham Taneja,KIMPV8823A,48,M,1,17202,Salaried,8,0,0,Personal Loan,1274114,60,Own,313111,Bharatpur,Goa
CUST-2026-01189,Bhavna Lanka,BYVWX0166Z,29,F,2,17866,Business,3,1,3787,Business Loan,4437704,60,Own,494819,Jorhat,Rajasthan
CUST-2026-01190,Upkaar Chanda,VDCPU1399V,28,F,3,52399,Salaried,0,0,0,Home Loan,9120212,120,Family,705446,Chapra,Arunachal Pradesh
CUST-2026-01191,Anjali Bhavsar,TNCWW6393C,40,F,3,34770,Self-Employed,9,0,0,Home Loan,5892839,120,Own,317623,Guntakal,Tamil Nadu
CUST-2026-01192,Idika Bose,TUUXL2842A,44,M,1,59553,Salaried,0,0,0,Car Loan,2406916,60,Own,710336,Purnia,Odisha
CUST-2026-01193,Rachita Zacharia,PULGF8926S,30,F,3,12000,Salaried,7,0,0,Education Loan,4039672,120,Rent,605344,Dibrugarh,Rajasthan
CUST-2026-01194,Zayan Varma,QZBVA1742C,41,F,0,89835,Salaried,7,0,0,Marriage Loan,1389477,36,Own,965450,Vijayanagaram,Karnataka
CUST-2026-01195,Xalak Kala,KCIKK2049M,44,M,1,103435,Salaried,1,0,0,Marriage Loan,1363661,48,Rent,419669,Surat,Manipur
CUST-2026-01196,Darpan Vig,GVABX7004Y,37,F,3,29728,Salaried,16,1,11307,Home Loan,2663271,300,Own,791188,Agartala,Sikkim
CUST-2026-01197,Wridesh Dora,LOTVZ2092J,50,F,1,148700,Business,26,3,17293,Car Loan,733118,36,Family,187474,Surendranagar Dudhrej,Gujarat
CUST-2026-01198,Eiravati Bhatt,FZMRV7398Y,27,F,1,54169,Salaried,1,1,13919,Car Loan,2007740,60,Own,279617,Raebareli,Telangana
CUST-2026-01199,Bhavini Dyal,FOHLX2479G,26,M,2,37182,Self-Employed,5,0,0,Personal Loan,1051647,48,Own,586505,Haridwar,Rajasthan
CUST-2026-01200,Ishaan Doctor,GCYGO7846O,47,F,3,35528,Self-Employed,26,1,11402,Personal Loan,863737,60,Rent,206982,Machilipatnam,Himachal Pradesh
CUST-2026-01201,Ucchal Sunder,ASPPY3232S,55,F,0,28125,Salaried,7,2,10389,Personal Loan,298391,12,Own,465469,Sambalpur,Gujarat
CUST-2026-01202,Saksham Dutta,SZKTZ3186K,39,F,0,55788,Salaried,7,1,13355,Home Loan,3719965,300,Rent,213869,Bhusawal,Nagaland
CUST-2026-01203,Arunima Goda,UZTQC9806R,24,M,2,140254,Self-Employed,0,2,41820,Home Loan,2681337,300,Own,380452,Bhopal,Himachal Pradesh
CUST-2026-01204,Christopher Chacko,RNMXZ9298L,38,M,2,128335,Self-Employed,17,2,44163,Home Loan,12805390,180,Own,386506,Shivpuri,Rajasthan
CUST-2026-01205,Januja Chana,MBQZF0121U,58,F,0,88936,Salaried,4,0,0,Home Loan,2869209,300,Rent,237470,Rajkot,Karnataka
CUST-2026-01206,Xiti Dara,BOFEI7586M,36,M,2,51061,Business,13,0,0,Education Loan,1435993,84,Rent,808798,Noida,Madhya Pradesh
CUST-2026-01207,Wazir Das,KGHNT2967X,48,M,1,81919,Salaried,19,2,26792,Car Loan,993804,48,Own,754771,Mehsana,Mizoram
CUST-2026-01208,Warinder Sampath,CISPR6796F,39,M,3,68691,Salaried,8,0,0,Personal Loan,101425,36,Rent,612166,Ozhukarai,Tripura
CUST-2026-01209,Tanish Maharaj,ESKSF1507F,47,F,4,59691,Salaried,23,0,0,Car Loan,1287257,84,Own,542492,Aligarh,Gujarat
CUST-2026-01210,Vritti Walla,IJOQD7200V,41,F,2,404084,Salaried,7,1,160594,Education Loan,1840521,120,Family,716989,Rohtak,Manipur
CUST-2026-01211,Vaishnavi Koshy,JOSEF7539B,31,F,4,41459,Salaried,2,3,10583,Marriage Loan,1071015,48,Own,278101,Ratlam,Kerala
CUST-2026-01212,Jhalak Morar,RNFEL7972L,45,M,2,25937,Self-Employed,4,1,4421,Marriage Loan,459207,12,Own,604617,Mirzapur,Himachal Pradesh
CUST-2026-01213,Zehaan Rajagopalan,LXQIE7336A,29,M,2,111456,Salaried,7,0,0,Personal Loan,966148,24,Rent,842103,Meerut,Andhra Pradesh
CUST-2026-01214,Saanvi Rama,ALDID6271I,23,F,3,26627,Salaried,0,0,0,Business Loan,3989513,12,Own,548663,Bhilai,Jharkhand
CUST-2026-01215,Gautam Keer,WSFKX4357J,43,F,1,33927,Salaried,13,1,5711,Education Loan,4899754,60,Family,227291,Rohtak,Andhra Pradesh
CUST-2026-01216,Edhitha Ray,OHTOC7041N,23,M,3,29465,Salaried,0,0,0,Car Loan,1406890,84,Own,829087,Nanded,Jharkhand
CUST-2026-01217,Vyanjana Sinha,KTUDV7366E,49,M,2,51391,Salaried,0,0,0,Home Loan,11731409,300,Rent,849330,Panipat,Uttar Pradesh
CUST-2026-01218,Harish Dyal,HZEIW1370K,42,M,1,73292,Salaried,14,1,15029,Car Loan,1436712,36,Family,857749,Thoothukudi,Telangana
CUST-2026-01219,Indira Salvi,HPZAX3985W,46,F,1,171267,Salaried,22,1,52404,Home Loan,2177410,180,Own,576766,Guna,Tamil Nadu
CUST-2026-01220,Charles Gour,YTRJW0734K,46,F,1,46915,Business,9,2,6841,Home Loan,5194096,240,Family,454433,Malda,Punjab
CUST-2026-01221,Nandini Iyengar,LGTRC3598Q,36,M,1,22483,Salaried,7,0,0,Car Loan,1689817,84,Own,259733,Bhavnagar,Rajasthan
CUST-2026-01222,Indrajit Dugar,UBXFL6066Q,40,M,3,21573,Professional,5,0,0,Education Loan,1889612,180,Rent,734021,Satara,Rajasthan
CUST-2026-01223,Ekaja Seth,PMQYS9982Q,40,M,0,38285,Salaried,7,1,13203,Personal Loan,1390187,48,Rent,996719,Hindupur,Haryana
CUST-2026-01224,Falak Manda,MSBXO6442S,43,F,3,22677,Self-Employed,17,2,6462,Car Loan,740038,60,Rent,713331,Bhilwara,Meghalaya
CUST-2026-01225,Qabil Ramaswamy,ELKUI6243S,59,F,3,21763,Self-Employed,8,2,4713,Home Loan,2225025,300,Own,978577,Vijayanagaram,Gujarat
CUST-2026-01226,Veer Chakraborty,UZJWL7944Z,28,F,0,72171,Salaried,3,2,24116,Car Loan,527290,84,Rent,848243,Jaipur,Madhya Pradesh
CUST-2026-01227,Chandran Rattan,RUVMK8683A,39,F,2,12101,Retired,1,0,0,Marriage Loan,541483,12,Family,793834,Firozabad,Manipur
CUST-2026-01228,Manthan Chakraborty,KPIYI7727E,42,M,2,47471,Salaried,6,0,0,Personal Loan,724332,36,Own,308276,Ghaziabad,Punjab
CUST-2026-01229,Akshay Vora,REZGM0468S,54,F,1,25902,Self-Employed,22,0,0,Home Loan,11953362,300,Own,733102,Tezpur,Kerala
CUST-2026-01230,Udarsh Jani,ZGYJH4371S,31,F,1,31569,Retired,2,0,0,Car Loan,2272428,60,Own,548407,Shimla,Maharashtra
CUST-2026-01231,Lavanya De,EDZQR6324W,31,M,4,12000,Self-Employed,0,2,2530,Home Loan,13830296,300,Own,271294,Tumkur,Gujarat
CUST-2026-01232,Barkha Gulati,AMTPR9264G,34,M,4,35272,Professional,9,0,0,Home Loan,8343257,180,Rent,559529,Ghaziabad,Maharashtra
CUST-2026-01233,Ayush Mannan,XOERD5330D,40,M,1,47895,Business,12,1,16599,Personal Loan,1768861,24,Family,554690,Alappuzha,Maharashtra
CUST-2026-01234,Yuvraj Pingle,GPLPX9375G,36,M,2,118101,Professional,2,3,18875,Home Loan,2436452,180,Rent,328928,Tadipatri,Himachal Pradesh
CUST-2026-01235,Upasna Deol,FMEXB0585U,43,M,2,121647,Self-Employed,5,1,36931,Education Loan,1430658,60,Own,463554,Guwahati,Odisha
CUST-2026-01236,Leela Sampath,YBFER8700F,37,F,1,72418,Self-Employed,10,0,0,Personal Loan,1914658,48,Rent,684098,Sikar,West Bengal
CUST-2026-01237,Daniel Ben,KSALV2169K,36,M,4,16680,Salaried,10,0,0,Business Loan,8738780,60,Own,705453,Srinagar,Telangana
CUST-2026-01238,Chakradev Ahluwalia,MUBLD6549R,30,F,1,54026,Salaried,8,2,9676,Home Loan,1560457,240,Own,611798,Chittoor,Karnataka
CUST-2026-01239,Kamala Deo,AIWBN4373Q,33,F,2,66900,Self-Employed,2,2,9023,Personal Loan,1635215,48,Own,568802,Barasat,Himachal Pradesh
CUST-2026-01240,Abha Gara,EDETG5396I,23,M,0,138123,Salaried,1,3,51641,Education Loan,737743,84,Rent,659136,Amaravati,Nagaland
CUST-2026-01241,Kevin Chakraborty,MRURM8304D,27,F,3,12593,Homemaker,4,1,3537,Home Loan,8881842,120,Family,234257,Sonipat,Mizoram
CUST-2026-01242,Jackson Munshi,KRIBA8904D,45,M,2,30924,Salaried,17,1,10344,Personal Loan,1000034,24,Rent,417937,Ajmer,Karnataka
CUST-2026-01243,Jalsa Sani,ECZEX4974U,37,F,0,23894,Salaried,9,1,3728,Personal Loan,1364322,24,Rent,757783,Panchkula,Arunachal Pradesh
CUST-2026-01244,Zansi Munshi,RQTRE2417G,37,F,2,95343,Salaried,14,1,17870,Education Loan,1600883,120,Own,805318,Pudukkottai,Jharkhand
CUST-2026-01245,Matthew Sarraf,TXTAN3784T,36,M,4,22185,Self-Employed,7,2,8684,Car Loan,1958720,84,Own,230809,Satna,Maharashtra
CUST-2026-01246,Victor Goswami,UNETR4206R,42,F,2,55687,Salaried,8,0,0,Personal Loan,1131098,12,Own,969295,Jalgaon,Arunachal Pradesh
CUST-2026-01247,Unni Sarin,JSBNK4559K,36,M,1,70678,Homemaker,3,0,0,Home Loan,13101016,120,Family,653245,Bhilwara,Arunachal Pradesh
CUST-2026-01248,Ishanvi Sundaram,YNWBE6416P,40,M,0,29556,Salaried,6,0,0,Personal Loan,1566687,24,Rent,836852,Thane,Bihar
CUST-2026-01249,Jatin Palla,ZWUMR6543J,42,M,0,80831,Business,18,1,23951,Business Loan,9694935,12,Rent,257751,Gorakhpur,Manipur
CUST-2026-01250,Om Trivedi,IBHUQ8488T,30,M,4,128318,Salaried,4,1,24643,Home Loan,8710513,120,Rent,633278,Anantapuram,Assam
CUST-2026-01251,Aayush Vora,GAXYD9994A,54,F,2,48680,Salaried,9,0,0,Personal Loan,1902786,48,Rent,182637,Phusro,Uttarakhand
CUST-2026-01252,Yatin Tara,HZHHP4731C,43,F,1,37597,Salaried,22,1,7874,Car Loan,1345202,36,Own,991115,Erode,Tripura
CUST-2026-01253,Bhavani Dara,PNWZC0749H,59,F,2,29761,Self-Employed,7,2,3993,Marriage Loan,1075876,12,Rent,461575,Ozhukarai,Sikkim
CUST-2026-01254,Ekiya Dube,KWUCQ2648R,31,M,3,166531,Self-Employed,7,0,0,Car Loan,979272,60,Own,479250,Gudivada,Madhya Pradesh
CUST-2026-01255,Sudiksha Luthra,IVCYE8611F,53,M,4,38262,Business,11,1,12192,Car Loan,1983341,84,Own,564043,Jaunpur,Andhra Pradesh
CUST-2026-01256,Sneha Nair,NHWIB0268R,53,F,2,125264,Salaried,29,1,46996,Education Loan,1673065,84,Family,991537,Ozhukarai,Punjab
CUST-2026-01257,Barkha Naidu,MKLOR3457A,39,F,0,29295,Salaried,13,2,11497,Car Loan,1528846,48,Rent,895355,Rajpur Sonarpur,Telangana
CUST-2026-01258,George Rastogi,JWTYS4341U,44,M,0,68469,Salaried,2,3,7083,Car Loan,1254438,48,Own,774059,Madurai,Uttar Pradesh
CUST-2026-01259,Gaurav Bail,UFQVE3949J,28,F,2,57903,Salaried,3,0,0,Car Loan,2270552,48,Own,241940,Mathura,Himachal Pradesh
CUST-2026-01260,Neha Mane,LXLBC4959L,44,F,0,61166,Salaried,9,2,23194,Personal Loan,1706219,24,Family,944419,Ujjain,West Bengal
CUST-2026-01261,Vritti Sankaran,ZHRXT4727T,47,F,2,91918,Self-Employed,7,1,36762,Education Loan,3079554,180,Rent,421449,Jamshedpur,Rajasthan
CUST-2026-01262,Jagrati Char,GIVRH1240R,50,M,1,53617,Salaried,22,0,0,Home Loan,8600799,180,Own,754833,Madanapalle,Telangana
CUST-2026-01263,Vrishti Sehgal,JOBXO9069L,40,M,0,48722,Salaried,16,0,0,Business Loan,6806911,24,Rent,369786,Anand,Uttarakhand
CUST-2026-01264,Gautam Sami,BIJPR3658L,48,M,2,73532,Salaried,0,0,0,Personal Loan,1079706,24,Rent,593192,Agartala,Madhya Pradesh
CUST-2026-01265,Radha Sandhu,QLHJX8856F,57,F,2,54886,Salaried,28,0,0,Business Loan,4526372,60,Own,854567,Srikakulam,Uttar Pradesh
CUST-2026-01266,Ubika Kapur,KIWPS0832J,43,M,3,60406,Business,1,2,23393,Personal Loan,1099883,24,Rent,187916,Anand,Assam
CUST-2026-01267,Bina Sidhu,ESRGS0198J,33,M,3,13559,Self-Employed,4,0,0,Home Loan,13758291,180,Own,169437,Shimla,Rajasthan
CUST-2026-01268,Manthan Datta,JVEMI5728T,23,M,2,12000,Self-Employed,2,0,0,Home Loan,13521705,120,Rent,150670,Morena,Maharashtra
CUST-2026-01269,Chakrika Batta,CUTSG8742T,53,M,1,84661,Salaried,9,0,0,Home Loan,11471428,120,Family,929702,Kulti,Sikkim
CUST-2026-01270,Yashvi Sandal,AECSF0205J,46,F,2,101044,Salaried,5,0,0,Home Loan,3654566,120,Rent,268060,Ranchi,Nagaland
CUST-2026-01271,Isha Kumar,COPNB2397W,39,M,2,49744,Salaried,12,1,9922,Education Loan,1523582,84,Own,710079,Madhyamgram,Maharashtra
CUST-2026-01272,Ishaan Shere,FOOQX7408A,31,F,4,25273,Business,6,0,0,Marriage Loan,245132,48,Own,797022,Ambala,Odisha
CUST-2026-01273,Fiyaz Saha,SLTDS6103X,28,M,3,28302,Salaried,7,0,0,Business Loan,8464970,60,Own,976519,Singrauli,Goa
CUST-2026-01274,Shivani Lanka,TZZYT5370M,31,F,0,21443,Self-Employed,1,0,0,Marriage Loan,215071,36,Rent,833546,Satara,Tamil Nadu
CUST-2026-01275,Farhan Lad,FLACR5004C,51,M,0,51878,Professional,27,2,11689,Car Loan,1329971,48,Family,369857,Rajpur Sonarpur,Karnataka
CUST-2026-01276,Abdul Rana,ONFWE4505F,32,M,2,28457,Salaried,0,1,9500,Car Loan,2359068,60,Own,839647,Raebareli,West Bengal
CUST-2026-01277,Triveni Ravel,XYUZX5174R,29,F,4,71209,Salaried,5,1,18787,Car Loan,772151,48,Rent,229882,Tirunelveli,Bihar
CUST-2026-01278,Megha Mittal,KLNKX2447D,39,M,2,43399,Salaried,6,0,0,Home Loan,1785111,120,Own,356820,Avadi,West Bengal
CUST-2026-01279,Rayaan Choudhury,GNACT2731D,35,F,3,21154,Salaried,5,0,0,Home Loan,8919974,300,Own,237747,Bhavnagar,Assam
CUST-2026-01280,Shaurya Srivastava,AIIQJ3275H,44,M,3,46776,Salaried,0,2,10821,Home Loan,10163704,180,Own,894694,Maheshtala,Uttarakhand
CUST-2026-01281,Rayaan Chadha,WJKLA9809U,34,F,4,22642,Salaried,4,2,7807,Home Loan,13008928,240,Own,464380,New Delhi,Rajasthan
CUST-2026-01282,Pahal Bains,ZLWFU2370S,59,M,2,25861,Salaried,25,1,10016,Home Loan,3609024,120,Rent,872083,Siliguri,Jharkhand
CUST-2026-01283,Vedhika Sinha,EUUWT9286R,33,F,0,68315,Salaried,11,1,9617,Car Loan,1812933,36,Rent,183016,Jamnagar,Bihar
CUST-2026-01284,Saksham Menon,YGPKO2897P,32,F,3,20616,Salaried,11,1,4808,Business Loan,2582280,36,Rent,732768,Bhimavaram,Andhra Pradesh
CUST-2026-01285,Abhiram Chauhan,LRHTP2687R,49,F,3,22577,Salaried,0,0,0,Marriage Loan,240167,48,Own,430899,Faridabad,Odisha
CUST-2026-01286,Bina Bansal,DSHRL9728Y,31,M,2,122090,Salaried,1,1,15235,Home Loan,8965123,120,Rent,218465,Vijayanagaram,Rajasthan
CUST-2026-01287,Vincent Bhat,XFFEN4344R,56,F,2,22505,Business,27,2,4258,Car Loan,1770542,48,Rent,963093,Shivpuri,Meghalaya
CUST-2026-01288,Devansh Loyal,ZVWYY6550X,28,M,0,29653,Homemaker,7,0,0,Home Loan,10184768,180,Family,874358,Bhusawal,Mizoram
CUST-2026-01289,Warda Palan,BOJHT3927Y,55,F,3,23067,Salaried,8,0,0,Personal Loan,266155,60,Family,362830,Bhalswa Jahangir Pur,Rajasthan
CUST-2026-01290,Bhavna Handa,MODDG3006Y,43,F,4,20894,Self-Employed,15,3,6672,Personal Loan,1576745,48,Rent,169251,Jaipur,Manipur
CUST-2026-01291,Yashica Kanda,OJSFZ8630J,39,M,2,27319,Salaried,18,0,0,Car Loan,2002326,84,Rent,265612,Bahraich,Meghalaya
CUST-2026-01292,Karan Memon,TKSTT9208Z,35,M,4,94815,Retired,7,0,0,Home Loan,10227291,120,Rent,646993,Madanapalle,Odisha
CUST-2026-01293,Urmi Edwin,EKBMH8834N,46,M,2,116264,Salaried,8,1,40146,Car Loan,1577033,84,Family,827347,Erode,Telangana
CUST-2026-01294,Vasudha Dayal,WUFID1193H,37,F,2,13022,Salaried,3,0,0,Personal Loan,1095245,48,Rent,113663,Ichalkaranji,Punjab
CUST-2026-01295,Harrison Sagar,TVUBJ3436I,26,M,3,31124,Professional,3,0,0,Home Loan,13508245,120,Family,593862,Sangli-Miraj & Kupwad,Goa
CUST-2026-01296,Champak Badami,KYFMF9153M,37,F,2,12000,Salaried,0,0,0,Education Loan,1961116,180,Rent,914331,Noida,Meghalaya
CUST-2026-01297,Owen Thakur,TSXAS3628G,29,M,2,93840,Salaried,5,1,16196,Home Loan,5410393,180,Rent,974606,Raurkela Industrial Township,Kerala
CUST-2026-01298,Ishaan Karan,MOXHF1576Y,45,M,1,29268,Self-Employed,16,0,0,Home Loan,8187795,120,Own,787034,Naihati,Arunachal Pradesh
CUST-2026-01299,Harini Pant,VDJRO2612K,55,M,2,33587,Salaried,28,3,9684,Home Loan,13345058,240,Own,873266,Morbi,Bihar
CUST-2026-01300,Matthew Varma,NOQOF4949V,30,M,2,37443,Retired,9,0,0,Personal Loan,1343398,24,Own,249237,Proddatur,Tripura
CUST-2026-01301,Tanvi Choudhry,CRAIK4964V,38,M,2,19872,Salaried,3,1,5051,Education Loan,3728298,120,Rent,927237,Dhanbad,Punjab
CUST-2026-01302,Yashica Cheema,XANED4113Y,46,F,2,27629,Salaried,2,2,9783,Home Loan,10887085,240,Rent,203352,Kishanganj,Bihar
CUST-2026-01303,Naksh Master,HJUQF4520X,35,F,1,19444,Self-Employed,14,1,2003,Home Loan,10943596,240,Own,890245,Tiruppur,Goa
CUST-2026-01304,Hardik Dube,VESHN2294M,50,M,2,104035,Salaried,21,1,15899,Car Loan,1937966,84,Own,848698,Guna,Tamil Nadu
CUST-2026-01305,Jason Jaggi,LTXQF4339C,22,M,2,49157,Self-Employed,0,1,8320,Marriage Loan,423489,48,Own,902152,Thanjavur,Rajasthan
CUST-2026-01306,Urvi Om,CHTVS4982P,37,F,3,108882,Salaried,6,0,0,Business Loan,5409612,36,Rent,696393,Chennai,Manipur
CUST-2026-01307,Kashish Sachdeva,XCEOX7459R,47,M,2,175040,Professional,10,0,0,Business Loan,1003223,36,Own,471519,Guwahati,Jharkhand
CUST-2026-01308,Vedant Devi,BGNOP6289F,38,F,1,79760,Self-Employed,12,1,28258,Home Loan,2180765,300,Own,449079,Saharanpur,Kerala
CUST-2026-01309,Tara Varty,AGLAO2842N,32,M,1,89460,Salaried,9,0,0,Marriage Loan,491464,12,Rent,517766,Haridwar,Uttar Pradesh
CUST-2026-01310,Madhav Anne,LEDIZ2566L,21,F,2,16100,Salaried,1,0,0,Personal Loan,1272301,12,Rent,195898,Ludhiana,Uttar Pradesh
CUST-2026-01311,Divya Ratti,FJVKS4123X,39,F,3,103761,Self-Employed,1,0,0,Education Loan,1228638,120,Rent,342376,Guwahati,Tamil Nadu
CUST-2026-01312,Maya Bansal,VWCOX5398T,21,M,1,12000,Salaried,0,0,0,Business Loan,1022888,12,Own,418600,Raebareli,Tripura
CUST-2026-01313,Zinal Merchant,KLNUM4566E,33,M,1,25578,Salaried,5,0,0,Personal Loan,1458956,60,Own,714387,Ramgarh,Sikkim
CUST-2026-01314,Dipta Padmanabhan,EDOYU2698P,40,M,3,50578,Homemaker,7,0,0,Home Loan,14291053,180,Own,480163,Begusarai,Maharashtra
CUST-2026-01315,Netra Sehgal,RXZXU7769M,51,M,4,42009,Salaried,12,0,0,Car Loan,328961,84,Own,181611,Dehri,Andhra Pradesh
CUST-2026-01316,Hemani Ravel,SWSUW6620K,40,F,4,37551,Salaried,3,0,0,Car Loan,566222,36,Family,809637,Tinsukia,Rajasthan
CUST-2026-01317,Balhaar Yogi,SQOKO9330E,34,F,2,69155,Self-Employed,13,1,26576,Car Loan,2417684,36,Rent,720981,Barasat,Tripura
CUST-2026-01318,Tanay Chander,SRMCA7825I,46,M,3,205499,Professional,17,1,37140,Home Loan,14858798,300,Rent,677401,Cuttack,Karnataka
CUST-2026-01319,Nathaniel Bajaj,SLILO6693U,32,F,0,33463,Business,11,0,0,Business Loan,8913811,12,Own,248101,Saharsa,Mizoram
CUST-2026-01320,Pahal Tiwari,ETNLT6881D,25,F,1,14414,Salaried,4,0,0,Business Loan,7933356,60,Own,999164,New Delhi,Andhra Pradesh
CUST-2026-01321,Yashica Pandya,ZKPLK1317M,35,F,2,48017,Salaried,4,1,10950,Business Loan,5871540,12,Own,930320,Serampore,Bihar
CUST-2026-01322,Chanchal Ahluwalia,MMRBB3992W,36,M,1,45997,Professional,13,0,0,Home Loan,8140993,240,Own,989952,Amravati,Bihar
CUST-2026-01323,Inaya Mistry,LCYBU0372G,55,F,1,27357,Salaried,26,1,3289,Home Loan,6885974,240,Rent,175556,Noida,Manipur
CUST-2026-01324,Henry Narang,SSACD8227X,46,M,3,45648,Salaried,10,1,18151,Personal Loan,654304,24,Own,243039,Burhanpur,Jharkhand
CUST-2026-01325,Guneet Din,MVPOR3701Q,28,F,4,53244,Business,7,1,9669,Personal Loan,1728473,24,Rent,776030,Karimnagar,Mizoram
CUST-2026-01326,George Bhatia,JWEKZ5688V,29,M,1,62281,Self-Employed,8,0,0,Home Loan,1759922,120,Rent,704398,Bulandshahr,Tamil Nadu
CUST-2026-01327,Sanaya Brahmbhatt,ZVDIT1330O,33,F,2,35924,Salaried,11,0,0,Personal Loan,1168173,24,Own,903977,Fatehpur,Maharashtra
CUST-2026-01328,Aishani Tara,KLXSN5927Q,58,M,2,27727,Salaried,16,0,0,Marriage Loan,433107,12,Family,572822,Giridih,Kerala
CUST-2026-01329,Omaja Gaba,TDDRA8792I,36,M,0,42554,Self-Employed,6,1,10645,Personal Loan,1317051,24,Own,924886,Gandhidham,Rajasthan
CUST-2026-01330,Kai Varghese,HFBUW0182H,31,M,0,36804,Salaried,2,1,13469,Car Loan,1583000,60,Rent,437039,Shivpuri,Chhattisgarh
CUST-2026-01331,Urvashi Bali,PJSSV7675C,52,F,1,35888,Salaried,0,1,6963,Education Loan,2737927,84,Own,738890,Rajpur Sonarpur,West Bengal
CUST-2026-01332,Jagat Rege,PBXFE1835O,49,F,2,15059,Salaried,19,0,0,Car Loan,1221029,48,Rent,412479,Karaikudi,Telangana
CUST-2026-01333,Banjeet Virk,SMAAK4974A,23,F,1,22753,Professional,2,2,6578,Home Loan,8149529,300,Own,604508,Uluberia,Bihar
CUST-2026-01334,Kavya Mitter,YWNWN4771I,43,F,2,60539,Retired,4,0,0,Marriage Loan,1452702,24,Own,979263,Serampore,Chhattisgarh
CUST-2026-01335,Lucky Sama,OZCFQ2957S,44,M,2,14891,Self-Employed,13,1,1789,Business Loan,7225762,60,Own,396434,Bhopal,Jharkhand
CUST-2026-01336,Qadim Suresh,TMRMS3797I,51,M,1,45993,Business,13,0,0,Home Loan,5885367,180,Own,517685,Anantapuram,Arunachal Pradesh
CUST-2026-01337,Ekansh Basu,GOFCT4935F,41,M,0,37726,Salaried,11,1,12823,Education Loan,3322847,120,Own,762912,Motihari,Andhra Pradesh
CUST-2026-01338,Sneha Nazareth,ZBIUZ0552N,37,F,2,43569,Salaried,11,1,11321,Home Loan,14511701,240,Own,379315,Chapra,Maharashtra
CUST-2026-01339,Lakshit Thaman,PINAH7426Y,47,M,1,50572,Business,12,0,0,Business Loan,1056296,12,Own,344823,Fatehpur,Uttar Pradesh
CUST-2026-01340,Manthan Nanda,ROCZM5936S,27,M,0,111239,Salaried,6,2,27512,Education Loan,355593,120,Rent,949629,Hospet,Rajasthan
CUST-2026-01341,Megha Nori,JUOLE2391Y,35,M,2,56337,Business,12,0,0,Home Loan,6626322,180,Rent,169911,Munger,Assam
CUST-2026-01342,Gaurang Gandhi,CZRFV7809N,42,F,4,40794,Self-Employed,15,0,0,Home Loan,12930158,240,Own,758625,Mango,Nagaland
CUST-2026-01343,Jatin Chada,FJJZW8822W,38,F,2,243384,Self-Employed,13,1,28916,Business Loan,9286991,36,Rent,607322,Aurangabad,Tamil Nadu
CUST-2026-01344,Vamakshi Thakkar,LTKGP2403U,53,F,1,37578,Salaried,15,1,9502,Personal Loan,1745495,36,Rent,653417,Jehanabad,Gujarat
CUST-2026-01345,Anirudh Maharaj,EQOHV5386I,48,M,1,40496,Salaried,1,1,6174,Home Loan,14496517,240,Own,629208,Katihar,Andhra Pradesh
CUST-2026-01346,Frado Walla,SJKES1439Q,33,M,1,77844,Salaried,0,1,23579,Personal Loan,835587,24,Rent,318375,Sambalpur,Uttar Pradesh
CUST-2026-01347,Vyanjana Bajaj,FNQLF2324W,25,F,3,12000,Self-Employed,0,0,0,Home Loan,13883171,180,Own,651617,Rewa,Punjab
CUST-2026-01348,Arjun Wable,DBYOV0806N,60,F,3,65641,Business,30,0,0,Car Loan,2290352,60,Own,733521,Bokaro,Karnataka
CUST-2026-01349,Ishwar Chaudhary,ZWACG8462P,25,M,2,50549,Salaried,4,0,0,Business Loan,8482206,60,Own,315849,Bardhaman,Karnataka
CUST-2026-01350,Qadim Kumer,MLMMQ9599T,38,M,3,20485,Self-Employed,5,0,0,Home Loan,9340700,120,Rent,663499,Baranagar,Nagaland
CUST-2026-01351,Nikita Gara,SZXGK5095A,30,F,4,122133,Salaried,7,0,0,Car Loan,2484885,60,Family,217431,Jamnagar,Tripura
CUST-2026-01352,Dalbir Misra,ZNTRH5298H,37,M,3,82807,Business,11,0,0,Home Loan,8669169,240,Own,147553,Bokaro,Arunachal Pradesh
CUST-2026-01353,Nitara Naik,BADLW5778I,32,F,2,24294,Self-Employed,11,1,9539,Home Loan,5901001,180,Rent,649045,Imphal,Madhya Pradesh
CUST-2026-01354,Samaksh Khatri,FFEQL8488E,31,M,2,68518,Self-Employed,4,2,15605,Business Loan,9741324,36,Family,726169,Jamshedpur,Himachal Pradesh
CUST-2026-01355,Ishwar Luthra,YVEGW3202O,36,M,1,35971,Professional,1,2,13542,Business Loan,7247887,60,Own,132367,Kumbakonam,Tripura
CUST-2026-01356,Dominic Sule,PFOXA2265W,40,M,3,12000,Salaried,5,1,2053,Business Loan,932114,12,Own,768460,Madhyamgram,Arunachal Pradesh
CUST-2026-01357,Amruta Chaudhuri,LXJTM4289E,25,F,4,12000,Self-Employed,0,1,1429,Business Loan,6314817,36,Rent,853249,Muzaffarpur,Andhra Pradesh
CUST-2026-01358,Sanaya Chacko,LHDJY5136V,32,F,2,28638,Salaried,1,1,10825,Home Loan,12883194,180,Rent,254791,Avadi,Haryana
CUST-2026-01359,Om Korpal,LCUAS2551W,35,M,1,36232,Salaried,8,0,0,Car Loan,1677177,60,Own,636184,Ajmer,West Bengal
CUST-2026-01360,Benjamin Agarwal,PJUPU9335B,50,M,2,24671,Salaried,9,0,0,Business Loan,948994,60,Family,543034,Miryalaguda,Nagaland
CUST-2026-01361,Oliver Acharya,DFLWT8256A,38,M,2,33321,Salaried,14,1,11411,Home Loan,11137234,180,Own,852434,Udupi,Uttarakhand
CUST-2026-01362,Lajita Panchal,FOURM1329F,37,F,3,144137,Salaried,9,1,41679,Car Loan,1412126,36,Own,249012,Darbhanga,Arunachal Pradesh
CUST-2026-01363,Chakradev Edwin,JUYVY6219U,46,F,2,90549,Salaried,3,1,34475,Marriage Loan,1129322,24,Rent,526601,Bhimavaram,Uttarakhand
CUST-2026-01364,Megha Das,EDZYR2794Y,48,M,1,102038,Salaried,9,0,0,Personal Loan,755087,36,Family,950350,Dewas,Telangana
CUST-2026-01365,Rachana Kade,MJIMI1655H,35,M,2,75097,Salaried,12,1,10512,Home Loan,8502393,120,Own,193318,Miryalaguda,Uttarakhand
CUST-2026-01366,Sneha Mahajan,ZOQAC3755C,35,F,3,105967,Homemaker,13,0,0,Personal Loan,125595,60,Rent,652799,Tiruvottiyur,Punjab
CUST-2026-01367,Tripti Narasimhan,BXRXO6599C,28,M,1,25131,Salaried,3,1,8522,Home Loan,5142895,300,Own,725971,Mau,Haryana
CUST-2026-01368,Aayush Andra,GNCHT4227N,39,M,2,48816,Salaried,14,0,0,Home Loan,6079661,180,Rent,680088,Delhi,Andhra Pradesh
CUST-2026-01369,Maya Yohannan,SMVHP1340I,33,M,1,55320,Self-Employed,2,1,19756,Car Loan,2155322,60,Rent,826282,Haridwar,Sikkim
CUST-2026-01370,Sai Dasgupta,PADJU7898I,35,M,5,58645,Salaried,12,0,0,Education Loan,3583757,120,Rent,315505,Siwan,Assam
CUST-2026-01371,Lila Goel,QZQGO1922P,46,F,2,126466,Salaried,3,1,47889,Home Loan,3833797,180,Own,919618,Ghaziabad,Kerala
CUST-2026-01372,Kamala Hans,BGIPR9376U,44,F,0,27654,Salaried,13,0,0,Car Loan,2484505,60,Rent,366490,Amravati,Uttarakhand
CUST-2026-01373,Avni Parmar,TQGGP2424L,48,F,3,41051,Self-Employed,1,2,9631,Home Loan,13827238,180,Family,778155,Korba,Manipur
CUST-2026-01374,Timothy Kaur,SWDGC5556V,35,F,4,12000,Self-Employed,2,0,0,Home Loan,2972706,300,Own,588060,Srikakulam,Gujarat
CUST-2026-01375,Waida Kadakia,EOWML7286W,24,F,2,54177,Salaried,2,0,0,Home Loan,5914274,180,Family,983418,Vadodara,Meghalaya
CUST-2026-01376,Arunima Tella,DCGLV7957L,44,F,1,29956,Salaried,23,2,4263,Personal Loan,1079839,12,Own,268442,Tenali,Andhra Pradesh
CUST-2026-01377,Parth Bhattacharyya,QMXSD0051E,41,M,1,16297,Salaried,3,2,3394,Car Loan,2413091,48,Own,116543,Suryapet,Meghalaya
CUST-2026-01378,Aashi Kari,PLGCK4302M,28,F,1,70007,Salaried,4,3,14838,Marriage Loan,425053,12,Own,196702,Amritsar,Odisha
CUST-2026-01379,Zayyan Setty,XRKXT1710L,27,F,4,36431,Self-Employed,2,0,0,Car Loan,928269,84,Rent,255591,Nellore,Mizoram
CUST-2026-01380,Rachana Ray,OFSGQ3577C,53,F,2,15548,Business,14,2,3213,Education Loan,2221050,120,Rent,306738,Faridabad,Andhra Pradesh
CUST-2026-01381,Warhi Pathak,TUQRT5100Y,51,F,1,50053,Business,22,1,5530,Home Loan,4463486,300,Rent,542292,Kadapa,Himachal Pradesh
CUST-2026-01382,Arunima Salvi,GZFGI7334B,42,M,1,27638,Self-Employed,3,0,0,Home Loan,6271997,300,Rent,868546,Rajahmundry,Mizoram
CUST-2026-01383,Manya Hayer,HBVIS6568G,22,F,1,69010,Salaried,1,0,0,Personal Loan,251100,48,Own,892963,Satna,Nagaland
CUST-2026-01384,Upkaar Sampath,CYGRO0796X,54,F,0,134995,Salaried,16,0,0,Car Loan,2164157,60,Own,743662,Aurangabad,Karnataka
CUST-2026-01385,Forum Mukhopadhyay,APVSB3769L,34,M,3,58880,Salaried,10,0,0,Personal Loan,1915132,48,Own,633835,Thiruvananthapuram,Assam
CUST-2026-01386,Rachana Bajwa,MWIDY1161A,49,F,2,100759,Salaried,15,2,22598,Business Loan,612516,36,Own,122950,Bhopal,Assam
CUST-2026-01387,Hritik Solanki,QPVAO6089P,46,F,3,51562,Business,23,0,0,Marriage Loan,561960,48,Rent,726180,Chandrapur,Odisha
CUST-2026-01388,Zinal Khalsa,PDKDY1367T,43,M,2,13421,Self-Employed,22,1,3246,Education Loan,4358769,60,Own,813621,Meerut,Haryana
CUST-2026-01389,Jeet Chada,EAWXD2487S,53,F,2,122108,Self-Employed,30,1,37791,Personal Loan,1230551,12,Family,967144,Bareilly,Assam
CUST-2026-01390,Dhruv Datta,WSKMJ1117I,55,F,3,158397,Self-Employed,11,0,0,Car Loan,743927,84,Rent,388590,Burhanpur,Arunachal Pradesh
CUST-2026-01391,Rachana Bhatti,PTEDA0268N,38,F,2,54481,Retired,10,1,10476,Home Loan,5445943,240,Own,716800,Pimpri-Chinchwad,Arunachal Pradesh
CUST-2026-01392,Chaitaly Raj,QGOOB6557Z,42,M,1,67440,Salaried,13,3,25592,Home Loan,7700203,180,Rent,333229,Karaikudi,Bihar
CUST-2026-01393,Viraj Anne,MDEEP6171H,37,M,1,73218,Self-Employed,1,0,0,Personal Loan,1676450,60,Family,375900,Tadipatri,Madhya Pradesh
CUST-2026-01394,Harrison Nori,RVLVQ0346X,40,M,3,25363,Salaried,14,1,5285,Business Loan,635474,24,Rent,400354,Madhyamgram,Manipur
CUST-2026-01395,Reyansh Chokshi,MAPXL0207M,37,M,2,57407,Self-Employed,6,0,0,Personal Loan,1508920,12,Own,456477,Malda,Rajasthan
CUST-2026-01396,Rishi Date,UZUNI3729U,40,F,2,32711,Business,8,0,0,Personal Loan,903408,60,Own,976946,Hindupur,Bihar
CUST-2026-01397,Vasana Saxena,CNBOQ4861E,53,F,3,41641,Salaried,19,0,0,Home Loan,11306891,180,Own,111465,Raichur,Rajasthan
CUST-2026-01398,Darpan Datta,WHJBC9488F,46,M,2,102046,Salaried,25,1,30984,Home Loan,2995731,240,Rent,149410,Durgapur,Goa
CUST-2026-01399,Deepa Dhingra,UQSDG2487H,35,F,3,33056,Salaried,2,0,0,Home Loan,3570990,180,Own,372837,Anand,Jharkhand
CUST-2026-01400,Bishakha Pillay,UYNZB5711E,42,M,1,38186,Homemaker,19,2,8064,Car Loan,507984,36,Own,944778,Tirupati,Chhattisgarh
CUST-2026-01401,Yashica Bhagat,VNYID2137A,27,M,3,33494,Salaried,0,0,0,Home Loan,11690024,240,Own,806735,Howrah,Andhra Pradesh
CUST-2026-01402,Saksham Biswas,RSOOS1851S,29,F,5,194699,Salaried,6,1,77092,Car Loan,788941,84,Rent,213709,Thiruvananthapuram,Maharashtra
CUST-2026-01403,Garima Nayak,YSKPE1841D,50,M,2,16667,Self-Employed,16,0,0,Home Loan,1614753,120,Own,648161,Fatehpur,Karnataka
CUST-2026-01404,Nicholas Cheema,YKJHB5495H,49,M,1,34596,Salaried,28,1,8418,Personal Loan,964022,60,Family,648434,Gurgaon,Punjab
CUST-2026-01405,Aarush Kapoor,EDCRX0031D,42,F,3,26151,Salaried,13,0,0,Home Loan,12225076,120,Family,438577,Shimla,Manipur
CUST-2026-01406,William Srivastava,MCGUA1287I,34,M,3,30082,Salaried,11,3,5062,Home Loan,13689111,240,Own,522160,Kirari Suleman Nagar,Tamil Nadu
CUST-2026-01407,Mugdha Gour,QXLKM0588P,29,F,2,16277,Salaried,4,1,3248,Personal Loan,1380602,60,Rent,627466,Gandhinagar,Telangana
CUST-2026-01408,Ethan Parmar,WARUP8917Z,50,M,0,55253,Salaried,22,0,0,Home Loan,5168555,120,Family,498363,Mirzapur,Uttarakhand
CUST-2026-01409,Ria Hayer,LSTSP3151R,58,F,1,39558,Salaried,23,2,12668,Personal Loan,484881,60,Own,995002,Ajmer,Andhra Pradesh
CUST-2026-01410,Rushil Hora,JXUGN6500N,30,M,4,87704,Salaried,6,1,24436,Business Loan,1166585,36,Own,353531,Varanasi,Rajasthan
CUST-2026-01411,Owen Nori,AOXXO6673Z,43,M,2,57862,Salaried,14,1,17129,Home Loan,9373261,120,Rent,503171,Muzaffarnagar,Jharkhand
CUST-2026-01412,Anthony Goda,GHJTE3318G,34,F,2,67453,Self-Employed,3,1,7121,Education Loan,3206502,60,Rent,973195,Mangalore,West Bengal
CUST-2026-01413,Laksh Raghavan,ICFWY2770K,44,F,2,36389,Salaried,21,1,5435,Business Loan,2169370,12,Rent,632070,Salem,Uttarakhand
CUST-2026-01414,Dalaja Shan,RFVCN4888U,45,F,0,27036,Self-Employed,16,1,6521,Business Loan,1163343,24,Family,976186,Sonipat,Rajasthan
CUST-2026-01415,Radha Bhattacharyya,TYLTM8038G,45,M,2,168015,Self-Employed,23,0,0,Home Loan,3513353,120,Family,572670,Serampore,Haryana
CUST-2026-01416,Rehaan Walia,CUGKO3000C,31,M,3,25987,Business,5,1,7361,Business Loan,942028,12,Own,668417,Bikaner,Bihar
CUST-2026-01417,Yash Batra,UETHP4906A,38,F,0,23135,Salaried,4,1,5775,Home Loan,12143589,300,Rent,782693,Ratlam,Madhya Pradesh
CUST-2026-01418,Manthan Narang,VAAHF2394J,32,F,2,15315,Salaried,2,0,0,Car Loan,578264,36,Rent,418522,Jorhat,Tripura
CUST-2026-01419,Yashoda Suresh,BNTXO5458O,29,F,3,24789,Homemaker,6,1,8150,Car Loan,656878,84,Own,929047,Parbhani,Haryana
CUST-2026-01420,Oliver Trivedi,QUBNF2123Q,37,F,3,23101,Self-Employed,4,1,7278,Personal Loan,1167847,60,Own,588646,Nandyal,Gujarat
CUST-2026-01421,Praneel Nagy,RGQCW8569D,35,M,2,30493,Salaried,10,0,0,Marriage Loan,1313703,48,Rent,873274,Panchkula,Madhya Pradesh
CUST-2026-01422,Warda Som,OGYFI4410O,46,F,1,38107,Salaried,8,2,13655,Home Loan,5451676,180,Own,817026,Hajipur,Tamil Nadu
CUST-2026-01423,Sarthak Kanda,IHTAT9764W,57,M,3,19451,Salaried,1,1,4782,Car Loan,1760634,60,Rent,816499,Ballia,Himachal Pradesh
CUST-2026-01424,Tejas Mohan,ZUHCL6509D,58,M,2,41685,Self-Employed,29,0,0,Education Loan,2803452,180,Rent,181357,Noida,Gujarat
CUST-2026-01425,Kavya Kumar,BGOMC0147H,55,M,4,39371,Salaried,30,0,0,Marriage Loan,364415,36,Own,631735,Aurangabad,Maharashtra
CUST-2026-01426,Chakrika Saxena,ZWRGV6760Z,31,F,2,20720,Salaried,0,0,0,Home Loan,7811721,300,Rent,703804,Guntur,Nagaland
CUST-2026-01427,Udyati Vala,HNCYE0492H,57,M,3,37385,Self-Employed,29,1,6076,Home Loan,11123585,180,Own,133417,Berhampur,Mizoram
CUST-2026-01428,Unni Sankaran,HXLFV3362Z,27,F,4,152203,Salaried,6,0,0,Car Loan,638370,84,Own,367668,Purnia,Punjab
CUST-2026-01429,Anjali Raja,QAACT6273E,58,F,1,54845,Salaried,26,0,0,Home Loan,2615038,120,Rent,138332,Mehsana,Maharashtra
CUST-2026-01430,Alka Borra,UDVCR6673X,30,F,1,60223,Professional,3,1,17999,Education Loan,4902134,120,Rent,441312,Mango,Andhra Pradesh
CUST-2026-01431,Aradhana Kari,HPVRZ1115S,29,M,2,83168,Salaried,5,1,13369,Car Loan,833735,60,Own,221639,Durg,Kerala
CUST-2026-01432,Balvan Iyer,SNPWQ4227J,31,F,2,95382,Business,2,1,10529,Car Loan,2379692,60,Own,631221,Madurai,Bihar
CUST-2026-01433,Chasmum Maharaj,GHHBL3551J,53,F,1,70586,Salaried,8,0,0,Business Loan,9987410,60,Own,725830,Ozhukarai,Karnataka
CUST-2026-01434,Abhiram Mistry,WQJPD0801L,39,M,4,61333,Salaried,6,0,0,Personal Loan,1696594,60,Own,793239,Tinsukia,Gujarat
CUST-2026-01435,Advik Sodhi,GAOKD6814G,32,F,3,50482,Self-Employed,0,1,15115,Business Loan,4233815,24,Rent,889274,Sambhal,Jharkhand
CUST-2026-01436,Utkarsh Kadakia,NNYYL5194Z,28,F,3,25854,Self-Employed,3,1,8258,Education Loan,2692649,84,Rent,736511,Sikar,Rajasthan
CUST-2026-01437,Triya Oak,ESSMW6884D,50,F,2,66745,Self-Employed,19,1,18285,Personal Loan,792473,48,Rent,231609,Hazaribagh,Meghalaya
CUST-2026-01438,Pushti Sahni,KVSTH0736D,38,M,3,91126,Salaried,6,1,15949,Car Loan,842498,84,Own,594096,Satara,Uttar Pradesh
CUST-2026-01439,Kavya Dewan,YNSDU8471T,27,F,1,12000,Salaried,3,1,2395,Personal Loan,759906,60,Own,941670,Hospet,Gujarat
CUST-2026-01440,Xalak Pant,TEVIB1041I,31,F,1,238118,Retired,7,0,0,Education Loan,3894895,84,Rent,917128,Farrukhabad,Odisha
CUST-2026-01441,Netra Yogi,MCAEO5040Z,30,F,4,65167,Business,6,3,17764,Home Loan,9833551,120,Own,483790,Gurgaon,Karnataka
CUST-2026-01442,Azad Dewan,YTNBZ1669T,39,F,0,112242,Salaried,7,0,0,Home Loan,9491562,180,Family,398524,Dharmavaram,Jharkhand
CUST-2026-01443,Lakshmi Jayaraman,YDPTH1563N,42,M,2,30563,Salaried,1,0,0,Home Loan,10908244,300,Own,274231,Tezpur,Chhattisgarh
CUST-2026-01444,Raghav Soman,UAEAY5040T,46,M,1,20772,Self-Employed,24,2,6304,Personal Loan,785638,12,Rent,577120,Deoghar,Madhya Pradesh
CUST-2026-01445,Daksha Chander,NUIRI9550K,32,M,2,61101,Salaried,0,0,0,Personal Loan,1195589,48,Rent,476529,Jehanabad,Bihar
CUST-2026-01446,Azad Suresh,HRBUX6269V,25,F,1,26510,Salaried,3,0,0,Home Loan,8701595,240,Own,240905,Begusarai,Goa
CUST-2026-01447,Libni Mander,WYTJG0566W,56,F,4,19377,Salaried,21,0,0,Home Loan,4875409,240,Own,932201,Davanagere,Andhra Pradesh
CUST-2026-01448,Suhani Bhandari,HCLGP5824C,35,F,2,37448,Homemaker,1,0,0,Personal Loan,965940,48,Rent,559621,Jalna,Gujarat
CUST-2026-01449,Nirja Raman,HMPKB5435N,58,F,2,69479,Self-Employed,16,3,15423,Marriage Loan,1019684,12,Own,112877,Tirunelveli,Kerala
CUST-2026-01450,Vanya Biswas,KMEBW0536S,52,M,3,87434,Homemaker,23,0,0,Marriage Loan,817833,48,Own,491898,Bikaner,Goa
CUST-2026-01451,Dayita Sankaran,XVFQB9092H,34,M,2,23890,Salaried,6,0,0,Home Loan,10553860,120,Family,459852,Bikaner,Madhya Pradesh
CUST-2026-01452,Samaksh Thakkar,WUVAM0049D,48,F,1,17907,Salaried,23,2,3976,Personal Loan,1475336,60,Family,575367,Kozhikode,Uttarakhand
CUST-2026-01453,Abhimanyu Dhar,CSVXG9410L,49,M,1,159254,Salaried,27,1,36167,Business Loan,5259893,24,Own,568944,Bally,Tamil Nadu
CUST-2026-01454,Falguni Swaminathan,SHHMJ2017Q,52,F,3,204827,Salaried,11,2,49129,Car Loan,2495814,48,Own,675407,Silchar,Manipur
CUST-2026-01455,Gavin Mani,XVEIU0618E,38,M,2,98584,Salaried,5,0,0,Personal Loan,1258466,60,Rent,659615,Ramgarh,Manipur
CUST-2026-01456,Mahika Gill,RCYQJ0358S,42,M,1,25394,Professional,11,0,0,Business Loan,8603019,12,Own,977832,Sri Ganganagar,Rajasthan
CUST-2026-01457,Tanvi Rajagopalan,MLKGZ0306K,27,M,2,77258,Salaried,3,0,0,Education Loan,3975876,180,Family,966081,Mangalore,Maharashtra
CUST-2026-01458,Maya Bassi,OMDJT1006L,50,M,2,12000,Professional,2,0,0,Home Loan,11117141,300,Rent,732105,Jehanabad,Sikkim
CUST-2026-01459,Ekalinga Kalla,WLPGU0215G,43,F,3,39258,Self-Employed,13,1,8440,Home Loan,7873723,300,Own,545040,Panipat,Haryana
CUST-2026-01460,Jyoti Bose,HDKIH4424Q,64,M,1,45711,Salaried,8,1,9869,Car Loan,2389403,60,Own,840365,Begusarai,Meghalaya
CUST-2026-01461,Nimrat Seshadri,ZGZVO8385V,31,M,4,21512,Self-Employed,1,1,4839,Car Loan,1966886,84,Family,563013,Dibrugarh,Tripura
CUST-2026-01462,Turvi Bala,LGLPQ4953V,32,F,2,94424,Self-Employed,0,1,29102,Personal Loan,1272963,12,Rent,880671,Dhule,Goa
CUST-2026-01463,Mohini Hayer,DZVMC7693X,55,F,1,46511,Salaried,30,1,7784,Car Loan,503891,36,Rent,114116,Eluru,Assam
CUST-2026-01464,Ishwar Deshpande,TJVVS4103N,45,M,3,41723,Salaried,24,2,10157,Personal Loan,1249846,12,Rent,478935,Hyderabad,Madhya Pradesh
CUST-2026-01465,Ekansh Butala,CHGQI9552V,35,M,2,109172,Salaried,4,0,0,Home Loan,3651287,240,Own,674617,Shivpuri,Karnataka
CUST-2026-01466,Urishilla Mallick,YNWQW6412J,32,M,0,118170,Salaried,5,0,0,Home Loan,1742978,180,Rent,368739,Bahraich,Nagaland
CUST-2026-01467,Harish Goel,MQMJG3444H,54,M,0,41885,Salaried,21,0,0,Personal Loan,1997448,24,Rent,622716,Tirunelveli,Uttarakhand
CUST-2026-01468,Om Brahmbhatt,UTDGM0100U,33,F,2,18252,Salaried,6,0,0,Home Loan,12964564,180,Rent,947432,Deoghar,Jharkhand
CUST-2026-01469,Ridhi Parmar,VMFWO8660O,27,F,3,28454,Salaried,1,0,0,Business Loan,9552886,36,Rent,412013,Darbhanga,Sikkim
CUST-2026-01470,Riya Batta,UCYEE8787K,54,M,1,37232,Salaried,25,0,0,Car Loan,667144,60,Rent,198370,Visakhapatnam,Goa
CUST-2026-01471,Sachi Ben,VKCDR9764E,40,M,0,30971,Salaried,6,0,0,Home Loan,5027666,180,Rent,700797,Pali,Uttarakhand
CUST-2026-01472,Saksham Krish,BXETF0586G,29,F,2,44373,Salaried,0,2,12748,Business Loan,7983265,36,Rent,221594,Nashik,Punjab
CUST-2026-01473,Amol Sama,RZRGH4212M,41,M,1,71787,Homemaker,14,2,16473,Car Loan,2033035,36,Rent,689590,Kollam,Kerala
CUST-2026-01474,Dev Kannan,MIZBZ3784S,34,F,3,77016,Self-Employed,5,0,0,Car Loan,1141780,60,Own,437794,Naihati,Andhra Pradesh
CUST-2026-01475,Ojasvi Vala,DOKHG1019E,43,F,3,110932,Salaried,13,0,0,Education Loan,2118190,84,Own,440068,Rourkela,Bihar
CUST-2026-01476,Sarthak Rana,HHYHB6452P,33,F,1,41839,Salaried,11,0,0,Personal Loan,532034,48,Own,157264,North Dumdum,Bihar
CUST-2026-01477,Hitesh Parikh,JCZRY5850Z,29,M,1,53109,Self-Employed,2,0,0,Marriage Loan,498862,24,Own,778951,Ahmednagar,Maharashtra
CUST-2026-01478,Diya Arora,BZNIK9335N,36,F,1,13657,Salaried,6,1,3773,Education Loan,3579555,180,Rent,135216,Kanpur,Karnataka
CUST-2026-01479,Dominic Mallick,PIQEM1371Z,54,M,2,49668,Salaried,16,0,0,Personal Loan,796546,12,Rent,461683,Berhampore,Madhya Pradesh
CUST-2026-01480,Tejas Roy,SHEUR2284M,53,M,1,61985,Salaried,30,0,0,Education Loan,3663400,84,Rent,167517,Varanasi,Rajasthan
CUST-2026-01481,Zayan Chandran,NNMZZ2282A,28,F,1,61110,Salaried,6,2,19082,Home Loan,10708971,300,Rent,892458,Kota,Jharkhand
CUST-2026-01482,Gaurangi Gill,WOODP1458U,46,F,0,15417,Salaried,9,0,0,Business Loan,9563594,24,Rent,356767,Munger,Punjab
CUST-2026-01483,Gautami Badami,AKCTE0153G,49,M,2,34811,Salaried,19,1,3519,Home Loan,12798592,180,Own,948650,Ongole,Rajasthan
CUST-2026-01484,Yahvi Arya,BGOXM0166H,26,M,1,130462,Self-Employed,5,0,0,Education Loan,4841527,84,Own,618596,Eluru,Punjab
CUST-2026-01485,Dayamai Khalsa,YFTYW5228Y,27,F,2,96003,Self-Employed,5,3,34132,Home Loan,9266400,300,Family,993840,Tadepalligudem,Haryana
CUST-2026-01486,Darpan Devan,DZXVB6675R,37,F,4,19926,Salaried,3,0,0,Marriage Loan,222856,48,Own,616078,Latur,Telangana
CUST-2026-01487,Max Prashad,WFGBG6714F,55,M,1,90657,Salaried,6,0,0,Car Loan,352927,36,Own,739464,Sagar,Kerala
CUST-2026-01488,Falguni Desai,TCLCU9485X,34,M,3,37254,Self-Employed,2,1,7249,Home Loan,7980701,300,Rent,216446,Patiala,Gujarat
CUST-2026-01489,Bhavya Bajwa,OCRYI6090Z,29,M,1,24384,Salaried,4,1,5979,Car Loan,366020,48,Own,754656,Thane,Himachal Pradesh
CUST-2026-01490,Samesh Zacharia,YLGMG4475X,30,F,3,19876,Salaried,5,0,0,Home Loan,6867199,180,Rent,542916,Tiruvottiyur,Haryana
CUST-2026-01491,Ekanta Goswami,LLPLY1108R,31,M,2,30368,Business,5,2,6841,Car Loan,332625,36,Rent,281359,Korba,Arunachal Pradesh
CUST-2026-01492,Ekaraj Hans,BMSHY8746I,53,M,0,109296,Salaried,19,1,34776,Home Loan,6580960,120,Own,177336,Amritsar,Manipur
CUST-2026-01493,Gavin Ghose,PIHRY5610D,39,F,2,135356,Homemaker,2,0,0,Marriage Loan,633969,12,Own,802317,Kurnool,Arunachal Pradesh
CUST-2026-01494,Pooja Sibal,KAMOU4308O,27,F,3,31776,Self-Employed,3,0,0,Car Loan,598746,60,Own,701916,Noida,Odisha
CUST-2026-01495,Panini Goda,DWSBX6612S,46,M,1,26233,Salaried,22,3,10464,Home Loan,9085250,180,Own,799039,Davanagere,Jharkhand
CUST-2026-01496,Saumya Jaggi,QEXAV2561T,39,M,2,44487,Salaried,5,1,7563,Home Loan,13659344,240,Rent,827711,Avadi,Punjab
CUST-2026-01497,Mitali Purohit,DGCTK4194K,47,F,3,30957,Salaried,14,0,0,Personal Loan,719190,48,Rent,473650,Vijayawada,Himachal Pradesh
CUST-2026-01498,Yashasvi Sant,GRIZK4754G,58,M,3,39308,Self-Employed,3,0,0,Business Loan,2041259,36,Own,315778,Gandhidham,Goa
CUST-2026-01499,Lakshmi Sane,MGOHO4270R,30,F,0,29058,Self-Employed,1,1,7926,Home Loan,6373621,180,Own,220366,Ongole,Tripura
CUST-2026-01500,Parth Kurian,HMPXR2589F,38,F,1,55012,Salaried,3,2,7945,Home Loan,3366355,120,Family,537684,Dewas,West Bengal
CUST-2026-01501,Bhanumati Prashad,BIDJY0584S,32,M,1,71826,Salaried,7,0,0,Personal Loan,1752849,12,Own,112203,Farrukhabad,Madhya Pradesh
CUST-2026-01502,Laban Singh,XGMQV3120U,30,M,0,48710,Self-Employed,1,0,0,Personal Loan,344259,36,Own,424427,Madurai,Nagaland
CUST-2026-01503,Agastya Tella,XPWDW0957B,26,F,2,16170,Self-Employed,3,0,0,Home Loan,11481318,300,Own,577533,Jhansi,Gujarat
CUST-2026-01504,Ojasvi Rana,ZCBXT1919T,35,M,2,78591,Salaried,9,0,0,Home Loan,4263038,240,Own,872470,Pallavaram,Telangana
CUST-2026-01505,Darika Bobal,WQTQV7481B,39,M,2,25286,Salaried,2,0,0,Personal Loan,1199230,36,Own,148469,Yamunanagar,Telangana
CUST-2026-01506,Nicholas Hari,XBZPE7877T,42,F,0,70984,Salaried,20,0,0,Education Loan,1622539,84,Rent,669164,Amravati,Maharashtra
CUST-2026-01507,Yashodhara Suresh,MMVQW2403U,32,F,2,59966,Self-Employed,7,1,22505,Home Loan,5352419,120,Own,633148,Rohtak,Tripura
CUST-2026-01508,Panini Koshy,ZLADJ5463W,27,F,2,70804,Salaried,2,0,0,Home Loan,5356837,120,Family,467565,Howrah,Rajasthan
CUST-2026-01509,Ayaan Divan,HKRJV2107I,23,F,1,28707,Professional,0,2,8221,Education Loan,1637917,60,Own,634717,Visakhapatnam,Haryana
CUST-2026-01510,Yug Edwin,UTYIV7463Y,34,F,0,18999,Self-Employed,5,0,0,Home Loan,4142035,240,Rent,603491,Siliguri,Himachal Pradesh
CUST-2026-01511,Mitali Buch,YYTVK7806Z,33,M,2,118425,Self-Employed,11,0,0,Business Loan,3095598,36,Own,288817,Tiruchirappalli,Andhra Pradesh
CUST-2026-01512,Prisha Krishnan,FQMRP9618V,33,M,3,124021,Self-Employed,2,1,49273,Personal Loan,1827347,48,Own,279984,Bhusawal,Mizoram
CUST-2026-01513,Darika Sabharwal,VOBZR6473T,38,F,0,71263,Self-Employed,4,0,0,Car Loan,1641669,84,Family,342130,Orai,Tamil Nadu
CUST-2026-01514,Luke Luthra,BNMML5699G,32,M,1,128292,Salaried,0,1,22052,Home Loan,14764125,180,Own,537418,Moradabad,Tripura
CUST-2026-01515,Abeer Ganguly,JHNHK8466U,42,M,1,85603,Salaried,12,0,0,Home Loan,13881335,180,Own,964802,Sikar,Telangana
CUST-2026-01516,Ekaraj Sahni,YMLMG4743L,41,M,0,41053,Salaried,5,1,5199,Home Loan,5531487,300,Rent,868333,Mumbai,Uttarakhand
CUST-2026-01517,Onkar Goda,DQOJG0671H,33,M,1,116749,Self-Employed,12,2,28065,Home Loan,14443923,120,Own,162977,Tumkur,Mizoram
CUST-2026-01518,Vidhi Gopal,UALSI9728P,30,M,1,23008,Salaried,0,0,0,Home Loan,5700999,120,Own,949156,Guntur,Kerala
CUST-2026-01519,Quincy Iyer,EHLIM1102Z,36,M,4,102491,Salaried,7,1,18604,Personal Loan,1000357,60,Rent,167181,Hospet,Mizoram
CUST-2026-01520,Nilima Sastry,SYHPY3760W,46,F,2,23021,Salaried,11,1,6701,Home Loan,14359912,120,Rent,977434,Nellore,Arunachal Pradesh
CUST-2026-01521,Chaaya Chada,ABJHE8854L,44,F,1,134252,Salaried,9,0,0,Education Loan,1411144,84,Rent,116192,Rourkela,Rajasthan
CUST-2026-01522,Hema Balan,TQTLD6301Q,33,F,3,88728,Salaried,7,1,20231,Education Loan,1248030,120,Own,155601,Bally,Madhya Pradesh
CUST-2026-01523,Harrison Andra,BGKFH7516C,44,M,3,34625,Salaried,22,0,0,Personal Loan,556071,36,Rent,553923,Morena,Odisha
CUST-2026-01524,Gunbir Kakar,OKRNX9648Q,35,F,2,34285,Salaried,10,0,0,Personal Loan,1982712,24,Family,907213,Chennai,Arunachal Pradesh
CUST-2026-01525,Vedika Solanki,XZOKT3405L,55,M,1,61538,Salaried,26,0,0,Car Loan,2067345,84,Rent,720552,Gandhinagar,Mizoram
CUST-2026-01526,Gayathri Prabhakar,KKPCD7947J,33,F,1,82877,Salaried,6,3,14426,Home Loan,7731899,120,Rent,501321,Mahbubnagar,Tripura
CUST-2026-01527,Jalsa Rastogi,BEQGF5817S,39,F,2,50781,Salaried,16,1,11768,Personal Loan,228833,60,Own,345371,Satna,Sikkim
CUST-2026-01528,Harish Aggarwal,ONLMR0562M,45,F,1,24063,Salaried,22,1,3312,Car Loan,1154797,36,Rent,204872,Raurkela Industrial Township,Madhya Pradesh
CUST-2026-01529,Jason Wali,IBUWV7274A,22,M,1,39133,Self-Employed,1,0,0,Car Loan,1513543,48,Rent,656138,Kolhapur,Manipur
CUST-2026-01530,Vaishnavi Varma,KDNTA2908V,31,M,1,48932,Salaried,6,0,0,Education Loan,1268077,84,Rent,989811,Arrah,Himachal Pradesh
CUST-2026-01531,Anay Parsa,MUAYQ4337T,44,F,2,69041,Salaried,20,3,9003,Personal Loan,246895,24,Rent,192421,Delhi,Maharashtra
CUST-2026-01532,Vivaan Sundaram,PSRPZ0233W,33,M,2,54944,Homemaker,5,1,14665,Car Loan,1107381,48,Family,625203,Anantapur,West Bengal
CUST-2026-01533,Vamakshi Chaudhry,VTBKL0718M,30,M,2,25524,Salaried,7,3,5255,Car Loan,711644,60,Own,955402,Karnal,Madhya Pradesh
CUST-2026-01534,Luke Venkatesh,XXBDP4452X,33,F,3,91106,Self-Employed,8,0,0,Education Loan,4439029,84,Rent,287470,Durg,Telangana
CUST-2026-01535,Gagan Mitra,YRAWD3852V,27,F,2,71131,Professional,1,3,19785,Home Loan,11021016,240,Rent,852848,Warangal,Odisha
CUST-2026-01536,Jack Subramaniam,IIUYX7503L,50,F,3,29253,Business,13,2,4183,Personal Loan,548520,60,Rent,568154,Gulbarga,Uttarakhand
CUST-2026-01537,Onkar Chakraborty,YPHEL4176N,44,F,2,25756,Self-Employed,23,1,5561,Marriage Loan,1339737,24,Own,126007,Latur,Sikkim
CUST-2026-01538,Eta Rajagopal,CBAXQ3494A,25,F,2,127883,Salaried,1,0,0,Business Loan,4249618,24,Rent,685808,Bhopal,Bihar
CUST-2026-01539,Vamakshi Dasgupta,AKWMH8144K,30,F,1,86100,Retired,6,0,0,Car Loan,2229382,36,Rent,840354,Muzaffarnagar,Tripura
CUST-2026-01540,Gautam Natarajan,NTGRT5550F,32,F,1,26741,Self-Employed,0,1,8758,Marriage Loan,667376,48,Family,795562,Deoghar,Sikkim
CUST-2026-01541,Hemal Purohit,IBACH1377A,33,M,1,50558,Business,6,0,0,Home Loan,9810389,120,Rent,700926,Ramgarh,West Bengal
CUST-2026-01542,Viraj Kapoor,GKOVQ0611Q,25,M,4,112383,Salaried,2,0,0,Car Loan,1272208,60,Rent,406808,Kishanganj,Tamil Nadu
CUST-2026-01543,Isaac Chakraborty,EQCZP0768A,33,F,2,45852,Salaried,0,0,0,Home Loan,12577919,240,Rent,854203,Ramagundam,Himachal Pradesh
CUST-2026-01544,Joshua Munshi,GOLKM8068X,40,M,2,12000,Salaried,14,1,4224,Education Loan,504937,84,Rent,256300,Bhiwandi,Karnataka
CUST-2026-01545,Ranveer Rama,TRQWV7172F,38,F,3,50466,Salaried,6,0,0,Home Loan,4797610,300,Own,834127,Bijapur,Madhya Pradesh
CUST-2026-01546,Zinal Kapadia,KIVKL0178V,51,F,1,144470,Salaried,3,0,0,Education Loan,1084490,60,Rent,644098,Bharatpur,Maharashtra
CUST-2026-01547,Diya Dhillon,AKJMM5625V,39,M,3,105506,Salaried,1,0,0,Personal Loan,1954521,24,Own,986569,Bangalore,Bihar
CUST-2026-01548,Tamanna Din,SIFJE4386Q,54,F,1,77883,Salaried,12,0,0,Education Loan,4198219,120,Rent,209348,Muzaffarnagar,Uttarakhand
CUST-2026-01549,Ekaja More,TMGGW0424B,38,F,1,23859,Self-Employed,1,1,9072,Personal Loan,268582,12,Rent,439960,Ulhasnagar,Punjab
CUST-2026-01550,Tanveer Talwar,BTIYB9273G,42,M,2,163967,Salaried,16,1,20833,Business Loan,4247013,36,Own,846675,Panipat,Mizoram
CUST-2026-01551,Michael Kade,WWSWY6450U,43,M,3,50214,Self-Employed,11,0,0,Education Loan,3992240,60,Own,442181,Allahabad,Jharkhand
CUST-2026-01552,Vinaya Ramanathan,YGKUY9606L,30,M,4,110643,Salaried,8,1,36602,Education Loan,4488666,180,Rent,595169,Faridabad,West Bengal
CUST-2026-01553,Geetika Sami,EOHUS1925W,42,F,2,154353,Self-Employed,13,1,52842,Marriage Loan,496802,12,Rent,272548,Lucknow,Jharkhand
CUST-2026-01554,Mahika Bora,PIXXX0702M,21,F,1,21139,Business,0,2,5066,Home Loan,7674971,240,Own,675347,Karnal,Sikkim
CUST-2026-01555,Meera Chatterjee,LUPLD1770N,31,M,4,27369,Salaried,5,1,2884,Car Loan,2173919,84,Own,215133,Ichalkaranji,Mizoram
CUST-2026-01556,Daksha Shankar,EJLNU6396M,30,F,4,32337,Self-Employed,4,0,0,Home Loan,12909905,180,Own,714630,Amaravati,Chhattisgarh
CUST-2026-01557,Riya Subramanian,XIBVH8456N,31,F,1,38150,Salaried,6,3,6309,Personal Loan,79950,24,Family,845051,Gangtok,Rajasthan
CUST-2026-01558,Rohan Andra,TLZZN3307R,48,M,1,56094,Retired,1,0,0,Home Loan,13467684,120,Own,356278,Bhagalpur,Jharkhand
CUST-2026-01559,Prisha Ganguly,KBRBW8256O,41,F,2,20899,Salaried,0,1,6406,Car Loan,452610,84,Rent,921742,Siliguri,Kerala
CUST-2026-01560,Praneel Ben,KQOHZ8289N,32,F,1,127068,Professional,11,0,0,Education Loan,2819456,120,Own,135067,Raurkela Industrial Township,Arunachal Pradesh
CUST-2026-01561,Manthan Raval,YRTQJ1603X,34,M,4,95772,Salaried,11,0,0,Education Loan,4066435,60,Rent,783437,Guntakal,Bihar
CUST-2026-01562,Mekhala Suresh,IGVEX8627F,24,F,2,15348,Salaried,1,1,2533,Car Loan,637972,60,Rent,907292,Kochi,Haryana
CUST-2026-01563,Ubika Raja,LKAZE6198Y,29,M,2,70014,Salaried,2,0,0,Personal Loan,1476200,36,Own,995778,Gandhinagar,Jharkhand
CUST-2026-01564,Jagdish Dada,EGKDZ5520V,26,M,5,51871,Self-Employed,1,0,0,Education Loan,1615709,120,Own,902374,Arrah,Himachal Pradesh
CUST-2026-01565,Arin Srinivasan,EZNQV2421U,49,F,2,35564,Salaried,8,0,0,Personal Loan,1638624,36,Rent,130089,Unnao,Assam
CUST-2026-01566,Leena Sule,XMEBB2252D,25,F,3,35842,Business,4,2,5317,Car Loan,416315,60,Own,241342,Guntakal,Himachal Pradesh
CUST-2026-01567,Hardik Nanda,HJJAD3778Z,43,F,1,27350,Self-Employed,16,1,9225,Car Loan,2341633,48,Rent,928658,Bihar Sharif,Rajasthan
CUST-2026-01568,Meera Yadav,YQAFG3416W,37,M,1,51707,Salaried,16,1,13379,Personal Loan,795726,24,Rent,821334,Machilipatnam,Assam
CUST-2026-01569,Sarthak Dalal,NLDVO2232T,33,F,2,66208,Salaried,8,2,13731,Personal Loan,256878,48,Own,602706,Rajkot,Uttar Pradesh
CUST-2026-01570,Dipta Das,ZEPOM2700T,49,M,3,29002,Self-Employed,11,0,0,Car Loan,1965690,36,Rent,673399,Kolkata,Goa
CUST-2026-01571,Neel Chahal,LBIVK8592M,48,F,3,25965,Self-Employed,20,0,0,Car Loan,1455360,36,Rent,547268,Ramgarh,Arunachal Pradesh
CUST-2026-01572,Jeet Toor,NTHCR9362G,27,M,2,68740,Salaried,1,2,20029,Personal Loan,1830310,60,Own,163665,Visakhapatnam,Nagaland
CUST-2026-01573,Pallavi Acharya,IMGGT1284R,24,M,3,115961,Self-Employed,3,1,16075,Personal Loan,939912,60,Rent,516015,Tinsukia,Jharkhand
CUST-2026-01574,Sai Dey,TQWNX1560M,54,F,2,21511,Self-Employed,17,2,6683,Marriage Loan,1330706,12,Own,624373,Ranchi,Haryana
CUST-2026-01575,Yashvi Kadakia,FXFNJ4441Y,24,F,0,91896,Salaried,2,2,15523,Car Loan,1251728,36,Rent,401610,Satara,Odisha
CUST-2026-01576,Balhaar Guha,JBGWD7374T,41,F,1,231517,Salaried,9,0,0,Home Loan,13818417,240,Own,576158,Varanasi,Tamil Nadu
CUST-2026-01577,Tarak Parmer,SOTDW1894G,37,F,2,12000,Salaried,10,1,2451,Home Loan,4958330,240,Own,727287,Thrissur,Chhattisgarh
CUST-2026-01578,Aadhya Lad,XXVIZ7165Z,48,F,2,14953,Salaried,26,0,0,Personal Loan,1448792,24,Family,617842,Bhusawal,Himachal Pradesh
CUST-2026-01579,Fiyaz Kumar,JYBHF0684E,36,F,2,48382,Salaried,3,0,0,Business Loan,835889,36,Own,275471,Silchar,Madhya Pradesh
CUST-2026-01580,Ekavir Luthra,TESES9625D,37,M,2,60455,Self-Employed,3,0,0,Home Loan,6965937,120,Own,945461,Asansol,Sikkim
CUST-2026-01581,Oni Dube,NZHMI0289Q,37,F,2,93389,Salaried,11,0,0,Marriage Loan,931031,24,Rent,444043,Serampore,Rajasthan
CUST-2026-01582,Yug Brahmbhatt,KBGSW4017V,29,M,2,40997,Self-Employed,1,0,0,Education Loan,3143739,60,Rent,303760,Nadiad,Karnataka
CUST-2026-01583,Niharika Bhatti,CWZHI7954C,26,F,2,12000,Salaried,0,0,0,Personal Loan,424886,36,Own,793598,Katihar,Himachal Pradesh
CUST-2026-01584,Anjali Dhingra,LOYQK3811D,37,M,2,82059,Homemaker,1,3,23051,Home Loan,3441871,180,Own,955630,Mirzapur,Karnataka
CUST-2026-01585,Guneet Purohit,MUHDE9589R,24,M,5,33254,Salaried,2,3,5888,Personal Loan,833247,12,Rent,667426,Panipat,West Bengal
CUST-2026-01586,Parth Vyas,RBCUY8490S,40,M,4,30865,Salaried,12,0,0,Car Loan,446766,84,Rent,460986,Vasai-Virar,Haryana
CUST-2026-01587,Girish Wadhwa,KCHJI9843E,30,F,2,77201,Self-Employed,1,1,23858,Car Loan,969006,36,Own,391904,Giridih,Telangana
CUST-2026-01588,Hardik Bava,QNBVP9247J,48,M,3,56058,Retired,3,0,0,Personal Loan,401951,60,Rent,185814,Suryapet,Kerala
CUST-2026-01589,Hemani Wali,PWIRZ0102W,39,M,3,117807,Salaried,7,0,0,Home Loan,1803958,240,Rent,955602,Pali,Goa
CUST-2026-01590,Aashi Andra,SRVPA1120N,49,F,5,56680,Self-Employed,28,0,0,Car Loan,1228434,60,Family,653386,Morena,Nagaland
CUST-2026-01591,Kritika Loke,BVGNO8563C,44,F,2,65314,Salaried,22,1,17892,Personal Loan,1861834,24,Own,276402,Cuttack,Sikkim
CUST-2026-01592,Tanvi Goswami,TKMWN0096B,50,F,0,13353,Salaried,13,0,0,Marriage Loan,842290,48,Rent,235812,Kulti,Arunachal Pradesh
CUST-2026-01593,Anya Sangha,TWAZZ8954I,33,F,1,22973,Salaried,6,0,0,Personal Loan,1231826,36,Own,246508,Bhind,Manipur
CUST-2026-01594,Dalaja Ray,NAINO3953U,27,M,2,184705,Salaried,6,2,69540,Car Loan,1354009,60,Rent,234330,Farrukhabad,Mizoram
CUST-2026-01595,Faraj Khatri,JPERP8941H,48,F,3,66180,Salaried,18,1,23327,Home Loan,4385423,120,Own,511682,Mysore,Tripura
CUST-2026-01596,Frado Mangal,ZVVUA9788Q,35,M,0,24500,Professional,1,1,7471,Personal Loan,1525802,36,Family,775616,Ramgarh,Assam
CUST-2026-01597,Yashoda Deshpande,HLURH9822C,23,F,2,55246,Salaried,1,0,0,Business Loan,2740086,60,Rent,709148,Hyderabad,Nagaland
CUST-2026-01598,Nidra Atwal,QYGMQ7706B,24,M,1,15549,Business,3,2,5051,Marriage Loan,1301916,12,Family,552530,Kottayam,Meghalaya
CUST-2026-01599,Hemani Konda,UTQEY9135T,33,M,2,25043,Salaried,6,0,0,Home Loan,10664674,300,Rent,608785,Chennai,Punjab
CUST-2026-01600,Om Viswanathan,RNWEC9540W,28,F,1,110331,Salaried,2,0,0,Home Loan,8980982,240,Own,221832,Medininagar,Telangana
CUST-2026-01601,Kiaan Varkey,RMXQW7267J,34,M,2,26050,Salaried,13,1,5044,Home Loan,14649491,120,Rent,944480,Aurangabad,Haryana
CUST-2026-01602,Ladli Garde,DZIKW7749N,36,F,0,27736,Self-Employed,7,1,5683,Personal Loan,556141,24,Rent,167222,Bhusawal,Kerala
CUST-2026-01603,Jacob Mannan,ISUIU1915X,45,F,2,51383,Salaried,24,1,18038,Car Loan,2037553,36,Family,712084,Sonipat,Kerala
CUST-2026-01604,Tanay Agate,NUJVH9986S,36,M,4,25714,Salaried,8,0,0,Car Loan,2072176,48,Own,316258,Durg,Jharkhand
CUST-2026-01605,Yutika Banik,TEVRP3333K,27,F,2,101982,Self-Employed,0,0,0,Personal Loan,308631,12,Rent,212150,Bellary,Telangana
CUST-2026-01606,Abeer Sharma,XHRMR6875M,28,M,2,38698,Self-Employed,0,1,3998,Home Loan,5948799,240,Rent,617246,Howrah,Manipur
CUST-2026-01607,Abdul Palla,EFXFY3946V,36,M,2,71221,Salaried,11,0,0,Home Loan,9297187,180,Rent,177053,Raichur,Karnataka
CUST-2026-01608,Aditya Chaudhuri,AXBXQ8070V,37,F,1,88467,Salaried,1,0,0,Home Loan,6525723,300,Rent,379234,Rewa,Telangana
CUST-2026-01609,Yoshita Dube,XTLTE7346H,61,M,2,27791,Business,13,1,10930,Education Loan,2489664,180,Own,995716,Davanagere,Maharashtra
CUST-2026-01610,Nachiket Krishna,TJFSM5004Q,47,M,1,35348,Professional,18,0,0,Home Loan,7580180,240,Rent,872994,Morbi,Maharashtra
CUST-2026-01611,Chandani Patla,QPRRG7389K,43,F,3,77626,Self-Employed,21,3,10120,Home Loan,7856509,120,Own,841560,Tenali,Haryana
CUST-2026-01612,Ikbal Sarna,QFDYU0630Q,35,F,1,66451,Salaried,1,1,17684,Car Loan,1981489,48,Family,174660,Jorhat,Maharashtra
CUST-2026-01613,Irya Saraf,YMQEU3734W,37,M,3,100427,Salaried,11,1,39270,Education Loan,4196494,84,Rent,492616,Nanded,Sikkim
CUST-2026-01614,Ranveer Mane,OZYAR5261E,26,F,1,65489,Salaried,0,3,25809,Business Loan,6945481,12,Own,847992,Davanagere,Andhra Pradesh
CUST-2026-01615,Garima Balay,PBGSQ0577P,35,M,2,17584,Salaried,8,0,0,Car Loan,2321778,36,Rent,887886,Tenali,Arunachal Pradesh
CUST-2026-01616,Jagat Sama,FUDDU7622E,36,F,1,51133,Self-Employed,11,2,16431,Personal Loan,1216796,48,Rent,568416,Nangloi Jat,Goa
CUST-2026-01617,Mugdha Thaker,NITGH3068H,39,F,2,44173,Business,11,2,14224,Personal Loan,679818,48,Family,540481,Warangal,Meghalaya
CUST-2026-01618,Hritik Bail,VYTTI1051R,28,M,4,16192,Salaried,0,1,2021,Business Loan,8556135,36,Own,435582,Mira-Bhayandar,Telangana
CUST-2026-01619,Warjas Ben,JQKIY2847N,53,F,2,33172,Salaried,13,0,0,Home Loan,10415254,300,Own,980398,Hapur,Chhattisgarh
CUST-2026-01620,Radha Srinivasan,IEMFX4233F,58,M,4,86229,Salaried,27,2,22725,Business Loan,3356632,12,Rent,187873,Haldia,Sikkim
CUST-2026-01621,Pushti Kota,YMGZJ5795T,28,F,0,38973,Salaried,7,2,14408,Personal Loan,393608,60,Own,482667,Shivpuri,Jharkhand
CUST-2026-01622,Zaid Mand,TRJRJ1165I,39,F,3,41530,Salaried,11,0,0,Car Loan,1768319,84,Rent,640543,Sasaram,Punjab
CUST-2026-01623,Pushti Issac,EDNNL3879C,32,F,0,26900,Salaried,5,0,0,Car Loan,2327411,60,Own,781309,Firozabad,Tripura
CUST-2026-01624,Ranbir Dixit,XIAHT4352K,54,F,1,41482,Salaried,7,0,0,Home Loan,11476551,120,Rent,139851,Ambala,Meghalaya
CUST-2026-01625,Balvan Mahal,UTIFW1764S,45,M,2,33262,Self-Employed,15,0,0,Home Loan,11735237,180,Own,168013,Mira-Bhayandar,Haryana
CUST-2026-01626,Ryan Chand,DSMEW4094S,43,M,2,12407,Salaried,0,1,3534,Car Loan,1664056,84,Rent,688846,Purnia,Gujarat
CUST-2026-01627,Damini Kashyap,WBQHJ0761T,42,M,3,89823,Salaried,21,1,25319,Personal Loan,733468,36,Family,939386,Nadiad,West Bengal
CUST-2026-01628,Darsh Uppal,HGIHC3404G,52,M,2,15709,Salaried,5,1,2778,Car Loan,919567,84,Rent,472422,Purnia,Haryana
CUST-2026-01629,Amruta Patla,STRUJ7361Q,40,F,1,75297,Salaried,18,1,25651,Car Loan,443860,60,Own,455329,Avadi,Maharashtra
CUST-2026-01630,Ekaja Batta,DCKGL0949K,31,F,0,36854,Salaried,1,1,4429,Car Loan,2042346,84,Own,927347,Gurgaon,Himachal Pradesh
CUST-2026-01631,Ekanta Kala,KGXFW7794F,31,M,1,41690,Salaried,6,1,13448,Home Loan,10378202,240,Rent,144959,Mumbai,Goa
CUST-2026-01632,Raagini Goyal,TTICA9764V,30,F,2,54711,Salaried,7,0,0,Business Loan,9964393,36,Own,365343,Parbhani,Jharkhand
CUST-2026-01633,Daksha Choudhury,FMHJM1519A,28,M,1,12862,Business,1,0,0,Personal Loan,721417,36,Rent,268596,Bharatpur,Himachal Pradesh
CUST-2026-01634,Garima Patel,VCQQZ0602V,47,M,2,164601,Professional,9,1,24123,Car Loan,357786,36,Own,823590,Suryapet,Bihar
CUST-2026-01635,Wazir Majumdar,QAQIU6367U,42,M,0,84850,Salaried,1,2,26629,Personal Loan,322887,48,Own,708401,Giridih,Telangana
CUST-2026-01636,Kalpit Dara,NTMNF3778V,49,M,4,17026,Salaried,6,0,0,Car Loan,990981,60,Own,918679,Chandigarh,Gujarat
CUST-2026-01637,Hardik Borde,AJPYO2995Y,30,F,2,140499,Business,6,0,0,Home Loan,11691631,120,Rent,875074,Nellore,Arunachal Pradesh
CUST-2026-01638,Saksham Walla,FMAPZ8999D,39,F,2,24660,Salaried,18,0,0,Personal Loan,156807,60,Rent,579571,Barasat,Nagaland
CUST-2026-01639,Rehaan Sahota,GKZJG1341M,31,M,1,55024,Self-Employed,10,0,0,Home Loan,2416859,120,Own,451328,Varanasi,Telangana
CUST-2026-01640,Jasmit Sen,OQQQL4227Y,40,F,2,65330,Self-Employed,18,0,0,Car Loan,1596372,84,Own,148929,Karaikudi,Nagaland
CUST-2026-01641,Vasudha Saini,IWGCE2965U,37,F,0,28786,Professional,2,0,0,Business Loan,4735808,60,Own,547668,Junagadh,Rajasthan
CUST-2026-01642,Kai Mann,LAEOF2331F,29,F,3,18805,Business,1,2,5672,Personal Loan,583285,60,Rent,978736,Rourkela,Mizoram
CUST-2026-01643,Warda Walia,SEEEJ3519X,48,F,0,73425,Self-Employed,9,0,0,Education Loan,2467110,60,Rent,566478,Jhansi,Arunachal Pradesh
CUST-2026-01644,Yashodhara Rajagopalan,WQUWI3950I,29,M,1,31751,Self-Employed,5,0,0,Home Loan,12690625,240,Own,248962,Dehradun,West Bengal
CUST-2026-01645,Samuel Gour,MYTGK1214O,42,M,2,38587,Salaried,6,0,0,Home Loan,12639384,180,Rent,332185,Rewa,Nagaland
CUST-2026-01646,Aditya Varghese,TPDOG6724U,36,F,2,36161,Professional,3,1,8414,Education Loan,4708275,180,Rent,590043,Aurangabad,Andhra Pradesh
CUST-2026-01647,Chaman Loyal,KLNTA0177D,52,M,5,216045,Salaried,16,0,0,Education Loan,238394,120,Own,790668,Avadi,Manipur
CUST-2026-01648,Chakradev Walla,HVELN8825W,37,M,1,51054,Salaried,3,1,18138,Marriage Loan,300982,12,Own,532382,Tirunelveli,Nagaland
CUST-2026-01649,Arunima Deol,VWPCR7041W,45,F,4,20025,Self-Employed,21,2,6617,Car Loan,695301,60,Rent,382725,Thane,Haryana
CUST-2026-01650,Jack Agarwal,CUZDY4697K,34,M,1,185135,Business,4,2,50917,Personal Loan,1319038,24,Own,463256,Kulti,Himachal Pradesh
CUST-2026-01651,Ekta Chacko,WBOPQ1954L,25,F,1,21106,Salaried,3,2,6877,Car Loan,374077,84,Own,755009,Mahbubnagar,Rajasthan
CUST-2026-01652,Chaitaly Nair,NZCHF0669A,25,M,2,19868,Professional,1,0,0,Home Loan,5292245,300,Family,166536,Guntur,Tamil Nadu
CUST-2026-01653,Ati Goda,VXLNN5124R,53,F,3,71058,Salaried,1,0,0,Personal Loan,1417283,36,Rent,648618,Raurkela Industrial Township,Arunachal Pradesh
CUST-2026-01654,Lavanya Kurian,GRVHU3205Z,28,F,4,29538,Salaried,2,3,8326,Home Loan,3381289,240,Rent,818808,Siwan,Himachal Pradesh
CUST-2026-01655,Ekta Luthra,VGVJQ3083H,33,F,2,15905,Self-Employed,9,0,0,Marriage Loan,998636,24,Own,737734,Mango,West Bengal
CUST-2026-01656,Vincent Saraf,QCFJP5221Y,39,F,0,108999,Salaried,1,1,12675,Personal Loan,292366,48,Rent,209605,Bhatpara,Gujarat
CUST-2026-01657,Warhi Golla,WLZVJ6297E,34,F,2,32223,Salaried,6,0,0,Business Loan,3853703,24,Own,117482,Nangloi Jat,Kerala
CUST-2026-01658,Vritti Gole,LPPIX2316S,46,F,3,30587,Salaried,1,2,5616,Home Loan,1630889,120,Rent,834669,Belgaum,Manipur
CUST-2026-01659,Nicholas Goel,MLJGG9119Q,34,M,2,36800,Business,10,0,0,Education Loan,2094407,120,Rent,201256,Jaipur,Rajasthan
CUST-2026-01660,Ekaraj Dhar,LHRPJ0317V,47,F,2,19915,Salaried,13,0,0,Home Loan,4312022,180,Own,577405,Narasaraopet,Uttarakhand
CUST-2026-01661,Neha Chaudhry,OGMCW1012F,41,F,2,61525,Salaried,3,0,0,Car Loan,2492107,36,Own,874094,Sambalpur,Assam
CUST-2026-01662,Krishna Rajagopalan,RKIXI0370I,32,F,5,41012,Self-Employed,3,0,0,Business Loan,8384670,36,Own,110573,Ahmedabad,Telangana
CUST-2026-01663,Kevin Kothari,LNWRN8019K,22,M,2,12837,Salaried,1,0,0,Personal Loan,127114,12,Own,241830,Ahmedabad,Andhra Pradesh
CUST-2026-01664,Agastya Andra,KBXLV1218G,37,F,2,76810,Salaried,2,1,28978,Business Loan,5821605,36,Family,929092,Agartala,Tripura
CUST-2026-01665,Frederick Jain,BLZHT7454H,32,M,1,105093,Business,10,0,0,Car Loan,1452387,48,Own,993907,Hosur,Uttar Pradesh
CUST-2026-01666,Nihal Mohanty,ITGYT2700K,38,F,0,82990,Salaried,13,0,0,Home Loan,14142723,300,Own,379611,Phusro,Chhattisgarh
CUST-2026-01667,Daksh Loke,XGCRY5804N,42,F,1,59371,Retired,20,0,0,Home Loan,12812836,240,Rent,888914,Bhatpara,Karnataka
CUST-2026-01668,Harshil Minhas,QMVGG2988P,40,F,2,37498,Business,16,0,0,Home Loan,3286400,240,Rent,401830,Jaipur,Rajasthan
CUST-2026-01669,Udarsh Bajwa,BZUFA9133S,31,F,0,66005,Salaried,5,2,9106,Personal Loan,1815241,48,Rent,445304,Ajmer,Bihar
CUST-2026-01670,Ira Mangat,NNLDK0976U,44,F,2,69219,Salaried,10,1,18530,Home Loan,7373714,300,Family,270602,Kharagpur,Haryana
CUST-2026-01671,Omkaar Choudhary,QXAZZ7052Y,52,F,0,102907,Salaried,22,1,40510,Business Loan,6895968,24,Rent,647710,Gorakhpur,Haryana
CUST-2026-01672,Faraj Nath,MJVSF8981F,28,M,2,56928,Business,2,1,10941,Home Loan,2864168,180,Own,619656,Ichalkaranji,Haryana
CUST-2026-01673,Matthew Gokhale,SWEUR3161O,43,M,4,31138,Self-Employed,15,1,11215,Home Loan,4881449,240,Rent,353819,Guwahati,Bihar
CUST-2026-01674,Pavani Doctor,UFWQX8538V,40,F,1,32261,Salaried,19,0,0,Car Loan,1681127,48,Rent,998055,Ghaziabad,Maharashtra
CUST-2026-01675,Hemang Madan,CYUBP0318C,39,F,2,30262,Salaried,6,0,0,Car Loan,924792,48,Rent,767288,Baranagar,Sikkim
CUST-2026-01676,Aarnav Dixit,UHTCF8121B,31,M,0,19125,Salaried,10,0,0,Business Loan,7294867,36,Family,982715,Bilaspur,Meghalaya
CUST-2026-01677,Madhavi Sekhon,CMZZO4541H,39,M,2,21529,Business,1,2,8352,Education Loan,2753546,84,Rent,984266,Imphal,Tripura
CUST-2026-01678,Prisha Mallick,CGYVH7578R,56,M,2,147481,Salaried,20,0,0,Home Loan,11500180,180,Own,500465,Jabalpur,Telangana
CUST-2026-01679,Qabil Rajan,OKHJI4490H,22,F,2,124852,Self-Employed,0,1,18757,Home Loan,5004176,300,Own,372362,North Dumdum,Chhattisgarh
CUST-2026-01680,Vasana Sachdev,VOTNI8192P,54,F,2,44830,Salaried,8,1,6139,Personal Loan,1683796,60,Own,692386,Shimla,Kerala
CUST-2026-01681,Leela Sahota,YFAUJ4808W,40,M,4,47588,Salaried,2,3,11740,Education Loan,1041502,120,Family,956055,Durgapur,Punjab
CUST-2026-01682,Victor Rajagopalan,SVGBM6909P,35,M,0,105492,Retired,9,0,0,Personal Loan,103606,60,Own,325547,Siwan,Nagaland
CUST-2026-01683,Gagan Keer,UKVLS1424E,40,M,0,15565,Salaried,1,2,3905,Marriage Loan,878187,24,Own,260870,Hajipur,Assam
CUST-2026-01684,Janani Som,QDALE8764V,34,F,0,38760,Salaried,10,1,9369,Personal Loan,508947,48,Rent,572587,Kurnool,Kerala
CUST-2026-01685,Jalsa Dewan,ISZTS7842F,58,M,3,49180,Self-Employed,25,3,11707,Personal Loan,1729257,36,Own,566588,Allahabad,Chhattisgarh
CUST-2026-01686,Xavier Kade,EDKMI7609C,25,F,1,181064,Professional,2,2,61751,Car Loan,2331491,60,Own,935297,Asansol,Jharkhand
CUST-2026-01687,Jacob Dhar,YJNAB0207I,31,F,3,27212,Salaried,10,0,0,Personal Loan,1817697,36,Rent,394971,Pimpri-Chinchwad,Uttarakhand
CUST-2026-01688,Chatura Cherian,PDHLI4010P,50,F,2,22845,Salaried,17,2,5159,Home Loan,8316383,120,Own,688392,Khandwa,Madhya Pradesh
CUST-2026-01689,Ayushman Din,JIAGI0890P,40,M,0,44816,Business,12,0,0,Personal Loan,831955,12,Rent,233210,Morena,Sikkim
CUST-2026-01690,Faraj Arora,UEGPK0390Q,32,F,2,39489,Business,11,1,7039,Education Loan,1051635,60,Rent,349809,Vijayawada,Kerala
CUST-2026-01691,Upma Dey,OEXBC7241X,32,F,1,51892,Self-Employed,10,1,19976,Education Loan,2308017,120,Own,806545,Jalgaon,Odisha
CUST-2026-01692,Geetika Sawhney,XHNXZ0063Y,43,F,3,160765,Self-Employed,18,0,0,Personal Loan,1255222,12,Rent,389084,Nandyal,Telangana
CUST-2026-01693,Nachiket Bhasin,KQUKG5940H,50,F,3,58120,Salaried,23,2,22298,Car Loan,376689,84,Rent,611659,Baranagar,Uttar Pradesh
CUST-2026-01694,Yahvi Dyal,LLYTR0113M,32,M,2,74679,Salaried,6,0,0,Personal Loan,986099,36,Own,955920,Mahbubnagar,Rajasthan
CUST-2026-01695,Aarna Thaker,IDQVL7776N,49,M,1,72220,Salaried,13,2,23482,Education Loan,329985,120,Own,579238,Bhusawal,Andhra Pradesh
CUST-2026-01696,Anita Chanda,DJYAC3260Z,37,F,3,85408,Salaried,3,0,0,Car Loan,2188617,84,Family,168097,Bhusawal,Jharkhand
CUST-2026-01697,Nandini Bhalla,IRMYY6286F,41,F,2,31696,Retired,6,0,0,Business Loan,4981471,36,Own,878148,Cuttack,Mizoram
CUST-2026-01698,Upadhriti Sood,SDKIN5075I,22,F,0,49964,Salaried,0,1,7626,Car Loan,2271948,48,Rent,851108,Udaipur,Haryana
CUST-2026-01699,Chatura Prabhu,RHOQU9826B,49,M,3,60101,Salaried,7,0,0,Car Loan,430496,48,Rent,566319,Nadiad,Karnataka
CUST-2026-01700,Ikbal Chawla,CZOBC1650V,26,F,2,38701,Salaried,3,0,0,Education Loan,4608238,120,Own,624823,Jammu,Rajasthan
CUST-2026-01701,Ayaan Khatri,BNFTT8519P,37,M,1,38369,Salaried,15,1,11706,Personal Loan,347635,24,Own,812432,Madanapalle,Assam
CUST-2026-01702,Dhruv Kakar,RQXPD6539B,33,M,3,24747,Salaried,12,0,0,Home Loan,10764390,120,Own,507762,Hosur,Jharkhand
CUST-2026-01703,Saksham Bali,VOXZZ6344S,31,M,2,85919,Professional,9,0,0,Marriage Loan,1470540,24,Own,307726,Tirupati,Punjab
CUST-2026-01704,Veda Bath,SGQQI7091O,32,M,2,48404,Salaried,10,1,9542,Business Loan,9390266,36,Own,607072,Guwahati,Haryana
CUST-2026-01705,Abhiram Parikh,LPHVQ6724M,37,M,2,17585,Salaried,2,0,0,Car Loan,1684147,60,Own,555141,Tiruchirappalli,Arunachal Pradesh
CUST-2026-01706,Divya Raman,LNMMN9024W,56,F,3,38891,Self-Employed,28,1,13217,Education Loan,864865,84,Family,567389,Sikar,Tripura
CUST-2026-01707,Garima Reddy,ACXLC0582W,51,M,2,37235,Self-Employed,3,1,11686,Home Loan,12668934,120,Own,409538,Bikaner,Telangana
CUST-2026-01708,Arjun Raja,FFBCW7534H,31,M,5,24232,Salaried,1,0,0,Car Loan,1799902,60,Own,720733,Ambala,Telangana
CUST-2026-01709,Max Sheth,XLKAM2119O,56,M,3,40546,Self-Employed,22,0,0,Personal Loan,1017150,36,Rent,206758,Ramagundam,Meghalaya
CUST-2026-01710,Lohit Dyal,VZQEW9629N,31,M,1,81480,Self-Employed,1,2,8334,Home Loan,6355738,180,Own,190478,Ahmednagar,Assam
CUST-2026-01711,Harinakshi Mannan,GOBHM0589B,27,F,1,123463,Professional,0,0,0,Personal Loan,1843426,12,Family,394003,Sultan Pur Majra,Mizoram
CUST-2026-01712,William Joshi,UUSHY7964K,57,F,0,50461,Homemaker,28,3,18361,Personal Loan,171882,24,Rent,739592,Thane,Kerala
CUST-2026-01713,Gunbir Aurora,RRKCS4887F,32,F,2,31622,Business,2,0,0,Car Loan,1394457,36,Own,386250,Jamnagar,Punjab
CUST-2026-01714,Wishi Chandra,UIXBE4583B,38,F,1,15479,Business,3,0,0,Car Loan,388337,36,Rent,813767,Motihari,Chhattisgarh
CUST-2026-01715,Neel Bir,BIDLN4715T,32,F,0,97525,Professional,2,1,25929,Education Loan,357557,60,Rent,999244,Gulbarga,Manipur
CUST-2026-01716,Ekavir Gola,BNXFJ4627Z,56,F,0,99653,Salaried,4,2,10147,Car Loan,1902860,36,Own,121126,Nagercoil,Himachal Pradesh
CUST-2026-01717,Aahana Sathe,RWJYS5089R,37,F,3,61091,Salaried,14,1,16674,Home Loan,14863618,300,Own,194230,Rampur,Tamil Nadu
CUST-2026-01718,Balveer Patla,CSUET2820U,32,F,4,33090,Salaried,6,2,11209,Education Loan,3836198,180,Rent,831483,Amravati,Rajasthan
CUST-2026-01719,Kai Sastry,OEUIP2248M,40,M,1,96731,Salaried,6,0,0,Education Loan,2552066,60,Family,820799,Rewa,West Bengal
CUST-2026-01720,Odika Toor,AJVBB4677M,40,M,0,56739,Self-Employed,4,0,0,Home Loan,3111225,120,Family,675935,Dindigul,Kerala
CUST-2026-01721,Yash Anand,DOWZO3818B,44,F,0,153767,Self-Employed,10,0,0,Car Loan,1888738,36,Own,543430,Kalyan-Dombivli,Manipur
CUST-2026-01722,Nathan Rastogi,OYAPA4842U,29,F,1,108310,Salaried,2,2,31108,Home Loan,6973180,240,Own,954180,Ramagundam,Chhattisgarh
CUST-2026-01723,Turvi Chander,KONZZ2785A,50,F,4,100778,Salaried,28,0,0,Home Loan,2438299,120,Rent,568247,Rajahmundry,West Bengal
CUST-2026-01724,Ikbal Chada,HWRMQ0289U,46,F,2,12000,Business,22,0,0,Personal Loan,1327627,48,Family,512458,Bhind,Kerala
CUST-2026-01725,Ryan Ratti,AYBXU8169K,49,F,3,42557,Self-Employed,18,0,0,Education Loan,3768957,120,Own,307209,Sikar,Goa
CUST-2026-01726,Vedika Kala,NULIF0693K,53,F,1,20718,Self-Employed,17,0,0,Car Loan,402180,84,Own,282607,Ratlam,Karnataka
CUST-2026-01727,Suhani Barad,DZQRW6007J,49,M,1,33722,Salaried,25,0,0,Personal Loan,1460307,36,Own,489002,Raipur,Tamil Nadu
CUST-2026-01728,Tanay Nagarajan,UJOXG2460E,28,M,4,35354,Salaried,3,0,0,Education Loan,4166317,180,Rent,262463,Nandyal,Nagaland
CUST-2026-01729,David Pathak,VDMPH0658S,43,M,3,54042,Salaried,13,0,0,Education Loan,3882079,60,Own,979729,Ghaziabad,Odisha
CUST-2026-01730,Chatura Kakar,SPUJK7375D,31,F,2,32356,Salaried,6,0,0,Personal Loan,226240,36,Family,440425,Bhalswa Jahangir Pur,Uttar Pradesh
CUST-2026-01731,Zayyan Goda,HVFVR5715A,53,F,3,18904,Salaried,15,2,3759,Home Loan,12804295,120,Own,118216,Bhusawal,West Bengal
CUST-2026-01732,Nidhi Bumb,NMVQK7445N,46,F,0,98399,Salaried,8,0,0,Education Loan,2256541,180,Family,559568,Coimbatore,Assam
CUST-2026-01733,Aashi Gour,UPEMB6359E,56,M,2,13461,Salaried,30,0,0,Home Loan,2224135,300,Own,748275,Gurgaon,Jharkhand
CUST-2026-01734,Hema Mishra,UXWNX0940X,28,F,3,34733,Retired,2,1,4587,Business Loan,9634237,60,Own,506783,Tiruchirappalli,Uttarakhand
CUST-2026-01735,Vasatika Soman,CPUZL2002R,51,F,1,61805,Salaried,0,0,0,Education Loan,3971407,84,Own,409353,Karnal,Goa
CUST-2026-01736,Lopa Anne,FRNAS7409T,45,F,3,46654,Salaried,10,1,16003,Car Loan,868317,84,Own,214815,Junagadh,Nagaland
CUST-2026-01737,Ekiya Nadig,USVLD7850C,52,F,2,23029,Salaried,23,1,9198,Personal Loan,983508,60,Own,783622,Solapur,Nagaland
CUST-2026-01738,Xalak Nadig,MPZGF1912Z,33,F,2,58824,Self-Employed,4,2,9795,Education Loan,3037200,180,Family,393221,Berhampore,Andhra Pradesh
CUST-2026-01739,Shravya Dass,HZDPS5346K,25,F,2,17522,Business,3,1,5036,Home Loan,1727376,120,Own,580833,Firozabad,Bihar
CUST-2026-01740,Balhaar Kamdar,KQBRC9221W,53,F,1,17312,Salaried,5,1,6421,Personal Loan,1021451,24,Own,863525,Adoni,Rajasthan
CUST-2026-01741,Krishna Kalita,QGQTE4402M,54,M,2,68368,Retired,19,0,0,Home Loan,10499150,300,Own,485550,Bidar,Telangana
CUST-2026-01742,Kamala Patla,QASDL8860Z,34,F,2,15802,Salaried,4,2,2898,Car Loan,2317628,48,Rent,114265,Jhansi,Kerala
CUST-2026-01743,Xalak Shah,XWWDT4276Z,36,F,2,20379,Business,10,0,0,Business Loan,4671120,12,Own,607624,Aizawl,Andhra Pradesh
CUST-2026-01744,Pooja Virk,YEKKV9517B,48,F,1,65476,Self-Employed,18,1,21546,Personal Loan,1779164,24,Own,921314,Nagercoil,Maharashtra
CUST-2026-01745,Tara Sangha,ZZXGI5363N,41,F,3,43997,Professional,0,1,10257,Home Loan,1876597,300,Own,264870,Raipur,Tripura
CUST-2026-01746,Rajata Raj,SWEVX5735R,43,F,0,33933,Salaried,15,1,7708,Home Loan,8399631,120,Own,502177,Begusarai,Kerala
CUST-2026-01747,Gagan Chawla,UCYHG9291P,37,F,2,60163,Self-Employed,11,2,11378,Marriage Loan,1210268,24,Rent,162150,Anantapuram,Jharkhand
CUST-2026-01748,Hemang Taneja,STWBZ8916Y,36,F,1,67957,Self-Employed,4,1,16923,Car Loan,2214906,84,Family,633121,Tadepalligudem,Assam
CUST-2026-01749,Bimala Salvi,XRBAO5215S,35,F,4,39809,Self-Employed,12,1,14817,Education Loan,1062134,60,Own,768316,Raiganj,Telangana
CUST-2026-01750,Ishwar Hayre,ENBIJ5538Q,40,M,2,31940,Salaried,13,0,0,Car Loan,2270625,36,Family,913739,Malda,Gujarat
CUST-2026-01751,Ucchal Sachar,RNAWF9236H,45,M,1,36184,Salaried,24,0,0,Home Loan,5949961,240,Own,600103,Amravati,West Bengal
CUST-2026-01752,Udarsh Tripathi,BKQCR0279Q,33,F,2,136758,Self-Employed,3,3,21769,Home Loan,4243713,120,Rent,942725,Chennai,Uttarakhand
CUST-2026-01753,Oeshi Khurana,KFLEG6791K,40,F,2,39984,Salaried,0,0,0,Personal Loan,1403322,12,Rent,246468,Bilaspur,Jharkhand
CUST-2026-01754,Atharv Dube,MREZE5483Z,36,M,4,43912,Salaried,15,0,0,Personal Loan,1709151,24,Own,652233,Patna,Andhra Pradesh
CUST-2026-01755,Gautami Garde,VTAKX1651J,28,F,2,99663,Salaried,5,0,0,Personal Loan,1242650,24,Rent,529190,Kadapa,Uttar Pradesh
CUST-2026-01756,Reyansh Ramaswamy,FHMXW6404L,36,F,4,34562,Salaried,6,0,0,Personal Loan,1254042,24,Own,807453,New Delhi,Odisha
CUST-2026-01757,Kabir Ramakrishnan,JQYFX0640W,41,M,1,14854,Salaried,19,1,4407,Business Loan,9254416,60,Own,115242,Gangtok,Uttarakhand
CUST-2026-01758,Zansi Dutt,HVKEK5630X,22,M,3,85091,Salaried,0,1,23833,Personal Loan,1951830,24,Rent,632128,Sambhal,Telangana
CUST-2026-01759,Yamini Dani,HRGUC7329S,51,M,2,65703,Salaried,27,1,21134,Car Loan,1108725,36,Own,792631,Navi Mumbai,Maharashtra
CUST-2026-01760,Ekantika Jani,WFQNA4315L,58,F,1,31028,Salaried,30,1,5413,Education Loan,3947658,60,Rent,582349,Bhilwara,Rajasthan
CUST-2026-01761,Advay Dua,QUSRU9702I,27,M,3,47505,Retired,3,0,0,Home Loan,6161096,240,Own,190921,Indore,Assam
CUST-2026-01762,Aryan De,SPMZC0056Z,62,M,0,14881,Salaried,12,1,5268,Car Loan,1955951,60,Rent,311936,Aurangabad,Andhra Pradesh
CUST-2026-01763,Tristan Mishra,JVFVM8737J,46,M,1,100584,Self-Employed,3,0,0,Car Loan,398255,84,Rent,988388,Gaya,Manipur
CUST-2026-01764,Charan Maharaj,MWBKK0480S,29,M,4,58127,Business,6,0,0,Home Loan,11155303,300,Own,168896,Burhanpur,Gujarat
CUST-2026-01765,Indrajit Sharaf,KAYKB4688E,26,M,1,69042,Business,3,0,0,Car Loan,1150318,36,Rent,408944,Lucknow,Assam
CUST-2026-01766,Barkha Lala,FJKNK6942Q,41,M,0,66121,Salaried,15,0,0,Personal Loan,1116277,60,Own,925461,Aligarh,Punjab
CUST-2026-01767,Janaki Johal,SCVJT5001R,30,M,0,58311,Salaried,7,2,17461,Home Loan,4761477,180,Own,268742,Solapur,Goa
CUST-2026-01768,Odika Borah,REVFC9429C,30,F,3,12000,Self-Employed,1,1,3040,Home Loan,14789681,240,Own,402087,Pallavaram,Madhya Pradesh
CUST-2026-01769,Keya Murthy,HGURO3622E,47,M,3,66563,Salaried,0,0,0,Business Loan,1307973,36,Own,430105,Bhagalpur,Meghalaya
CUST-2026-01770,Chanchal Anne,XBYHW4683D,37,M,5,70761,Salaried,1,0,0,Personal Loan,943286,12,Rent,977031,Nanded,Rajasthan
CUST-2026-01771,Idika Sule,ZOHRG6469K,37,F,2,77486,Homemaker,13,2,23109,Home Loan,1999946,240,Rent,890180,Kochi,Goa
CUST-2026-01772,Jairaj Hans,IHYKQ1293Q,44,M,1,25011,Self-Employed,16,2,3257,Car Loan,2125377,48,Rent,829596,Kozhikode,Punjab
CUST-2026-01773,Zarna Vala,DDXMT0336N,55,M,5,13449,Salaried,4,2,4660,Car Loan,1190248,60,Family,985625,Jorhat,Punjab
CUST-2026-01774,Ishwar Kalla,DIWMP7639G,38,M,2,137433,Salaried,8,0,0,Education Loan,966746,84,Rent,114387,Thrissur,Tripura
CUST-2026-01775,Fiyaz Date,DIEIR7126D,41,F,5,72323,Professional,6,0,0,Home Loan,14218713,180,Rent,363980,Durgapur,Andhra Pradesh
CUST-2026-01776,George Pall,KGRUS0871J,45,F,3,42216,Salaried,13,0,0,Home Loan,4809779,180,Own,122915,Ongole,Himachal Pradesh
CUST-2026-01777,Rajata Vala,EQWYS3535V,25,M,2,12000,Salaried,1,1,4752,Personal Loan,997508,12,Rent,899239,Bhind,Tamil Nadu
CUST-2026-01778,Rudra Mand,CXHYM3365V,29,M,3,37975,Salaried,3,2,14215,Business Loan,910292,24,Rent,914235,Chandrapur,Madhya Pradesh
CUST-2026-01779,Noah Jha,DUFRP8363G,36,F,0,54176,Salaried,10,0,0,Home Loan,11286558,120,Rent,848675,Ballia,Madhya Pradesh
CUST-2026-01780,Pallavi Magar,FHKGG9563G,46,F,3,22267,Salaried,5,1,5367,Home Loan,4335890,180,Own,798708,Bhiwani,Telangana
CUST-2026-01781,Pushti Iyengar,QBDPZ3315W,38,F,0,67291,Salaried,8,0,0,Home Loan,7948069,180,Rent,269345,Moradabad,Uttarakhand
CUST-2026-01782,Shivani Ganesh,RJHDI5557A,37,M,3,18478,Self-Employed,11,0,0,Car Loan,2041339,48,Own,146241,Dindigul,Odisha
CUST-2026-01783,Chaaya Wali,GZNNI5527G,43,F,3,45863,Business,14,0,0,Personal Loan,415784,24,Rent,136914,Dharmavaram,Arunachal Pradesh
CUST-2026-01784,Pranit Naidu,YUBPR5828W,48,F,1,24838,Salaried,25,1,6532,Marriage Loan,973836,24,Family,929293,Ludhiana,Kerala
CUST-2026-01785,Elijah Kale,WMMPS6219L,31,F,2,31522,Salaried,4,0,0,Personal Loan,1216308,12,Own,661142,Secunderabad,Maharashtra
CUST-2026-01786,Dipta Das,WMIOC0380G,41,F,1,56962,Salaried,16,0,0,Education Loan,342282,120,Own,366375,Serampore,Sikkim
CUST-2026-01787,Tanay Shroff,CBZVL6132U,24,F,1,12000,Salaried,3,0,0,Business Loan,2226751,12,Rent,346189,Hyderabad,Andhra Pradesh
CUST-2026-01788,Lekha Mander,HQCSV0414B,30,M,2,41625,Salaried,9,1,13337,Business Loan,2026264,36,Own,902270,Muzaffarpur,Odisha
CUST-2026-01789,Harshil Mall,JCKED9085M,41,F,2,76839,Salaried,13,1,14390,Personal Loan,1911053,36,Own,326856,Hajipur,Punjab
CUST-2026-01790,Radhika Nadkarni,LBWPY7203U,55,F,1,90556,Salaried,23,2,12348,Home Loan,12531463,180,Own,525033,Chapra,Tamil Nadu
CUST-2026-01791,Chandran Tak,FCINS0511M,49,F,2,64214,Salaried,18,0,0,Education Loan,2089850,120,Rent,320358,Davanagere,Uttarakhand
CUST-2026-01792,Jagdish Dash,TXJVN6728J,37,M,0,27593,Self-Employed,8,0,0,Home Loan,14612649,120,Own,378094,Panipat,Meghalaya
CUST-2026-01793,Leela Khalsa,OPKAP8709D,42,M,0,12000,Salaried,4,0,0,Home Loan,7796527,240,Own,657674,Ghaziabad,Manipur
CUST-2026-01794,Aayush Shenoy,QNYZT6357U,54,M,2,111298,Salaried,0,0,0,Home Loan,8067482,180,Rent,816363,Anantapuram,Odisha
CUST-2026-01795,Balveer Nazareth,FMTCH1984V,39,F,3,27738,Salaried,17,3,4089,Business Loan,4314610,60,Rent,465845,Sambhal,Jharkhand
CUST-2026-01796,Girish Sagar,QALPH1392Z,53,F,4,35987,Salaried,18,0,0,Home Loan,10894113,120,Own,768642,Coimbatore,Rajasthan
CUST-2026-01797,Hiral Ratta,RLDFA2470F,36,M,2,16959,Salaried,0,1,3001,Home Loan,2451041,120,Own,561524,Panipat,Telangana
CUST-2026-01798,Maya Misra,MGAKZ4072F,34,F,1,22556,Salaried,6,0,0,Home Loan,1972528,240,Own,182629,Kumbakonam,Assam
CUST-2026-01799,Kashvi Chauhan,QZLCV7922N,39,F,1,12000,Self-Employed,12,1,1623,Home Loan,14305152,180,Rent,553847,Kumbakonam,Tamil Nadu
CUST-2026-01800,Liam Cheema,QZYGZ9514A,49,F,2,34935,Salaried,10,2,12587,Home Loan,7422215,120,Rent,191536,Nashik,Andhra Pradesh
CUST-2026-01801,Gaurang Halder,DGYRS7355D,51,M,2,26016,Salaried,10,1,3478,Home Loan,10370326,180,Own,459767,Kamarhati,Karnataka
CUST-2026-01802,Charles Lad,TOVFX2144Z,50,M,3,225190,Business,27,2,48046,Home Loan,8765605,300,Own,125698,Siwan,Telangana
CUST-2026-01803,Daksha Borde,PZHXH9285D,35,M,2,128667,Self-Employed,11,0,0,Home Loan,9714245,120,Rent,146705,Bhubaneswar,Uttar Pradesh
CUST-2026-01804,Anamika Garde,PPMEJ7272I,52,M,2,87321,Salaried,9,0,0,Education Loan,2862779,120,Own,555237,Pudukkottai,Himachal Pradesh
CUST-2026-01805,Eiravati Divan,IALNW1553W,56,F,3,61336,Retired,10,0,0,Education Loan,1116115,120,Own,354920,Jamshedpur,Chhattisgarh
CUST-2026-01806,Wridesh Sridhar,LGGRM5095I,39,F,0,23685,Salaried,3,0,0,Home Loan,12920387,240,Own,359292,Amroha,Tripura
CUST-2026-01807,Vasudha Kara,LYELG5877J,30,M,1,101993,Salaried,6,1,14881,Car Loan,574221,36,Rent,410890,Parbhani,Sikkim
CUST-2026-01808,Ira Kibe,KMSAW5621D,28,F,4,81237,Salaried,3,0,0,Home Loan,8150945,240,Rent,534176,Sagar,Assam
CUST-2026-01809,Warda Bhasin,DHKSO7442M,33,F,2,13784,Salaried,8,3,3545,Business Loan,9027110,12,Rent,813588,Solapur,Sikkim
CUST-2026-01810,Lekha Guha,NZHAF7672S,25,F,1,13881,Self-Employed,4,0,0,Car Loan,860763,48,Rent,321207,Thrissur,Gujarat
CUST-2026-01811,Yoshita Munshi,WYMDS6871C,28,M,2,43652,Salaried,7,0,0,Personal Loan,903797,60,Rent,323349,Mau,Meghalaya
CUST-2026-01812,Yamini Cherian,GNBST4053A,34,M,2,13196,Salaried,0,2,1680,Home Loan,9665174,120,Own,793319,Malda,Tripura
CUST-2026-01813,Sneha Varghese,NRLQP5959B,37,F,4,71343,Salaried,10,1,15266,Personal Loan,925453,48,Rent,292069,Bharatpur,Chhattisgarh
CUST-2026-01814,Arunima Sampath,VKNDY7013Q,47,M,4,231382,Self-Employed,16,0,0,Car Loan,1761177,48,Rent,366992,Maheshtala,Gujarat
CUST-2026-01815,Manan Shenoy,RHMZH9859I,35,M,1,132934,Self-Employed,12,0,0,Marriage Loan,915378,48,Rent,177652,Gangtok,Goa
CUST-2026-01816,Triveni Grover,EVOZL0981O,33,M,5,77049,Retired,3,1,11903,Home Loan,8989936,240,Rent,532256,New Delhi,Bihar
CUST-2026-01817,Indira Lanka,HSPGF8476P,36,F,0,29234,Self-Employed,10,1,6858,Car Loan,506514,84,Own,607568,Fatehpur,Himachal Pradesh
CUST-2026-01818,Simon Dora,GBZYN6438F,45,F,2,31222,Salaried,15,1,11716,Car Loan,879217,60,Family,639638,Raichur,Bihar
CUST-2026-01819,Chatresh Sastry,VEIYO9977H,30,F,0,24214,Salaried,5,2,5615,Car Loan,561046,48,Own,612676,Danapur,Madhya Pradesh
CUST-2026-01820,Lavanya Sami,OATIW0486S,36,F,1,25000,Salaried,0,0,0,Car Loan,677600,48,Own,971916,Navi Mumbai,Himachal Pradesh
CUST-2026-01821,Patrick Majumdar,HJBXK4345G,37,M,3,12000,Self-Employed,7,0,0,Car Loan,998217,84,Rent,726619,Maheshtala,Gujarat
CUST-2026-01822,Ikbal Bedi,STVDO0043D,41,M,4,86466,Self-Employed,0,1,21566,Home Loan,7160363,240,Rent,658795,Kadapa,Mizoram
CUST-2026-01823,Ishwar Bera,SCCFT8889K,35,M,2,29746,Salaried,0,2,5669,Home Loan,13136998,240,Own,595515,Bhubaneswar,Rajasthan
CUST-2026-01824,Harrison Majumdar,PPLKS5798D,36,F,1,77393,Salaried,5,0,0,Car Loan,1287620,48,Rent,435369,Mathura,Arunachal Pradesh
CUST-2026-01825,Harrison Kannan,WWPWE7686W,38,F,2,54582,Retired,9,1,9719,Car Loan,879290,84,Own,701141,Katni,Haryana
CUST-2026-01826,Onveer Jani,KUWOD2324O,32,M,4,71820,Business,5,0,0,Car Loan,428156,36,Rent,469283,Shimla,Telangana
CUST-2026-01827,Aarush Chandra,FDYHP4454K,50,M,2,31625,Salaried,15,3,11134,Personal Loan,1737247,60,Rent,785032,Kavali,Kerala
CUST-2026-01828,Onkar Murty,NJPKH1632R,47,M,3,24285,Professional,17,1,9664,Personal Loan,1941960,36,Own,882555,Farrukhabad,Goa
CUST-2026-01829,Gaurangi Shah,XHBHH4101J,38,F,2,45637,Professional,9,0,0,Personal Loan,728537,60,Own,870044,Rourkela,Sikkim
CUST-2026-01830,Gaurika Bail,WGDGU2599A,32,M,2,39633,Salaried,7,2,6635,Personal Loan,631468,12,Rent,204757,Bhalswa Jahangir Pur,Chhattisgarh
CUST-2026-01831,Aditya Pandey,MAERQ8613O,31,F,2,64859,Self-Employed,0,1,18677,Personal Loan,1057280,48,Own,864534,Solapur,Goa
CUST-2026-01832,Urmi Choudhary,KTTWK4225G,49,F,2,21465,Salaried,7,0,0,Marriage Loan,1111640,12,Rent,300103,Unnao,Meghalaya
CUST-2026-01833,Vedant Vohra,VOLUF2988S,47,M,1,67046,Self-Employed,19,1,16637,Home Loan,5742364,300,Own,958467,Tezpur,Arunachal Pradesh
CUST-2026-01834,Harish Modi,XEAAR1023A,42,F,1,18436,Salaried,17,1,2467,Personal Loan,1862016,60,Rent,377033,Siliguri,Mizoram
CUST-2026-01835,Indali Kurian,AHYYQ3661N,32,F,2,38092,Salaried,1,1,7388,Home Loan,14680755,240,Own,425063,Bidhannagar,Uttar Pradesh
CUST-2026-01836,Tara Arya,IECGU4908W,38,M,2,21820,Professional,6,2,4035,Home Loan,7015101,300,Family,755454,Nizamabad,Sikkim
CUST-2026-01837,Zarna Sule,EKVFQ4782X,43,M,3,39737,Salaried,17,0,0,Personal Loan,1891648,48,Family,810833,Barasat,Uttarakhand
CUST-2026-01838,Manbir Roy,YTQSN6868G,26,M,1,68375,Homemaker,3,1,21110,Home Loan,12822374,120,Own,741236,Kadapa,Bihar
CUST-2026-01839,Widisha Balasubramanian,CTUZH7782Y,34,F,3,22871,Business,2,2,6652,Personal Loan,936751,12,Rent,646015,Ajmer,West Bengal
CUST-2026-01840,Gaurav Hari,TRIHS0066U,32,M,2,32902,Business,5,0,0,Personal Loan,1173393,24,Rent,164307,Karimnagar,Haryana
CUST-2026-01841,Parth Lanka,HIZPG8756I,36,M,2,74644,Salaried,6,1,12560,Car Loan,304441,48,Own,671141,Panipat,Madhya Pradesh
CUST-2026-01842,Omisha Majumdar,AATQT2168E,43,M,2,62442,Salaried,1,3,24600,Car Loan,363302,60,Rent,720093,Bathinda,Sikkim
CUST-2026-01843,Jason Sant,TLRVV5672A,24,F,2,73926,Salaried,3,2,23939,Car Loan,2388032,60,Own,471864,Kalyan-Dombivli,Jharkhand
CUST-2026-01844,Bhavya Choudhary,IEWNP5085R,40,F,0,48849,Self-Employed,17,0,0,Business Loan,9380992,12,Rent,703354,Tezpur,Uttar Pradesh
CUST-2026-01845,Mason Virk,WEITQ0210R,36,F,2,69978,Salaried,12,1,27805,Personal Loan,87173,48,Rent,468060,Siliguri,Andhra Pradesh
CUST-2026-01846,Bhavya Bhattacharyya,XBKXX8920M,48,F,2,40708,Self-Employed,17,2,14957,Home Loan,9647639,240,Family,805218,Avadi,Jharkhand
CUST-2026-01847,Banjeet Kalla,QOCOQ6117Y,49,F,2,43662,Salaried,9,1,8550,Education Loan,2455830,60,Rent,356968,Kanpur,Uttar Pradesh
CUST-2026-01848,Damini Ahluwalia,MZMOJ4417A,35,M,2,23167,Salaried,2,2,2992,Marriage Loan,922726,48,Rent,397926,Meerut,Jharkhand
CUST-2026-01849,Zayan Devi,ZYBYH8336G,39,M,4,15391,Salaried,12,0,0,Business Loan,4211227,24,Own,276030,Mumbai,Maharashtra
CUST-2026-01850,Gabriel Madan,GHDJU0464O,56,F,0,25592,Self-Employed,3,0,0,Home Loan,3692840,240,Own,885407,Ambala,Kerala
CUST-2026-01851,Bina Kanda,KMWLI6435H,38,M,0,57615,Salaried,17,1,9192,Personal Loan,1006511,12,Rent,914673,Bhiwani,Chhattisgarh
CUST-2026-01852,Libni Sami,QQVFV4274F,48,M,2,37362,Self-Employed,24,1,8315,Education Loan,897239,60,Rent,907916,Raichur,Arunachal Pradesh
CUST-2026-01853,Deepa Ghose,WAEYM3427T,31,M,2,12000,Salaried,3,0,0,Personal Loan,1192045,24,Own,595500,Bhilwara,Madhya Pradesh
CUST-2026-01854,Ryan Krishna,VNCUE3220Y,36,F,3,18831,Salaried,10,0,0,Car Loan,891664,48,Own,993622,North Dumdum,Odisha
CUST-2026-01855,Charvi Mody,WBZRU9104W,53,F,2,116340,Salaried,22,0,0,Home Loan,7662862,120,Own,846193,Begusarai,Chhattisgarh
CUST-2026-01856,Qadim Prashad,DKFQC0795Q,35,M,0,46205,Retired,10,2,11428,Business Loan,4408740,36,Own,460042,Tezpur,Assam
CUST-2026-01857,Riya Munshi,EMZII4355W,42,F,2,67024,Salaried,7,0,0,Personal Loan,701924,48,Rent,461990,Jalandhar,Uttar Pradesh
CUST-2026-01858,Prisha Shukla,VCRAP7967Z,37,F,3,34634,Professional,1,0,0,Home Loan,12708387,180,Rent,885526,Bhind,Mizoram
CUST-2026-01859,Avi Sama,BCQQZ3682Y,27,M,2,54317,Salaried,5,0,0,Business Loan,3032474,36,Rent,548897,Surendranagar Dudhrej,Maharashtra
CUST-2026-01860,Xavier Vala,SKBVX0953C,38,F,0,74899,Homemaker,0,0,0,Personal Loan,1652105,60,Own,864597,Srikakulam,Assam
CUST-2026-01861,Chatresh Ramaswamy,XGSMD8420N,42,M,1,27655,Salaried,1,1,10936,Car Loan,1343658,60,Rent,419114,Udupi,Kerala
CUST-2026-01862,Zarna Sharma,ESBIG7349H,32,F,1,53954,Salaried,11,0,0,Car Loan,1022460,60,Own,814662,Chennai,Chhattisgarh
CUST-2026-01863,Anamika Chhabra,QZTGZ4781M,28,M,1,12000,Homemaker,7,0,0,Car Loan,1415485,36,Own,219352,Guwahati,Uttarakhand
CUST-2026-01864,Garima Bhat,RQHGL7800Z,49,F,2,18877,Salaried,5,0,0,Car Loan,2235146,36,Own,831079,Ramagundam,Karnataka
CUST-2026-01865,Warhi Deshpande,LMUFP5681I,52,F,2,42973,Salaried,16,0,0,Home Loan,12681847,180,Own,588295,Kurnool,Bihar
CUST-2026-01866,Abeer Sundaram,LVICG1760D,34,F,3,98136,Salaried,13,0,0,Home Loan,7616790,180,Own,620870,Barasat,Haryana
CUST-2026-01867,Aadi Dua,NHZSR1414P,32,F,3,56449,Business,10,0,0,Personal Loan,1768319,24,Family,438606,Raipur,Punjab
CUST-2026-01868,Yug Jayaraman,OYANR0885X,44,F,2,44509,Business,19,0,0,Personal Loan,1478472,48,Own,621132,Saharsa,Punjab
CUST-2026-01869,Mahika Bhakta,MGDKI4101R,29,M,3,32298,Self-Employed,6,0,0,Personal Loan,119072,24,Rent,367012,Nagpur,Bihar
CUST-2026-01870,Qarin Keer,YLDZW7676U,51,F,2,48929,Business,27,1,13931,Personal Loan,64526,24,Own,458316,Machilipatnam,Bihar
CUST-2026-01871,Jatin Sankaran,EJBWS9900Y,29,M,0,73661,Salaried,2,2,14085,Business Loan,8341285,60,Family,520610,Pudukkottai,Uttarakhand
CUST-2026-01872,Wridesh Garde,TGPSK5765U,43,M,2,12034,Business,22,1,4680,Education Loan,1497583,180,Own,674069,Udaipur,Chhattisgarh
CUST-2026-01873,Bimala Mann,XQGRQ8046A,42,F,2,12516,Self-Employed,7,2,2723,Car Loan,2499801,60,Rent,265723,Fatehpur,Mizoram
CUST-2026-01874,Jhalak Maharaj,OQEBM7566I,34,F,2,49730,Self-Employed,9,1,5908,Marriage Loan,1378678,36,Own,600751,Giridih,Sikkim
CUST-2026-01875,Omaja Sandal,BWKOU9350P,33,F,4,42685,Salaried,12,1,13050,Personal Loan,617174,60,Own,992553,Aligarh,Madhya Pradesh
CUST-2026-01876,Jai Ramachandran,RIIDX1386L,42,M,3,54399,Salaried,0,0,0,Business Loan,5285274,24,Family,799540,Anantapuram,Chhattisgarh
CUST-2026-01877,Brijesh Pant,JDSHQ6760L,51,F,2,75834,Salaried,19,1,7630,Home Loan,13152812,120,Own,331317,Visakhapatnam,Andhra Pradesh
CUST-2026-01878,Aditya Dutt,VNMLG8062O,28,M,2,293674,Salaried,4,1,36001,Personal Loan,804009,48,Rent,277076,Berhampore,Chhattisgarh
CUST-2026-01879,Yochana Bhatnagar,BEFIW4329N,28,M,4,75170,Self-Employed,4,1,29630,Home Loan,1740903,240,Family,251154,Karnal,Kerala
CUST-2026-01880,Tripti Dey,WJSLJ9556J,61,M,4,87021,Homemaker,11,1,20073,Home Loan,10038313,300,Rent,512836,Nagercoil,Goa
CUST-2026-01881,Veda Puri,QZHLH1633X,51,F,1,34388,Self-Employed,10,2,7348,Home Loan,11930464,240,Own,388403,Singrauli,Himachal Pradesh
CUST-2026-01882,Kai Naik,LWRJO1596H,35,M,2,16924,Self-Employed,13,0,0,Home Loan,8108570,120,Own,786267,Ramgarh,Meghalaya
CUST-2026-01883,Ekansh Bath,SLUHV3859S,52,M,1,63664,Business,28,0,0,Home Loan,10220836,120,Family,858504,Bhimavaram,Odisha
CUST-2026-01884,Hitesh Tata,CQCXR8393V,38,M,2,28570,Salaried,6,3,7866,Education Loan,3475211,84,Rent,548213,Ahmednagar,Andhra Pradesh
CUST-2026-01885,Warjas Cheema,UWFBZ0382E,26,F,1,80286,Salaried,5,0,0,Personal Loan,1805793,60,Rent,781292,North Dumdum,Sikkim
CUST-2026-01886,David Krishna,FMGWC5639D,53,F,4,60766,Homemaker,14,0,0,Car Loan,694566,48,Own,204863,Bidar,Goa
CUST-2026-01887,Kavya Balan,HIMXT9847K,30,M,3,106261,Self-Employed,3,0,0,Car Loan,2465653,36,Family,299924,Srinagar,Bihar
CUST-2026-01888,Krishna Deol,BZAQM2222N,28,F,2,45671,Salaried,0,0,0,Home Loan,5802271,120,Own,889732,Moradabad,Goa
CUST-2026-01889,Vritti Sarma,ICSWG6798D,21,F,4,12421,Salaried,0,1,3856,Home Loan,10681880,300,Own,289365,Thiruvananthapuram,Rajasthan
CUST-2026-01890,Neel Saraf,MWGXY9880M,37,M,2,98815,Salaried,9,1,15434,Car Loan,894381,48,Own,796962,Kamarhati,Sikkim
CUST-2026-01891,Gopal Jani,AJOXZ2394Q,52,M,5,31442,Self-Employed,15,0,0,Personal Loan,461715,36,Own,625706,Chandigarh,Uttarakhand
CUST-2026-01892,Nikita Bora,WSMYV8906X,34,M,2,25280,Salaried,9,1,4961,Personal Loan,866942,60,Rent,155923,Kolkata,Arunachal Pradesh
CUST-2026-01893,Ranveer Johal,PPZBK5358X,58,F,2,92335,Salaried,25,0,0,Car Loan,1942818,60,Rent,650881,Dehri,Karnataka
CUST-2026-01894,Ishanvi Devi,LOVCW3257Z,44,M,1,27299,Salaried,0,0,0,Home Loan,2574981,120,Family,976770,Orai,Odisha
CUST-2026-01895,Krisha Bobal,UQYHD7120H,48,F,5,108311,Salaried,26,0,0,Home Loan,8398079,120,Own,860542,Bahraich,Uttar Pradesh
CUST-2026-01896,Harrison Dalal,MCYIT6919N,43,M,0,48052,Salaried,21,0,0,Personal Loan,748164,12,Rent,986794,Warangal,Odisha
CUST-2026-01897,Arin Kapur,FBHOA4538H,30,F,3,61396,Self-Employed,6,0,0,Business Loan,9515333,60,Rent,490530,Faridabad,Meghalaya
CUST-2026-01898,Ishita Bir,FEDIP5444R,34,M,2,28936,Homemaker,6,0,0,Personal Loan,933733,12,Rent,928644,Chandrapur,Uttarakhand
CUST-2026-01899,Wyatt Vasa,FSCNY1139M,45,M,2,21206,Salaried,13,0,0,Home Loan,4621790,180,Family,343925,Tumkur,West Bengal
CUST-2026-01900,Indrajit Sinha,IEPEV3658S,29,M,3,81881,Retired,0,2,30714,Home Loan,6162395,240,Own,436631,Silchar,Punjab
CUST-2026-01901,Oviya Lal,WOVXW2559L,31,M,4,63813,Salaried,2,1,12579,Home Loan,9202095,240,Own,316309,Patna,Himachal Pradesh
CUST-2026-01902,Samarth Narayan,OBSEV4276A,47,M,3,113860,Salaried,24,0,0,Personal Loan,611967,36,Rent,488965,Allahabad,Gujarat
CUST-2026-01903,Elijah Banik,COTYJ3575V,22,M,2,29331,Salaried,1,0,0,Car Loan,2256132,60,Own,759878,Noida,Tripura
CUST-2026-01904,Varenya Dayal,UTBTJ7130N,49,F,3,161088,Self-Employed,10,2,60507,Personal Loan,1733695,36,Family,218322,Erode,Kerala
CUST-2026-01905,Watika Tripathi,GLGVV3170K,42,F,2,53030,Self-Employed,18,2,20862,Home Loan,6752537,300,Own,147123,Vasai-Virar,Himachal Pradesh
CUST-2026-01906,Chavvi Kari,DVGUB0695U,32,M,1,39400,Retired,4,2,15334,Personal Loan,1926359,24,Rent,472000,Chinsurah,Haryana
CUST-2026-01907,Ladli Badami,QJHNQ8097O,53,F,1,23742,Self-Employed,8,1,4681,Car Loan,2244237,36,Own,792126,Indore,Andhra Pradesh
CUST-2026-01908,Krishna Dass,NHPAH5867B,38,M,3,60736,Salaried,9,1,6376,Car Loan,1547013,48,Own,884784,Faridabad,Nagaland
CUST-2026-01909,Jack Sarma,HXCBL6290Z,36,M,2,185895,Professional,5,3,37150,Personal Loan,486209,12,Rent,544371,Jamalpur,Maharashtra
CUST-2026-01910,Hemal Sarkar,QGGFY3032E,34,M,1,31548,Salaried,5,0,0,Car Loan,2106288,84,Family,485101,Nagercoil,Bihar
CUST-2026-01911,Advaith Karan,LWMCF3113U,55,F,0,23661,Salaried,12,0,0,Marriage Loan,356197,12,Own,853811,Ahmednagar,Arunachal Pradesh
CUST-2026-01912,Dakshesh Bose,XEADT5937F,50,F,0,16753,Salaried,10,0,0,Home Loan,13223339,120,Rent,633515,Kanpur,Maharashtra
CUST-2026-01913,Barkha Bassi,RXPRO7850Y,33,M,2,30867,Self-Employed,6,1,5188,Car Loan,1265679,48,Own,213951,Bahraich,Arunachal Pradesh
CUST-2026-01914,Brinda Dayal,VQNLX7359T,44,F,3,56847,Business,19,0,0,Personal Loan,1709550,60,Own,844848,Madanapalle,Karnataka
CUST-2026-01915,Faraj Bose,LPKLH0039F,29,F,1,12500,Business,2,0,0,Home Loan,4414395,300,Own,854313,Nangloi Jat,Punjab
CUST-2026-01916,Thomas Sawhney,LBMNX2062L,39,M,2,35941,Salaried,13,0,0,Car Loan,2467007,48,Rent,587644,Shimla,Himachal Pradesh
CUST-2026-01917,Yash Vyas,CVXPZ7638M,27,M,1,41496,Salaried,5,0,0,Car Loan,651888,84,Rent,126937,Ambarnath,Tamil Nadu
CUST-2026-01918,Chatura Pal,RRZKM7052Z,26,F,4,39991,Salaried,0,1,4025,Personal Loan,1360268,12,Rent,299299,Hosur,Himachal Pradesh
CUST-2026-01919,Samar Devan,QIXRB2463W,31,F,0,35607,Retired,6,0,0,Personal Loan,792854,12,Rent,137797,Parbhani,Maharashtra
CUST-2026-01920,Jason Pradhan,DFBBA1696B,44,M,2,110042,Salaried,9,0,0,Home Loan,11128671,240,Rent,995233,Farrukhabad,Uttarakhand
CUST-2026-01921,Ria Setty,DYLHV6974K,36,M,2,83790,Self-Employed,9,1,25962,Home Loan,9776464,240,Rent,358524,Vadodara,Telangana
CUST-2026-01922,Anamika Mall,ISGOA1524R,34,M,1,80158,Business,11,2,18907,Education Loan,3173055,84,Family,760951,Panchkula,Bihar
CUST-2026-01923,Darpan Mallick,YMNEL0804C,36,F,3,42058,Salaried,10,2,9373,Home Loan,12596320,300,Own,737528,Dewas,Odisha
CUST-2026-01924,Lavanya Rajagopalan,AMMNU3835P,50,M,0,100069,Salaried,4,2,18430,Business Loan,7295017,12,Rent,754369,Shimla,West Bengal
CUST-2026-01925,Ladli Gour,ZRWDC3779F,51,F,1,19729,Self-Employed,22,2,5237,Personal Loan,960521,24,Own,287107,Rajahmundry,Manipur
CUST-2026-01926,Dalaja Balay,IOVXW6886O,44,M,3,14813,Business,13,0,0,Car Loan,896072,36,Rent,726303,Katihar,Sikkim
CUST-2026-01927,Adweta Kalita,TWRTX3609B,59,F,1,50844,Salaried,7,1,14201,Car Loan,653406,60,Own,344732,Indore,Nagaland
CUST-2026-01928,Prisha Bhandari,AEYEM9382X,38,F,1,83045,Salaried,12,1,11734,Personal Loan,506795,36,Own,710233,Mau,Tripura
CUST-2026-01929,Bhavna Warrior,WNQNE3783E,56,M,1,38257,Salaried,16,2,10524,Home Loan,1831042,300,Family,557950,Begusarai,Uttar Pradesh
CUST-2026-01930,Nicholas Raj,OFWFG9960D,46,M,2,22303,Professional,20,1,8143,Home Loan,7149700,120,Rent,712157,Chapra,Manipur
CUST-2026-01931,Avni Mahal,RFMMP9677W,63,F,2,38697,Self-Employed,12,1,7557,Home Loan,10826336,180,Family,471291,Mira-Bhayandar,Manipur
CUST-2026-01932,Geetika Rana,PQGHC2751U,37,F,4,89130,Salaried,7,2,17994,Education Loan,790888,84,Rent,266204,Hosur,Assam
CUST-2026-01933,Zashil Arora,QULLL3071X,37,F,1,31820,Professional,7,1,5359,Home Loan,4855432,240,Rent,172464,Mirzapur,Arunachal Pradesh
CUST-2026-01934,Aishani Gola,TCLFQ4765Y,33,F,3,59937,Salaried,3,3,8219,Home Loan,5748060,300,Own,483596,Jehanabad,Bihar
CUST-2026-01935,Aditya Shukla,MFTBW3067T,47,M,4,30538,Salaried,10,0,0,Personal Loan,1508332,48,Rent,890749,Pune,Manipur
CUST-2026-01936,Nilima Bhardwaj,NQZMM3029P,34,M,3,51918,Self-Employed,12,0,0,Education Loan,2968665,180,Rent,577780,Nangloi Jat,Arunachal Pradesh
CUST-2026-01937,Devansh Sastry,VUZEF6434Y,46,F,1,103290,Self-Employed,0,1,27751,Personal Loan,392627,48,Rent,946382,Bally,Odisha
CUST-2026-01938,Warda Datta,HYEBP4384M,32,F,0,99300,Homemaker,9,0,0,Car Loan,1801690,60,Own,798603,Bally,Goa
CUST-2026-01939,Viraj Contractor,OXDWL8362U,34,M,2,55079,Salaried,11,2,10893,Education Loan,723757,120,Family,646287,Siliguri,Haryana
CUST-2026-01940,Edhitha Barman,UBPZG8734Q,58,F,1,15346,Self-Employed,14,2,3500,Personal Loan,701652,36,Family,295325,Udaipur,Rajasthan
CUST-2026-01941,Aarini Babu,CLLMY0818F,35,M,2,41236,Business,4,2,6975,Car Loan,1589086,84,Rent,218633,Ghaziabad,Nagaland
CUST-2026-01942,Wahab Palla,DLWSL3637Q,26,F,1,22590,Salaried,0,0,0,Personal Loan,501937,12,Rent,994453,Panvel,Sikkim
CUST-2026-01943,Isaiah Vaidya,ZYLBR1802V,44,F,2,78484,Salaried,14,1,28464,Personal Loan,314154,36,Rent,793938,Guna,Bihar
CUST-2026-01944,Kamya Sagar,HBUGI1288D,40,F,2,28842,Self-Employed,6,3,5363,Personal Loan,165680,12,Rent,308295,Kurnool,Assam
CUST-2026-01945,Aryan Narain,ZLALQ9681D,57,F,3,45541,Salaried,2,1,18097,Personal Loan,226674,48,Own,742985,Ichalkaranji,Assam
CUST-2026-01946,Kavya Singhal,GXTZV0132M,47,F,4,32170,Salaried,12,2,5860,Car Loan,334045,48,Family,366720,Thanjavur,Punjab
CUST-2026-01947,Chaitanya Mannan,NSJFB8823M,36,M,1,58108,Business,14,0,0,Home Loan,13292401,300,Own,559415,Nanded,Jharkhand
CUST-2026-01948,Dhriti Vaidya,HRSXN1691E,48,M,3,143244,Salaried,25,3,29426,Car Loan,2118570,48,Own,982835,Aligarh,Chhattisgarh
CUST-2026-01949,Bachittar Doctor,WTCVG2276B,47,F,3,54809,Salaried,22,1,14483,Home Loan,11240254,240,Own,749450,Thrissur,Tamil Nadu
CUST-2026-01950,Yahvi Sahota,SPETZ8918Y,36,F,2,17400,Self-Employed,15,0,0,Home Loan,3822041,120,Own,268361,Solapur,Madhya Pradesh
CUST-2026-01951,Urmi Vohra,ASWAZ6685C,42,F,2,125083,Salaried,13,1,16499,Personal Loan,864214,60,Own,359021,Dehri,Nagaland
CUST-2026-01952,Robert Memon,WDZGI6665Y,48,M,1,81701,Professional,13,0,0,Car Loan,1398865,48,Own,881089,Ratlam,Mizoram
CUST-2026-01953,Vihaan Shah,OAVJO5239A,43,M,2,67965,Self-Employed,2,0,0,Home Loan,9722596,300,Own,843332,Latur,Haryana
CUST-2026-01954,Nimrat Pathak,HPJVF2620S,52,M,2,45555,Salaried,28,3,15395,Home Loan,13946921,300,Own,513704,New Delhi,Karnataka
CUST-2026-01955,Janaki Sule,EIZOT5985Z,35,M,2,16109,Retired,12,0,0,Home Loan,14827604,240,Family,891209,Karaikudi,Assam
CUST-2026-01956,Victor Dass,AITXT6709S,33,F,0,35028,Self-Employed,5,0,0,Marriage Loan,948344,24,Own,406553,Sultan Pur Majra,Punjab
CUST-2026-01957,Abha Mangat,QRJBN8683W,30,M,2,54114,Self-Employed,9,0,0,Car Loan,1979303,84,Own,137846,Vellore,Nagaland
CUST-2026-01958,Nilima Sama,FMTDJ5556Q,25,M,2,70693,Salaried,4,2,17700,Car Loan,1138424,36,Own,134859,Kochi,Karnataka
CUST-2026-01959,Rudra Gole,YABBC7708A,34,M,2,70805,Salaried,3,0,0,Home Loan,11440944,240,Rent,233305,Ramgarh,Mizoram
CUST-2026-01960,Omya Lall,HIIWS3330I,25,F,2,23668,Salaried,1,1,7817,Home Loan,3236962,120,Family,720969,Rourkela,Manipur
CUST-2026-01961,Bahadurjit Sankar,IPCUC0852I,27,M,2,103279,Self-Employed,4,1,12333,Home Loan,2482410,180,Rent,237043,Salem,Tripura
CUST-2026-01962,Yutika Wagle,VBCEF9045M,45,M,2,12000,Business,4,0,0,Education Loan,3663913,120,Rent,846829,Srinagar,Andhra Pradesh
CUST-2026-01963,Neelima Khurana,HXENT2609Q,33,F,2,34671,Salaried,3,1,6615,Car Loan,1589459,36,Own,432209,Raichur,Madhya Pradesh
CUST-2026-01964,Gayathri Chokshi,MMYDB9599X,43,M,1,59896,Salaried,4,0,0,Car Loan,1051315,36,Own,636307,Kochi,Tamil Nadu
CUST-2026-01965,Saumya Rege,MDHGN9650F,37,M,2,28595,Salaried,11,0,0,Car Loan,1335231,60,Own,210693,Srinagar,Telangana
CUST-2026-01966,Vansha Desai,VNCZC3737H,24,M,2,60999,Salaried,2,1,14093,Personal Loan,355365,12,Own,461908,Junagadh,Rajasthan
CUST-2026-01967,Max Amble,CGQNW0839E,26,M,3,33461,Salaried,0,0,0,Home Loan,8618456,240,Rent,303897,Giridih,Telangana
CUST-2026-01968,Ekani Sarna,EKPQH0386Z,45,F,4,31702,Salaried,12,1,10920,Personal Loan,1593568,60,Family,839633,Malda,Odisha
CUST-2026-01969,Chameli Tak,QHIRU6101Z,32,F,2,100792,Salaried,9,0,0,Home Loan,2172087,300,Own,221107,Jalandhar,Goa
CUST-2026-01970,Bhavika Naidu,FKZBZ7663J,49,M,3,30796,Salaried,20,1,5344,Home Loan,10759473,120,Rent,353584,Phusro,Karnataka
CUST-2026-01971,Benjamin Kade,BFDQY5041M,53,F,2,57706,Self-Employed,10,2,9372,Home Loan,9789419,300,Own,721213,Mangalore,Madhya Pradesh
CUST-2026-01972,Hardik Palan,JARJS6098Q,51,F,1,46205,Salaried,12,1,8003,Car Loan,1479243,84,Rent,631001,Ramgarh,Maharashtra
CUST-2026-01973,Anusha Sur,HOKZL1545X,32,F,1,51437,Salaried,3,0,0,Education Loan,3605890,180,Own,164694,Kochi,Jharkhand
CUST-2026-01974,Aashi Cherian,XRGQC5853P,37,F,2,28508,Salaried,13,0,0,Personal Loan,661706,36,Rent,595295,Gulbarga,Manipur
CUST-2026-01975,Samuel Trivedi,SPSML0363G,33,F,1,26443,Self-Employed,10,0,0,Personal Loan,1302361,48,Rent,141350,Ajmer,Haryana
CUST-2026-01976,Robert Ahuja,OOJRG3366K,24,M,0,12000,Salaried,1,0,0,Marriage Loan,1332602,24,Own,302349,Bhopal,Tripura
CUST-2026-01977,Baghyawati Sandhu,ETUAD2025B,50,M,2,25799,Salaried,4,2,5884,Car Loan,953047,60,Own,432757,Uluberia,Meghalaya
CUST-2026-01978,Sudiksha Merchant,GEDOK8670X,36,F,1,27076,Salaried,13,0,0,Home Loan,4356164,240,Own,711440,Saharsa,Telangana
CUST-2026-01979,Wakeeta Lall,GXBXA0815M,21,F,0,96050,Self-Employed,1,2,26639,Home Loan,12731372,240,Own,526201,Raiganj,Bihar
CUST-2026-01980,Irya Brar,MUXKI4296G,37,M,1,110646,Salaried,5,0,0,Car Loan,2255585,60,Own,504588,Alwar,Assam
CUST-2026-01981,Naksh Tripathi,MQYWX5742R,32,M,1,44091,Salaried,1,1,5150,Business Loan,8174117,24,Own,698627,Aurangabad,Telangana
CUST-2026-01982,Divya Barad,UAJRP9539E,45,M,0,68433,Business,14,3,23314,Education Loan,4527948,60,Own,176837,Malda,Karnataka
CUST-2026-01983,Ranveer Banik,AVYSK3733O,31,F,1,12000,Business,6,1,3777,Home Loan,6175089,300,Rent,539667,Saharsa,Maharashtra
CUST-2026-01984,Krisha Kannan,JBZWR6920X,40,M,2,48535,Salaried,9,1,6121,Personal Loan,1334834,12,Own,811909,Sambalpur,Rajasthan
CUST-2026-01985,Max Sundaram,UVGLE7323Z,25,F,1,42464,Self-Employed,3,0,0,Business Loan,6038982,12,Own,543643,Bilaspur,Sikkim
CUST-2026-01986,Karan Issac,RMBCV5137V,35,F,2,93166,Salaried,9,1,22573,Car Loan,1948020,48,Own,305178,Mehsana,Uttarakhand
CUST-2026-01987,Aarush Saraf,WZKMJ4129L,36,M,2,33141,Salaried,4,2,7356,Personal Loan,198245,60,Own,939050,Hazaribagh,Rajasthan
CUST-2026-01988,Pranav Barad,OWKKQ0943K,49,M,2,25929,Self-Employed,25,0,0,Personal Loan,872849,12,Own,775341,Proddatur,Assam
CUST-2026-01989,Wahab Palla,QOGFU2624O,31,M,0,91661,Salaried,9,0,0,Car Loan,366087,60,Rent,116006,Srikakulam,Maharashtra
CUST-2026-01990,Brinda Sundaram,MKWPS7978Q,49,F,3,29833,Salaried,13,3,11229,Personal Loan,1882983,60,Own,275469,Dewas,Meghalaya
CUST-2026-01991,Vasana Merchant,NPNTP5002M,31,F,0,37398,Salaried,9,2,13761,Personal Loan,1372516,48,Family,807087,Khora ,Meghalaya
CUST-2026-01992,Oni Sekhon,DSSEX1331B,44,F,1,29791,Business,5,0,0,Personal Loan,335392,48,Rent,945988,Gorakhpur,Bihar
CUST-2026-01993,Patrick Shetty,ZUKOE9878H,47,F,2,67721,Salaried,14,0,0,Home Loan,13321587,300,Own,846427,Khandwa,Karnataka
CUST-2026-01994,Kabir Sule,XDAET1759K,30,F,2,34587,Salaried,6,1,11304,Home Loan,12911819,120,Rent,332505,Sri Ganganagar,Karnataka
CUST-2026-01995,Wahab Balakrishnan,JQTBY3854X,54,M,3,111914,Self-Employed,27,1,15342,Marriage Loan,1060761,48,Rent,488187,Ghaziabad,Uttarakhand
CUST-2026-01996,Nilima Bhat,GEPWE1442I,30,M,2,68706,Self-Employed,4,0,0,Personal Loan,1597598,36,Own,822895,Guna,Jharkhand
CUST-2026-01997,Nisha Raman,RWRAG4130F,29,M,0,25849,Homemaker,1,2,9088,Personal Loan,1055738,24,Family,207145,Bhilwara,Nagaland
CUST-2026-01998,Abha Bhagat,YCFQT9790O,40,F,2,66710,Salaried,6,0,0,Car Loan,402323,60,Own,881802,Khandwa,Uttar Pradesh
CUST-2026-01999,Chakradev Morar,GQNXI1859W,57,M,3,12000,Salaried,11,0,0,Personal Loan,1521306,36,Family,331436,Muzaffarnagar,Himachal Pradesh
CUST-2026-02000,Samuel Choudhary,JDOOR0569N,43,M,2,49510,Self-Employed,8,0,0,Personal Loan,137146,24,Family,428390,Korba,Manipur
